year,ward_no,ward_name,circle,zone,mean_ndvi,mean_lst_c
2016,127,RANGAREDDY NAGAR,25-QUTUBULLAPUR,KUKATPALLY ZONE,0.1499904531470298,39.69815021050962
2016,119,OLD BOWENPALLY,24-KUKATPALLY,KUKATPALLY ZONE,0.1511460459305567,39.05289522339023
2016,145,SEETHAPHALMANDI,29-SECUNDERABAD,SECUNDERABAD ZONE,0.1024115395862569,41.15919525977415
2016,146,BOUDHA NAGAR,29-SECUNDERABAD,SECUNDERABAD ZONE,0.0898632386030147,41.510923848763966
2016,147,BANSILALPET,30-BEGUMPET,SECUNDERABAD ZONE,0.1529140440326978,40.433743305347825
2016,144,METTUGUDA,29-SECUNDERABAD,SECUNDERABAD ZONE,0.2310229683482183,39.192686024342244
2016,148,RAMGOPALPET,30-BEGUMPET,SECUNDERABAD ZONE,0.1147227150126457,40.21705439427116
2016,150,MONDA  MARKET,30-BEGUMPET,SECUNDERABAD ZONE,0.1337852043914752,39.652747583185814
2016,136,NEREDMET,28-MALKAJGIRI,SECUNDERABAD ZONE,0.2260044024637948,38.261363177272116
2016,141,GOUTHAM NAGAR,28-MALKAJGIRI,SECUNDERABAD ZONE,0.1473170493026065,39.35523195433769
2016,140,MALKAJGIRI,28-MALKAJGIRI,SECUNDERABAD ZONE,0.1562081491861972,38.60300269810407
2016,139,EAST ANAND BAGH,28-MALKAJGIRI,SECUNDERABAD ZONE,0.2127880637124403,38.99745455161518
2016,142,ADDAGUTTA,29-SECUNDERABAD,SECUNDERABAD ZONE,0.2018522333260629,39.251211809247884
2016,137,VINAYAK NAGAR,28-MALKAJGIRI,SECUNDERABAD ZONE,0.148506605774512,38.61825670002966
2016,134,ALWAL,27-ALWAL,KUKATPALLY ZONE,0.1805350165832152,38.979151978197166
2016,132,JEEDIMETLA,25-QUTUBULLAPUR,KUKATPALLY ZONE,0.2175888196221032,39.65909485946876
2016,CONTONMENT AREA,,CANTONMENT AREA,,0.1996801270330474,41.018947170446395
2016,120,BALA NAGAR,24-KUKATPALLY,KUKATPALLY ZONE,0.2893257172034695,37.402033662407526
2016,130,SUBHASH NAGAR,25-QUTUBULLAPUR,KUKATPALLY ZONE,0.1539407201289846,41.50551581558885
2016,131,QUTHBULLAPUR,25-QUTUBULLAPUR,KUKATPALLY ZONE,0.1949027983152179,38.85806293051256
2016,121,KUKATPALLY,24-KUKATPALLY,KUKATPALLY ZONE,0.1395294036006999,38.99671875485919
2016,125,GAJULARAMARAM,26-GAJULARAMARAM,KUKATPALLY ZONE,0.1937512053107455,39.123476988821686
2016,124,ALLYWN COLONY,24-KUKATPALLY,KUKATPALLY ZONE,0.1684125910294664,38.04872710373057
2016,114,K.P.H.B.COLONY,23-MOOSAPET,KUKATPALLY ZONE,0.1938060293707319,38.81004857074436
2016,116,ALLAPUR,23-MOOSAPET,KUKATPALLY ZONE,0.1759066130586269,38.943878618592294
2016,115,BALAJI NAGAR,23-MOOSAPET,KUKATPALLY ZONE,0.2493468790885934,37.33924277456651
2016,117,MOOSAPET,23-MOOSAPET,KUKATPALLY ZONE,0.1163550073982563,39.67270467440692
2016,105,GACHIBOWLI,20-SERILINGAMPALLY,SERILINGAMPALLY ZONE,0.2707008326214987,40.091597387793776
2016,110,CHANDANAGAR,21-CHANDA NAGAR,SERILINGAMPALLY ZONE,0.2025528085397103,38.06582047149441
2016,111,BHARATHI NAGAR,22-RAMACHANDRAPURAM & PATANCHERUVU,SERILINGAMPALLY ZONE,0.194913790817646,39.78455847903543
2016,106,SERILINGAMPALLY,20-SERILINGAMPALLY,SERILINGAMPALLY ZONE,0.2521137903553009,39.29648317430072
2016,104,KONDAPUR,20-SERILINGAMPALLY,SERILINGAMPALLY ZONE,0.1972739979058188,39.42337590853356
2016,109,HAFEEZPET,21-CHANDA NAGAR,SERILINGAMPALLY ZONE,0.1726104673926026,39.42852231645508
2016,118,FATEH NAGAR,23-MOOSAPET,KUKATPALLY ZONE,0.1448360647074106,39.445966048285946
2016,143,TARNAKA,29-SECUNDERABAD,SECUNDERABAD ZONE,0.1976589017069294,39.632406731510194
2016,8,HABSIGUDA,2-UPPAL,L.B.NAGAR ZONE,0.2663573080386465,38.79061451328151
2016,40,RIYASATNAGAR,8-CHANDRAYANGUTTA,CHARMINAR ZONE,0.1230309968531562,40.92509148956978
2016,36,LALITHABAGH,8-CHANDRAYANGUTTA,CHARMINAR ZONE,0.1120920290365412,41.31391939262536
2016,34,TALABCHANCHALAM,7-SANTOSH NAGAR,CHARMINAR ZONE,0.0598703768207147,43.02825194559168
2016,22,CHAITHANYAPURI,5-SAROOR NAGAR,L.B.NAGAR ZONE,0.1652336399807053,40.56461224048913
2016,37,KURMAGUDA,7-SANTOSH NAGAR,CHARMINAR ZONE,0.1041783711083311,42.67824723365273
2016,31,REIN BAZAR,7-SANTOSH NAGAR,CHARMINAR ZONE,0.0747574063061289,43.23264692684739
2016,29,CHAWANI,6-MALAKPET,CHARMINAR ZONE,0.1224973388563909,41.73653577592316
2016,38,I.S.SADAN,7-SANTOSH NAGAR,CHARMINAR ZONE,0.1455764133114244,39.94984369622493
2016,18,LINGOJIGUDA,4-LB. NAGAR,L.B.NAGAR ZONE,0.140009338482666,42.201770911344624
2016,16,HASTHINAPURAM,4-LB. NAGAR,L.B.NAGAR ZONE,0.1918444434163843,42.55495511791622
2016,20,R.K.PURAM,5-SAROOR NAGAR,L.B.NAGAR ZONE,0.1322777003805069,41.53132926656302
2016,19,SAROORNAGAR,5-SAROOR NAGAR,L.B.NAGAR ZONE,0.135841591758278,41.52707229113959
2016,14,B.N.REDDY NAGAR,3-HAYAT NAGAR,L.B.NAGAR ZONE,0.2563728023853022,42.00283449690447
2016,12,MANSOORABAD,3-HAYAT NAGAR,L.B.NAGAR ZONE,0.2364730124327705,42.27858276109162
2016,21,KOTHAPET,5-SAROOR NAGAR,L.B.NAGAR ZONE,0.1628279770526949,41.375994802780376
2016,11,NAGOLE,3-HAYAT NAGAR,L.B.NAGAR ZONE,0.2685531108113104,40.43643113035174
2016,10,UPPAL,2-UPPAL,L.B.NAGAR ZONE,0.2476558475621365,40.338267853920776
2016,GRAMPANCHAYAT PEERZADI GUDA,,GRAMPANCHAYAT PEERZADIGUDA,,0.1567954368534048,38.54850321967397
2016,KALAVANCHA GRAM PANCHAYATH,,KALAVANCHA GRAMPANCHAYATH,,0.1786770422595058,41.74492579054184
2016,13,HAYATHNAGAR,3-HAYAT NAGAR,L.B.NAGAR ZONE,0.2558136040707922,42.55579616261264
2016,15,VANASTHALIPURAM,4-LB. NAGAR,L.B.NAGAR ZONE,0.1797995081760889,42.295699830959876
2016,26,OLD MALAKPET,6-MALAKPET,CHARMINAR ZONE,0.1799677698382252,40.37457959066747
2016,17,CHAMPAPET,4-LB. NAGAR,L.B.NAGAR ZONE,0.1306879812064007,41.85859541608714
2016,39,SANTOSH NAGAR,7-SANTOSH NAGAR,CHARMINAR ZONE,0.1331543926990546,40.79273258786441
2016,66,LUNGER HOUSE,13-KARWAN,KHAIRATHABAD ZONE,0.2839838585170313,38.58902730917416
2016,112,RAMACHANDRAPURAM,22-RAMACHANDRAPURAM & PATANCHERUVU,SERILINGAMPALLY ZONE,0.195445462789208,39.088451660874334
2016,128,CHINTAL,26-GAJULARAMARAM,KUKATPALLY ZONE,0.236973740199886,39.236261477604295
2016,126,JAGADGIRI GUTTA,26-GAJULARAMARAM,KUKATPALLY ZONE,0.154824130564531,38.86782377528927
2016,129,SURARAM,26-GAJULARAMARAM,KUKATPALLY ZONE,0.22236700954433,39.501381425852216
2016,133,MACHABOLARUM,27-ALWAL,KUKATPALLY ZONE,0.2277392079884153,40.00190094053892
2016,138,MOULA-ALI,28-MALKAJGIRI,SECUNDERABAD ZONE,0.1494532495839142,39.063102442971925
2016,107,MADHAPUR,21-CHANDA NAGAR,SERILINGAMPALLY ZONE,0.2000232191986262,39.40531809389291
2016,OU,,OU,,0.3770673860265722,37.581055660361805
2016,149,BEGUMPET,30-BEGUMPET,SECUNDERABAD ZONE,0.208781897443757,39.0435561924447
2016,135,VENKATAPURAM,27-ALWAL,KUKATPALLY ZONE,0.1807558027801269,39.18710038890501
2016,123,HYDER NAGAR,24-KUKATPALLY,KUKATPALLY ZONE,0.1656632222621127,38.67782547359235
2016,122,VIVEKANANDA NAGAR COLONY,24-KUKATPALLY,KUKATPALLY ZONE,0.1155166514731726,38.26599526346597
2016,113,PATANCHERUVU,22-RAMACHANDRAPURAM & PATANCHERUVU,SERILINGAMPALLY ZONE,0.2662510402584779,40.00092095016929
2016,108,MIYAPUR,21-CHANDA NAGAR,SERILINGAMPALLY ZONE,0.2233584798335584,38.530692526939234
2016,41,KANCHANBAGH,8-CHANDRAYANGUTTA,CHARMINAR ZONE,0.3154163239451084,39.33343962300427
2016,7,CHILUKA NAGAR,2-UPPAL,L.B.NAGAR ZONE,0.2251326577104408,38.88703423016424
2016,9,RAMANTHAPUR,2-UPPAL,L.B.NAGAR ZONE,0.2148884510361056,39.25906994345527
2016,25,MOOSARAMBAGH,6-MALAKPET,CHARMINAR ZONE,0.1473739775833399,40.513933295777996
2016,BANDLA GUDA,,BANDLAGUDA,,0.2268638699037191,40.18646294011399
2016,28,AZAMPURA,6-MALAKPET,CHARMINAR ZONE,0.1281332061717554,40.976944116114126
2016,56,KISHAN BAGH,10-FALAKNUMA,CHARMINAR ZONE,0.165840178472234,40.76283743378907
2016,52,PURANAPOOL,9-CHARMINAR,CHARMINAR ZONE,0.0950620419960423,41.66067782909585
2016,59,MAILARDEVPALLY,11-RAJENDRA NAGAR,CHARMINAR ZONE,0.2359764875966342,40.18385109837864
2016,46,FALAKNUMA,10-FALAKNUMA,CHARMINAR ZONE,0.1414779105135869,41.5464813298824
2016,61,ATTAPUR,11-RAJENDRA NAGAR,CHARMINAR ZONE,0.1956312219531814,38.8540593195716
2016,60,RAJENDRANAGAR,11-RAJENDRA NAGAR,CHARMINAR ZONE,0.2993642400355587,39.28779924164557
2016,49,GANSIBAZAR,9-CHARMINAR,CHARMINAR ZONE,0.1080551909949354,41.52416431135846
2016,33,MOGHALPURA,9-CHARMINAR,CHARMINAR ZONE,0.0954569775560953,41.533286911995795
2016,47,NAWABSAHEBKUNTA,10-FALAKNUMA,CHARMINAR ZONE,0.1032059886200394,41.13854673017787
2016,58,SHASTRIPURAM,11-RAJENDRA NAGAR,CHARMINAR ZONE,0.1765442116889247,40.567146960666086
2016,54,JAHANUMA,10-FALAKNUMA,CHARMINAR ZONE,0.1059876992507355,41.59485545708758
2016,48,SHALIBANDA,9-CHARMINAR,CHARMINAR ZONE,0.1076672422764481,41.21415186757587
2016,53,DOODBOWLI,10-FALAKNUMA,CHARMINAR ZONE,0.129129542918631,41.00429352685707
2016,55,RAMNASTPURA,10-FALAKNUMA,CHARMINAR ZONE,0.2965234949411063,35.592494005132124
2016,43,CHANDRAYANGUTTA,8-CHANDRAYANGUTTA,CHARMINAR ZONE,0.1666087664228691,41.48089494134885
2016,44,UPPUGUDA,8-CHANDRAYANGUTTA,CHARMINAR ZONE,0.1179029283211831,41.85188984439099
2016,35,GOWLIPURA,7-SANTOSH NAGAR,CHARMINAR ZONE,0.1013513663906288,41.28613978305151
2016,30,DABEERPURA,6-MALAKPET,CHARMINAR ZONE,0.1152515280052726,41.44712820224661
2016,32,PATHER GATTI,9-CHARMINAR,CHARMINAR ZONE,0.0954192127202333,42.19060939209473
2016,23,GADDIANNARAM,5-SAROOR NAGAR,L.B.NAGAR ZONE,0.1019334179978477,41.61438436327291
2016,24,SAIDABAD,6-MALAKPET,CHARMINAR ZONE,0.157612071383713,40.109323138804754
2016,27,AKBERBAGH,6-MALAKPET,CHARMINAR ZONE,0.1671785574167705,40.61945880694086
2016,45,JANGAMMET,8-CHANDRAYANGUTTA,CHARMINAR ZONE,0.139750412264372,40.55454742412704
2016,42,BARKAS,8-CHANDRAYANGUTTA,CHARMINAR ZONE,0.2341273640897392,39.28593807143481
2016,57,SULEMAN NAGAR,11-RAJENDRA NAGAR,CHARMINAR ZONE,0.2048911191952362,39.77970738986992
2016,74,AHMED NAGAR,12-MEDHDIPATNAM,KHAIRATHABAD ZONE,0.2151216747931769,38.63202985760846
2016,92,VENKATESHWARA COLONY,18-JUBILEE HILLS,KHAIRATHABAD ZONE,0.2317719723340607,37.262012704597936
2016,89,GANDHINAGAR,15-MUSHEERABAD,SECUNDERABAD ZONE,0.1308666806601121,40.52306775930788
2016,75,RED HILLS,12-MEDHDIPATNAM,KHAIRATHABAD ZONE,0.1581385375762679,39.9960207014901
2016,79,HIMAYATNAGAR,16-AMBERPET,SECUNDERABAD ZONE,0.1108818641154742,41.081558493303866
2016,88,BHOLAKPUR,15-MUSHEERABAD,SECUNDERABAD ZONE,0.1011344558563918,41.855184378004644
2016,86,MUSHEERABAD,15-MUSHEERABAD,SECUNDERABAD ZONE,0.1248460875781512,41.08870631263729
2016,85,ADIKMET,15-MUSHEERABAD,SECUNDERABAD ZONE,0.1355520479398272,41.17918394034218
2016,87,RAMNAGAR,15-MUSHEERABAD,SECUNDERABAD ZONE,0.1445049866589386,41.20721106250102
2016,90,KAVADIGUDA,15-MUSHEERABAD,SECUNDERABAD ZONE,0.2064152976929646,40.47396136059237
2016,93,BANJARA HILLS,18-JUBILEE HILLS,KHAIRATHABAD ZONE,0.1721615698658972,38.097860390581204
2016,91,KHAIRTABAD,17-KHAIRATABAD,KHAIRATHABAD ZONE,0.0690376028094951,34.672035130931675
2016,103,BORABANDA,19-YOUSUFGUDA,SERILINGAMPALLY ZONE,0.0909981599451208,39.737239384734565
2016,97,SOMAJIGUDA,17-KHAIRATABAD,KHAIRATHABAD ZONE,0.1442465396365774,38.89396597498307
2016,98,AMEERPET,17-KHAIRATABAD,KHAIRATHABAD ZONE,0.1636363559362706,37.69262282040746
2016,101,ERRAGADDA,19-YOUSUFGUDA,SERILINGAMPALLY ZONE,0.1412000007197494,38.34561217647455
2016,100,SANATH NAGAR,17-KHAIRATABAD,KHAIRATHABAD ZONE,0.1556641385012612,39.6970351683616
2016,99,VENGALRAO NAGAR,19-YOUSUFGUDA,SERILINGAMPALLY ZONE,0.2000027657142757,37.20534969917051
2016,102,RAHAMATH NAGAR,19-YOUSUFGUDA,SERILINGAMPALLY ZONE,0.1042210147256606,39.61808132712832
2016,6,NACHARAM,1-KAPRA,L.B.NAGAR ZONE,0.2105712155301454,39.31364431993707
2016,84,BAGH AMBERPET,16-AMBERPET,SECUNDERABAD ZONE,0.157754974410863,40.2593192235378
2016,81,NALLAKUNTA,16-AMBERPET,SECUNDERABAD ZONE,0.1268366415031595,40.748051365957224
2016,80,KACHIGUDA(Barkathpura),16-AMBERPET,SECUNDERABAD ZONE,0.1132876880120272,41.193129559050924
2016,82,GOLNAKA,16-AMBERPET,SECUNDERABAD ZONE,0.1811383170890398,40.47471618683871
2016,83,AMBERPET,16-AMBERPET,SECUNDERABAD ZONE,0.2224349038356989,40.16677638599274
2016,51,GOSHA MAHAL,14-GOSHAMAHAL,KHAIRATHABAD ZONE,0.1518810748980749,40.95993008710384
2016,68,TOLICHOWKI,13-KARWAN,KHAIRATHABAD ZONE,0.2728851885931806,37.28391765738994
2016,67,GOLCONDA,13-KARWAN,KHAIRATHABAD ZONE,0.2055927962686304,38.93312237001461
2016,77,JAMBAGH(Nampally),14-GOSHAMAHAL,KHAIRATHABAD ZONE,0.111383466748386,41.504578792402825
2016,63,MANGALHAT,14-GOSHAMAHAL,KHAIRATHABAD ZONE,0.1539615721675581,40.642775162794884
2016,71,GUDIMALKAPUR,12-MEDHDIPATNAM,KHAIRATHABAD ZONE,0.1708205715351071,39.700468459337515
2016,70,MEHDIPATNAM,12-MEDHDIPATNAM,KHAIRATHABAD ZONE,0.1279497388365258,38.62694574343841
2016,76,MALLEPALLY,12-MEDHDIPATNAM,KHAIRATHABAD ZONE,0.0970300343067283,40.29910390840472
2016,62,ZIAGUDA,13-KARWAN,KHAIRATHABAD ZONE,0.1459796108879067,40.25163438336359
2016,72,ASIF NAGAR,12-MEDHDIPATNAM,KHAIRATHABAD ZONE,0.103216654807293,40.57787673425051
2016,73,VIJAYANAGAR COLONY,12-MEDHDIPATNAM,KHAIRATHABAD ZONE,0.134644323270715,39.39206359932627
2016,5,MALLAPUR,1-KAPRA,L.B.NAGAR ZONE,0.2344703575798258,39.64137575952113
2016,3,CHERLAPALLY,1-KAPRA,L.B.NAGAR ZONE,0.2399044460270969,39.62746622689791
2016,96,YOUSUFGUDA,19-YOUSUFGUDA,SERILINGAMPALLY ZONE,0.1759120361459696,37.551859996991794
2016,95,JUBILEE HILLS,18-JUBILEE HILLS,KHAIRATHABAD ZONE,0.2253973090339855,37.44709359297619
2016,50,BEGUM BAZAR,14-GOSHAMAHAL,KHAIRATHABAD ZONE,0.1138616018654204,40.97912957656895
2016,78,GUNFOUNDRY(Abids),14-GOSHAMAHAL,KHAIRATHABAD ZONE,0.1489853304732006,40.59723629817704
2016,65,KARWAN,13-KARWAN,KHAIRATHABAD ZONE,0.1556425301458179,40.38176127465928
2016,2,DR.A.S.RAO NAGAR,1-KAPRA,L.B.NAGAR ZONE,0.2126702664356944,38.12963719568686
2016,4,MEERPET H.B.COLONY,1-KAPRA,L.B.NAGAR ZONE,0.2264096251501811,39.07925288447283
2016,1,KAPRA,1-KAPRA,L.B.NAGAR ZONE,0.2300082400443036,37.75241741657729
2016,94,SHAIKPET,18-JUBILEE HILLS,KHAIRATHABAD ZONE,0.1645979204015964,38.955683411173574
2016,64,DATTATHREYA NAGAR,14-GOSHAMAHAL,KHAIRATHABAD ZONE,0.1024269530372081,42.043618074437916
2016,69,NANALNAGAR,13-KARWAN,KHAIRATHABAD ZONE,0.2501032684645,38.658389173580154
2017,127,RANGAREDDY NAGAR,25-QUTUBULLAPUR,KUKATPALLY ZONE,0.1669576143212462,38.89437362039109
2017,119,OLD BOWENPALLY,24-KUKATPALLY,KUKATPALLY ZONE,0.1784822938659855,37.40558565734941
2017,145,SEETHAPHALMANDI,29-SECUNDERABAD,SECUNDERABAD ZONE,0.0986184923535661,38.56249491497749
2017,146,BOUDHA NAGAR,29-SECUNDERABAD,SECUNDERABAD ZONE,0.0874055139398902,38.84366393666352
2017,147,BANSILALPET,30-BEGUMPET,SECUNDERABAD ZONE,0.1510649531247433,38.563323923881505
2017,144,METTUGUDA,29-SECUNDERABAD,SECUNDERABAD ZONE,0.2216794367862818,38.016956509245475
2017,148,RAMGOPALPET,30-BEGUMPET,SECUNDERABAD ZONE,0.11004957444722,38.3212754905988
2017,150,MONDA  MARKET,30-BEGUMPET,SECUNDERABAD ZONE,0.1239618865564109,38.01460634075413
2017,136,NEREDMET,28-MALKAJGIRI,SECUNDERABAD ZONE,0.2532678037600629,36.85368808121645
2017,141,GOUTHAM NAGAR,28-MALKAJGIRI,SECUNDERABAD ZONE,0.1449063624745898,37.85725766206347
2017,140,MALKAJGIRI,28-MALKAJGIRI,SECUNDERABAD ZONE,0.1526607938542978,36.84486025805104
2017,139,EAST ANAND BAGH,28-MALKAJGIRI,SECUNDERABAD ZONE,0.2231941317647086,37.94657807274978
2017,142,ADDAGUTTA,29-SECUNDERABAD,SECUNDERABAD ZONE,0.1906953321930481,38.682713027663105
2017,137,VINAYAK NAGAR,28-MALKAJGIRI,SECUNDERABAD ZONE,0.1478155755633607,37.03132421992844
2017,134,ALWAL,27-ALWAL,KUKATPALLY ZONE,0.1893456201554436,37.239733055910186
2017,132,JEEDIMETLA,25-QUTUBULLAPUR,KUKATPALLY ZONE,0.2613807836291831,36.30465568585469
2017,CONTONMENT AREA,,CANTONMENT AREA,,0.2793623370425195,39.11705288996311
2017,120,BALA NAGAR,24-KUKATPALLY,KUKATPALLY ZONE,0.3134525350701691,36.74224599026065
2017,130,SUBHASH NAGAR,25-QUTUBULLAPUR,KUKATPALLY ZONE,0.1722227027661629,38.78742877502334
2017,131,QUTHBULLAPUR,25-QUTUBULLAPUR,KUKATPALLY ZONE,0.2161391579895844,37.183281134622476
2017,121,KUKATPALLY,24-KUKATPALLY,KUKATPALLY ZONE,0.1471716243574973,38.7696368174594
2017,125,GAJULARAMARAM,26-GAJULARAMARAM,KUKATPALLY ZONE,0.2069132941794102,38.59003388107651
2017,124,ALLYWN COLONY,24-KUKATPALLY,KUKATPALLY ZONE,0.1676831227413446,37.97271853421883
2017,114,K.P.H.B.COLONY,23-MOOSAPET,KUKATPALLY ZONE,0.1945773769905841,38.94413672417546
2017,116,ALLAPUR,23-MOOSAPET,KUKATPALLY ZONE,0.1679732135441791,38.69641646566087
2017,115,BALAJI NAGAR,23-MOOSAPET,KUKATPALLY ZONE,0.2542069108922661,37.26420112965424
2017,117,MOOSAPET,23-MOOSAPET,KUKATPALLY ZONE,0.1119655946233051,39.45904344382076
2017,105,GACHIBOWLI,20-SERILINGAMPALLY,SERILINGAMPALLY ZONE,0.2613857712985227,38.48097139574152
2017,110,CHANDANAGAR,21-CHANDA NAGAR,SERILINGAMPALLY ZONE,0.1946517972340293,38.22533304597722
2017,111,BHARATHI NAGAR,22-RAMACHANDRAPURAM & PATANCHERUVU,SERILINGAMPALLY ZONE,0.1883038395218296,37.878018183837725
2017,106,SERILINGAMPALLY,20-SERILINGAMPALLY,SERILINGAMPALLY ZONE,0.2376146077247077,38.477926514615085
2017,104,KONDAPUR,20-SERILINGAMPALLY,SERILINGAMPALLY ZONE,0.1680497960284816,38.619116206397976
2017,109,HAFEEZPET,21-CHANDA NAGAR,SERILINGAMPALLY ZONE,0.1665533336879802,38.8793567293901
2017,118,FATEH NAGAR,23-MOOSAPET,KUKATPALLY ZONE,0.1441782684637675,38.830531370953324
2017,143,TARNAKA,29-SECUNDERABAD,SECUNDERABAD ZONE,0.1925554629947788,37.59941678385098
2017,8,HABSIGUDA,2-UPPAL,L.B.NAGAR ZONE,0.2516880797091183,37.818673783270846
2017,40,RIYASATNAGAR,8-CHANDRAYANGUTTA,CHARMINAR ZONE,0.0952533406412949,38.6963533197568
2017,36,LALITHABAGH,8-CHANDRAYANGUTTA,CHARMINAR ZONE,0.0923801872676855,39.36672747736541
2017,34,TALABCHANCHALAM,7-SANTOSH NAGAR,CHARMINAR ZONE,0.0450238794197479,39.7458214211711
2017,22,CHAITHANYAPURI,5-SAROOR NAGAR,L.B.NAGAR ZONE,0.1453864427986538,38.459384331031465
2017,37,KURMAGUDA,7-SANTOSH NAGAR,CHARMINAR ZONE,0.0829932045135242,39.21498710617008
2017,31,REIN BAZAR,7-SANTOSH NAGAR,CHARMINAR ZONE,0.059571413233494,39.314422229479064
2017,29,CHAWANI,6-MALAKPET,CHARMINAR ZONE,0.0936729165419548,39.2397176632014
2017,38,I.S.SADAN,7-SANTOSH NAGAR,CHARMINAR ZONE,0.1295573350836896,37.373990755149244
2017,18,LINGOJIGUDA,4-LB. NAGAR,L.B.NAGAR ZONE,0.1139706226667184,38.664460887045884
2017,16,HASTHINAPURAM,4-LB. NAGAR,L.B.NAGAR ZONE,0.1496511111953123,38.695568653935624
2017,20,R.K.PURAM,5-SAROOR NAGAR,L.B.NAGAR ZONE,0.1241844557971202,38.38087344857599
2017,19,SAROORNAGAR,5-SAROOR NAGAR,L.B.NAGAR ZONE,0.1172096165949535,38.77862148252747
2017,14,B.N.REDDY NAGAR,3-HAYAT NAGAR,L.B.NAGAR ZONE,0.2378876227069122,37.85234919112926
2017,12,MANSOORABAD,3-HAYAT NAGAR,L.B.NAGAR ZONE,0.1980384356225148,38.22735450654562
2017,21,KOTHAPET,5-SAROOR NAGAR,L.B.NAGAR ZONE,0.1447609647028954,38.51599602791997
2017,11,NAGOLE,3-HAYAT NAGAR,L.B.NAGAR ZONE,0.2362474630035436,37.280640551007124
2017,10,UPPAL,2-UPPAL,L.B.NAGAR ZONE,0.2347140882574697,38.29275604257747
2017,GRAMPANCHAYAT PEERZADI GUDA,,GRAMPANCHAYAT PEERZADIGUDA,,0.1555920839679578,37.2606344252459
2017,KALAVANCHA GRAM PANCHAYATH,,KALAVANCHA GRAMPANCHAYATH,,0.1650640614493076,38.105833962688294
2017,13,HAYATHNAGAR,3-HAYAT NAGAR,L.B.NAGAR ZONE,0.2283560383448966,38.83258418465463
2017,15,VANASTHALIPURAM,4-LB. NAGAR,L.B.NAGAR ZONE,0.152549220728577,38.476299959733325
2017,26,OLD MALAKPET,6-MALAKPET,CHARMINAR ZONE,0.161165997598491,38.72792741034427
2017,17,CHAMPAPET,4-LB. NAGAR,L.B.NAGAR ZONE,0.1068714099024459,38.40464334026771
2017,39,SANTOSH NAGAR,7-SANTOSH NAGAR,CHARMINAR ZONE,0.1039005378044827,38.6276580645332
2017,66,LUNGER HOUSE,13-KARWAN,KHAIRATHABAD ZONE,0.2601707236700757,37.59338385976458
2017,112,RAMACHANDRAPURAM,22-RAMACHANDRAPURAM & PATANCHERUVU,SERILINGAMPALLY ZONE,0.192398343043453,38.22163418390723
2017,128,CHINTAL,26-GAJULARAMARAM,KUKATPALLY ZONE,0.2940872304197493,38.07777957224355
2017,126,JAGADGIRI GUTTA,26-GAJULARAMARAM,KUKATPALLY ZONE,0.1546161169838862,38.22093433611467
2017,129,SURARAM,26-GAJULARAMARAM,KUKATPALLY ZONE,0.2552212485673678,37.75521363962134
2017,133,MACHABOLARUM,27-ALWAL,KUKATPALLY ZONE,0.2588924413846305,37.43707347858137
2017,138,MOULA-ALI,28-MALKAJGIRI,SECUNDERABAD ZONE,0.1501151100872285,37.93660509704839
2017,107,MADHAPUR,21-CHANDA NAGAR,SERILINGAMPALLY ZONE,0.1845178818216949,38.83690417470273
2017,OU,,OU,,0.3467330852099846,36.7716436429026
2017,149,BEGUMPET,30-BEGUMPET,SECUNDERABAD ZONE,0.1960256299353346,38.35227181570168
2017,135,VENKATAPURAM,27-ALWAL,KUKATPALLY ZONE,0.1872121600732583,37.628908854481885
2017,123,HYDER NAGAR,24-KUKATPALLY,KUKATPALLY ZONE,0.1728851285520448,38.60811086602302
2017,122,VIVEKANANDA NAGAR COLONY,24-KUKATPALLY,KUKATPALLY ZONE,0.1162907788643919,38.238313420623676
2017,113,PATANCHERUVU,22-RAMACHANDRAPURAM & PATANCHERUVU,SERILINGAMPALLY ZONE,0.2809345091231933,37.79517640409286
2017,108,MIYAPUR,21-CHANDA NAGAR,SERILINGAMPALLY ZONE,0.2313785839596431,38.561037706953904
2017,41,KANCHANBAGH,8-CHANDRAYANGUTTA,CHARMINAR ZONE,0.2640761876732576,37.14036762349847
2017,7,CHILUKA NAGAR,2-UPPAL,L.B.NAGAR ZONE,0.2242969254210462,37.51928515333027
2017,9,RAMANTHAPUR,2-UPPAL,L.B.NAGAR ZONE,0.201144662180791,37.62987498964749
2017,25,MOOSARAMBAGH,6-MALAKPET,CHARMINAR ZONE,0.1311456734489225,38.798491511141926
2017,BANDLA GUDA,,BANDLAGUDA,,0.2386360388227248,39.67334518315474
2017,28,AZAMPURA,6-MALAKPET,CHARMINAR ZONE,0.1035598742732516,38.855576384839736
2017,56,KISHAN BAGH,10-FALAKNUMA,CHARMINAR ZONE,0.1481531516485006,37.61439083304074
2017,52,PURANAPOOL,9-CHARMINAR,CHARMINAR ZONE,0.0728175643637758,38.67415542856546
2017,59,MAILARDEVPALLY,11-RAJENDRA NAGAR,CHARMINAR ZONE,0.2140364955841876,37.89151649201401
2017,46,FALAKNUMA,10-FALAKNUMA,CHARMINAR ZONE,0.11136393486049,39.49253827128575
2017,61,ATTAPUR,11-RAJENDRA NAGAR,CHARMINAR ZONE,0.1646286113666752,37.653172740131374
2017,60,RAJENDRANAGAR,11-RAJENDRA NAGAR,CHARMINAR ZONE,0.2728079631942017,37.00407730333058
2017,49,GANSIBAZAR,9-CHARMINAR,CHARMINAR ZONE,0.0910472433059951,38.68504140080166
2017,33,MOGHALPURA,9-CHARMINAR,CHARMINAR ZONE,0.0736158152340587,39.27073695012806
2017,47,NAWABSAHEBKUNTA,10-FALAKNUMA,CHARMINAR ZONE,0.0847629569163046,39.106677193169425
2017,58,SHASTRIPURAM,11-RAJENDRA NAGAR,CHARMINAR ZONE,0.142621619150704,38.504689977741265
2017,54,JAHANUMA,10-FALAKNUMA,CHARMINAR ZONE,0.0858955264850388,39.03219510533249
2017,48,SHALIBANDA,9-CHARMINAR,CHARMINAR ZONE,0.0902218907098238,38.967842090952146
2017,53,DOODBOWLI,10-FALAKNUMA,CHARMINAR ZONE,0.1035462686882961,38.65536508494371
2017,55,RAMNASTPURA,10-FALAKNUMA,CHARMINAR ZONE,0.1951655591523498,34.383927219105324
2017,43,CHANDRAYANGUTTA,8-CHANDRAYANGUTTA,CHARMINAR ZONE,0.1327424973392453,38.42825971223971
2017,44,UPPUGUDA,8-CHANDRAYANGUTTA,CHARMINAR ZONE,0.093655221141659,39.5734788743078
2017,35,GOWLIPURA,7-SANTOSH NAGAR,CHARMINAR ZONE,0.0855182990604942,39.59875353933386
2017,30,DABEERPURA,6-MALAKPET,CHARMINAR ZONE,0.1004481241031234,38.70921352503012
2017,32,PATHER GATTI,9-CHARMINAR,CHARMINAR ZONE,0.0769271341636252,38.72332672834129
2017,23,GADDIANNARAM,5-SAROOR NAGAR,L.B.NAGAR ZONE,0.0833656617065021,39.20553381223766
2017,24,SAIDABAD,6-MALAKPET,CHARMINAR ZONE,0.1324354429236621,38.340794350259614
2017,27,AKBERBAGH,6-MALAKPET,CHARMINAR ZONE,0.1412568375248049,38.44755134957281
2017,45,JANGAMMET,8-CHANDRAYANGUTTA,CHARMINAR ZONE,0.1176692209651745,38.729564262768356
2017,42,BARKAS,8-CHANDRAYANGUTTA,CHARMINAR ZONE,0.1936630271599875,36.98562735227254
2017,57,SULEMAN NAGAR,11-RAJENDRA NAGAR,CHARMINAR ZONE,0.1668007171975864,38.098854929505414
2017,74,AHMED NAGAR,12-MEDHDIPATNAM,KHAIRATHABAD ZONE,0.1861065154098576,37.312643084517426
2017,92,VENKATESHWARA COLONY,18-JUBILEE HILLS,KHAIRATHABAD ZONE,0.2013404636977693,36.86586462227203
2017,89,GANDHINAGAR,15-MUSHEERABAD,SECUNDERABAD ZONE,0.1136063013225218,38.44080644635376
2017,75,RED HILLS,12-MEDHDIPATNAM,KHAIRATHABAD ZONE,0.1416282445114824,37.70722237150927
2017,79,HIMAYATNAGAR,16-AMBERPET,SECUNDERABAD ZONE,0.0929624388891993,38.829665441783916
2017,88,BHOLAKPUR,15-MUSHEERABAD,SECUNDERABAD ZONE,0.0916659854852818,38.95886148973506
2017,86,MUSHEERABAD,15-MUSHEERABAD,SECUNDERABAD ZONE,0.1211189131620204,38.74531820150552
2017,85,ADIKMET,15-MUSHEERABAD,SECUNDERABAD ZONE,0.1143906695220604,38.69904714070159
2017,87,RAMNAGAR,15-MUSHEERABAD,SECUNDERABAD ZONE,0.122785712383784,39.55846194078966
2017,90,KAVADIGUDA,15-MUSHEERABAD,SECUNDERABAD ZONE,0.1843925870594837,37.951158836223364
2017,93,BANJARA HILLS,18-JUBILEE HILLS,KHAIRATHABAD ZONE,0.1537130266954444,37.22779060880035
2017,91,KHAIRTABAD,17-KHAIRATABAD,KHAIRATHABAD ZONE,0.0523134915399239,32.57157370116503
2017,103,BORABANDA,19-YOUSUFGUDA,SERILINGAMPALLY ZONE,0.0872615404590425,38.85211348390226
2017,97,SOMAJIGUDA,17-KHAIRATABAD,KHAIRATHABAD ZONE,0.1357941773188209,37.58529125151606
2017,98,AMEERPET,17-KHAIRATABAD,KHAIRATHABAD ZONE,0.1531271569420515,37.49954502979156
2017,101,ERRAGADDA,19-YOUSUFGUDA,SERILINGAMPALLY ZONE,0.1305005509501634,38.37127157329335
2017,100,SANATH NAGAR,17-KHAIRATABAD,KHAIRATHABAD ZONE,0.1425099895235971,39.00347962416634
2017,99,VENGALRAO NAGAR,19-YOUSUFGUDA,SERILINGAMPALLY ZONE,0.1862917680463053,37.574334966207495
2017,102,RAHAMATH NAGAR,19-YOUSUFGUDA,SERILINGAMPALLY ZONE,0.1052201337006471,38.664496684534974
2017,6,NACHARAM,1-KAPRA,L.B.NAGAR ZONE,0.2031072557364772,38.035672828510805
2017,84,BAGH AMBERPET,16-AMBERPET,SECUNDERABAD ZONE,0.1344287529980459,38.42332356123036
2017,81,NALLAKUNTA,16-AMBERPET,SECUNDERABAD ZONE,0.1047465954365306,38.724522887815624
2017,80,KACHIGUDA(Barkathpura),16-AMBERPET,SECUNDERABAD ZONE,0.0935547353913508,38.964436796440054
2017,82,GOLNAKA,16-AMBERPET,SECUNDERABAD ZONE,0.1674520096578617,38.19443910911067
2017,83,AMBERPET,16-AMBERPET,SECUNDERABAD ZONE,0.2042932313363244,38.648748870912904
2017,51,GOSHA MAHAL,14-GOSHAMAHAL,KHAIRATHABAD ZONE,0.1336140166836978,37.93792541669078
2017,68,TOLICHOWKI,13-KARWAN,KHAIRATHABAD ZONE,0.2331765253170599,36.71227854173025
2017,67,GOLCONDA,13-KARWAN,KHAIRATHABAD ZONE,0.1863419320127236,37.80708302498992
2017,77,JAMBAGH(Nampally),14-GOSHAMAHAL,KHAIRATHABAD ZONE,0.0899964757999785,38.75832747705096
2017,63,MANGALHAT,14-GOSHAMAHAL,KHAIRATHABAD ZONE,0.128337858425396,37.848044183358745
2017,71,GUDIMALKAPUR,12-MEDHDIPATNAM,KHAIRATHABAD ZONE,0.1476075433066334,38.071224011517714
2017,70,MEHDIPATNAM,12-MEDHDIPATNAM,KHAIRATHABAD ZONE,0.1033678364796122,37.863388963788964
2017,76,MALLEPALLY,12-MEDHDIPATNAM,KHAIRATHABAD ZONE,0.0809594708530837,37.92920256118779
2017,62,ZIAGUDA,13-KARWAN,KHAIRATHABAD ZONE,0.1303846884189315,37.90405240289688
2017,72,ASIF NAGAR,12-MEDHDIPATNAM,KHAIRATHABAD ZONE,0.0860212152398796,38.2025582959057
2017,73,VIJAYANAGAR COLONY,12-MEDHDIPATNAM,KHAIRATHABAD ZONE,0.1181811111048557,37.45842231265922
2017,5,MALLAPUR,1-KAPRA,L.B.NAGAR ZONE,0.2393807081209945,38.572243861974485
2017,3,CHERLAPALLY,1-KAPRA,L.B.NAGAR ZONE,0.2513308798069724,37.991496292954956
2017,96,YOUSUFGUDA,19-YOUSUFGUDA,SERILINGAMPALLY ZONE,0.1649179916055254,37.71079004907954
2017,95,JUBILEE HILLS,18-JUBILEE HILLS,KHAIRATHABAD ZONE,0.2066186712282303,36.98417703472488
2017,50,BEGUM BAZAR,14-GOSHAMAHAL,KHAIRATHABAD ZONE,0.0956229772961373,38.11716554673065
2017,78,GUNFOUNDRY(Abids),14-GOSHAMAHAL,KHAIRATHABAD ZONE,0.1300734279837964,38.30529403939436
2017,65,KARWAN,13-KARWAN,KHAIRATHABAD ZONE,0.1352325085015241,37.97876034765173
2017,2,DR.A.S.RAO NAGAR,1-KAPRA,L.B.NAGAR ZONE,0.2178236604934585,37.503250443686454
2017,4,MEERPET H.B.COLONY,1-KAPRA,L.B.NAGAR ZONE,0.2210356807911364,37.65652133825048
2017,1,KAPRA,1-KAPRA,L.B.NAGAR ZONE,0.2516430764871318,37.358227015643514
2017,94,SHAIKPET,18-JUBILEE HILLS,KHAIRATHABAD ZONE,0.1425708421683464,38.151771041653234
2017,64,DATTATHREYA NAGAR,14-GOSHAMAHAL,KHAIRATHABAD ZONE,0.0862654096408785,38.28849809296424
2017,69,NANALNAGAR,13-KARWAN,KHAIRATHABAD ZONE,0.215471543870553,37.7663965861867
2018,127,RANGAREDDY NAGAR,25-QUTUBULLAPUR,KUKATPALLY ZONE,0.1333070384103415,39.368757876988276
2018,119,OLD BOWENPALLY,24-KUKATPALLY,KUKATPALLY ZONE,0.142527950201491,38.319869315164944
2018,145,SEETHAPHALMANDI,29-SECUNDERABAD,SECUNDERABAD ZONE,0.0878081150497083,38.1696689640098
2018,146,BOUDHA NAGAR,29-SECUNDERABAD,SECUNDERABAD ZONE,0.0790009809829735,38.01146518004545
2018,147,BANSILALPET,30-BEGUMPET,SECUNDERABAD ZONE,0.1293221073644681,38.50665899664268
2018,144,METTUGUDA,29-SECUNDERABAD,SECUNDERABAD ZONE,0.1868218420757188,37.427884247517966
2018,148,RAMGOPALPET,30-BEGUMPET,SECUNDERABAD ZONE,0.0953718151660065,39.824377292341374
2018,150,MONDA  MARKET,30-BEGUMPET,SECUNDERABAD ZONE,0.1080900675838365,38.800539539824264
2018,136,NEREDMET,28-MALKAJGIRI,SECUNDERABAD ZONE,0.2060557368352356,37.458932343190185
2018,141,GOUTHAM NAGAR,28-MALKAJGIRI,SECUNDERABAD ZONE,0.1274034538501919,37.409878263431075
2018,140,MALKAJGIRI,28-MALKAJGIRI,SECUNDERABAD ZONE,0.1325584300838261,37.55244128869835
2018,139,EAST ANAND BAGH,28-MALKAJGIRI,SECUNDERABAD ZONE,0.1809803337826324,37.66882146068313
2018,142,ADDAGUTTA,29-SECUNDERABAD,SECUNDERABAD ZONE,0.1643738612038752,38.12452914556605
2018,137,VINAYAK NAGAR,28-MALKAJGIRI,SECUNDERABAD ZONE,0.1280541387865384,37.59334264457226
2018,134,ALWAL,27-ALWAL,KUKATPALLY ZONE,0.1527405875693657,38.430884861122024
2018,132,JEEDIMETLA,25-QUTUBULLAPUR,KUKATPALLY ZONE,0.18091554816187,37.57388841371094
2018,CONTONMENT AREA,,CANTONMENT AREA,,0.2143841116572553,40.466161025117465
2018,120,BALA NAGAR,24-KUKATPALLY,KUKATPALLY ZONE,0.2468905964106498,37.030034360701784
2018,130,SUBHASH NAGAR,25-QUTUBULLAPUR,KUKATPALLY ZONE,0.133631583992344,39.686509412642984
2018,131,QUTHBULLAPUR,25-QUTUBULLAPUR,KUKATPALLY ZONE,0.1692102828569741,37.697755552789
2018,121,KUKATPALLY,24-KUKATPALLY,KUKATPALLY ZONE,0.1231552045072449,38.81771184799291
2018,125,GAJULARAMARAM,26-GAJULARAMARAM,KUKATPALLY ZONE,0.1480133216759126,39.739490829153475
2018,124,ALLYWN COLONY,24-KUKATPALLY,KUKATPALLY ZONE,0.1353796963959678,38.68145574018345
2018,114,K.P.H.B.COLONY,23-MOOSAPET,KUKATPALLY ZONE,0.1583888360677754,38.57203326876514
2018,116,ALLAPUR,23-MOOSAPET,KUKATPALLY ZONE,0.1390228867133041,39.32211551109285
2018,115,BALAJI NAGAR,23-MOOSAPET,KUKATPALLY ZONE,0.2111984768248105,37.618484128223315
2018,117,MOOSAPET,23-MOOSAPET,KUKATPALLY ZONE,0.1039982903820626,40.0960087814982
2018,105,GACHIBOWLI,20-SERILINGAMPALLY,SERILINGAMPALLY ZONE,0.1991554100198748,38.82880293246034
2018,110,CHANDANAGAR,21-CHANDA NAGAR,SERILINGAMPALLY ZONE,0.1610561690127224,38.895323826824345
2018,111,BHARATHI NAGAR,22-RAMACHANDRAPURAM & PATANCHERUVU,SERILINGAMPALLY ZONE,0.1707468114144433,38.229238440123204
2018,106,SERILINGAMPALLY,20-SERILINGAMPALLY,SERILINGAMPALLY ZONE,0.1841626477942723,38.787524234184026
2018,104,KONDAPUR,20-SERILINGAMPALLY,SERILINGAMPALLY ZONE,0.1376668919210185,38.78152332835827
2018,109,HAFEEZPET,21-CHANDA NAGAR,SERILINGAMPALLY ZONE,0.1387274800597146,38.27758543404607
2018,118,FATEH NAGAR,23-MOOSAPET,KUKATPALLY ZONE,0.1194706612224947,39.27907128684229
2018,143,TARNAKA,29-SECUNDERABAD,SECUNDERABAD ZONE,0.1643173606807123,36.74475882591987
2018,8,HABSIGUDA,2-UPPAL,L.B.NAGAR ZONE,0.2160710073844628,36.4132193113777
2018,40,RIYASATNAGAR,8-CHANDRAYANGUTTA,CHARMINAR ZONE,0.0964586099503942,39.008605260501085
2018,36,LALITHABAGH,8-CHANDRAYANGUTTA,CHARMINAR ZONE,0.0920566232323917,39.90624559715057
2018,34,TALABCHANCHALAM,7-SANTOSH NAGAR,CHARMINAR ZONE,0.0512053340941825,40.44720889480897
2018,22,CHAITHANYAPURI,5-SAROOR NAGAR,L.B.NAGAR ZONE,0.1522586958059908,38.03292825099376
2018,37,KURMAGUDA,7-SANTOSH NAGAR,CHARMINAR ZONE,0.0866530040684119,39.36863683267363
2018,31,REIN BAZAR,7-SANTOSH NAGAR,CHARMINAR ZONE,0.0632216025079625,39.46050517570056
2018,29,CHAWANI,6-MALAKPET,CHARMINAR ZONE,0.0943143029192856,39.3342258854639
2018,38,I.S.SADAN,7-SANTOSH NAGAR,CHARMINAR ZONE,0.1426513950061567,37.71483327213322
2018,18,LINGOJIGUDA,4-LB. NAGAR,L.B.NAGAR ZONE,0.1095601966529159,38.87393477282244
2018,16,HASTHINAPURAM,4-LB. NAGAR,L.B.NAGAR ZONE,0.1361268963112631,39.0787989803314
2018,20,R.K.PURAM,5-SAROOR NAGAR,L.B.NAGAR ZONE,0.1149554386638262,38.64360069885701
2018,19,SAROORNAGAR,5-SAROOR NAGAR,L.B.NAGAR ZONE,0.114770486607175,38.444382189613805
2018,14,B.N.REDDY NAGAR,3-HAYAT NAGAR,L.B.NAGAR ZONE,0.1789004361814144,38.889233567506686
2018,12,MANSOORABAD,3-HAYAT NAGAR,L.B.NAGAR ZONE,0.1713009750323721,39.27854904336903
2018,21,KOTHAPET,5-SAROOR NAGAR,L.B.NAGAR ZONE,0.140188133232248,38.26392126151153
2018,11,NAGOLE,3-HAYAT NAGAR,L.B.NAGAR ZONE,0.1967204032686541,37.694721887999016
2018,10,UPPAL,2-UPPAL,L.B.NAGAR ZONE,0.198724866596183,37.92949028068054
2018,GRAMPANCHAYAT PEERZADI GUDA,,GRAMPANCHAYAT PEERZADIGUDA,,0.1373640505947373,37.38249217393541
2018,KALAVANCHA GRAM PANCHAYATH,,KALAVANCHA GRAMPANCHAYATH,,0.1365763222613108,38.84127147361528
2018,13,HAYATHNAGAR,3-HAYAT NAGAR,L.B.NAGAR ZONE,0.1845302138330682,39.884393679971986
2018,15,VANASTHALIPURAM,4-LB. NAGAR,L.B.NAGAR ZONE,0.1235185342114173,39.08345979864779
2018,26,OLD MALAKPET,6-MALAKPET,CHARMINAR ZONE,0.1553916202933602,37.96288929064799
2018,17,CHAMPAPET,4-LB. NAGAR,L.B.NAGAR ZONE,0.1048469414407782,39.246607493608686
2018,39,SANTOSH NAGAR,7-SANTOSH NAGAR,CHARMINAR ZONE,0.1056367846216349,39.308343827558176
2018,66,LUNGER HOUSE,13-KARWAN,KHAIRATHABAD ZONE,0.2249586619034476,38.40312992547977
2018,112,RAMACHANDRAPURAM,22-RAMACHANDRAPURAM & PATANCHERUVU,SERILINGAMPALLY ZONE,0.158158587066869,39.47099431031044
2018,128,CHINTAL,26-GAJULARAMARAM,KUKATPALLY ZONE,0.2137068214662171,38.74001620353365
2018,126,JAGADGIRI GUTTA,26-GAJULARAMARAM,KUKATPALLY ZONE,0.132387922644738,38.942668844084224
2018,129,SURARAM,26-GAJULARAMARAM,KUKATPALLY ZONE,0.1780906974800961,39.15990461083329
2018,133,MACHABOLARUM,27-ALWAL,KUKATPALLY ZONE,0.1977028495162159,38.762757296543995
2018,138,MOULA-ALI,28-MALKAJGIRI,SECUNDERABAD ZONE,0.127364379023512,38.53226175556011
2018,107,MADHAPUR,21-CHANDA NAGAR,SERILINGAMPALLY ZONE,0.1466655260257079,39.173835490071376
2018,OU,,OU,,0.2913705675066265,35.36005124244801
2018,149,BEGUMPET,30-BEGUMPET,SECUNDERABAD ZONE,0.1748360878986204,39.17473278824635
2018,135,VENKATAPURAM,27-ALWAL,KUKATPALLY ZONE,0.1551089548854089,38.92783282353846
2018,123,HYDER NAGAR,24-KUKATPALLY,KUKATPALLY ZONE,0.1369863088265278,39.75857180531106
2018,122,VIVEKANANDA NAGAR COLONY,24-KUKATPALLY,KUKATPALLY ZONE,0.1050299657507403,37.98447903876111
2018,113,PATANCHERUVU,22-RAMACHANDRAPURAM & PATANCHERUVU,SERILINGAMPALLY ZONE,0.2083995491927916,38.47571329802422
2018,108,MIYAPUR,21-CHANDA NAGAR,SERILINGAMPALLY ZONE,0.1786081578919443,39.45855345660339
2018,41,KANCHANBAGH,8-CHANDRAYANGUTTA,CHARMINAR ZONE,0.2411051786582432,36.98782637836639
2018,7,CHILUKA NAGAR,2-UPPAL,L.B.NAGAR ZONE,0.1847489102767915,36.989227742763966
2018,9,RAMANTHAPUR,2-UPPAL,L.B.NAGAR ZONE,0.1817951238620468,36.49201869364762
2018,25,MOOSARAMBAGH,6-MALAKPET,CHARMINAR ZONE,0.1336801696828949,37.29959117750161
2018,BANDLA GUDA,,BANDLAGUDA,,0.182370686951893,40.143387845336356
2018,28,AZAMPURA,6-MALAKPET,CHARMINAR ZONE,0.1057409363338257,38.913194145671795
2018,56,KISHAN BAGH,10-FALAKNUMA,CHARMINAR ZONE,0.1462684913939727,38.55759436566377
2018,52,PURANAPOOL,9-CHARMINAR,CHARMINAR ZONE,0.0758780570910881,39.6263202483647
2018,59,MAILARDEVPALLY,11-RAJENDRA NAGAR,CHARMINAR ZONE,0.1836403039724503,38.352488844671306
2018,46,FALAKNUMA,10-FALAKNUMA,CHARMINAR ZONE,0.1086604775759148,39.73798337972266
2018,61,ATTAPUR,11-RAJENDRA NAGAR,CHARMINAR ZONE,0.1483183420564275,38.92572568690419
2018,60,RAJENDRANAGAR,11-RAJENDRA NAGAR,CHARMINAR ZONE,0.2217229144447698,37.750200910511055
2018,49,GANSIBAZAR,9-CHARMINAR,CHARMINAR ZONE,0.0942149876237034,39.32801332488251
2018,33,MOGHALPURA,9-CHARMINAR,CHARMINAR ZONE,0.0752419448151045,40.08293597952114
2018,47,NAWABSAHEBKUNTA,10-FALAKNUMA,CHARMINAR ZONE,0.086682218495887,39.45433734136107
2018,58,SHASTRIPURAM,11-RAJENDRA NAGAR,CHARMINAR ZONE,0.1340434585771231,38.911389892404316
2018,54,JAHANUMA,10-FALAKNUMA,CHARMINAR ZONE,0.0864297618574771,39.34005995427918
2018,48,SHALIBANDA,9-CHARMINAR,CHARMINAR ZONE,0.0927300094880308,39.74606256683575
2018,53,DOODBOWLI,10-FALAKNUMA,CHARMINAR ZONE,0.1014981312396631,39.46776385568738
2018,55,RAMNASTPURA,10-FALAKNUMA,CHARMINAR ZONE,0.1607847640852118,34.5545464330866
2018,43,CHANDRAYANGUTTA,8-CHANDRAYANGUTTA,CHARMINAR ZONE,0.1303071048234425,38.70560589689853
2018,44,UPPUGUDA,8-CHANDRAYANGUTTA,CHARMINAR ZONE,0.0898914356359,39.537041024646186
2018,35,GOWLIPURA,7-SANTOSH NAGAR,CHARMINAR ZONE,0.086393273613689,40.08544962420718
2018,30,DABEERPURA,6-MALAKPET,CHARMINAR ZONE,0.1020179374400143,39.181795442884024
2018,32,PATHER GATTI,9-CHARMINAR,CHARMINAR ZONE,0.0808356470287188,39.18914177851416
2018,23,GADDIANNARAM,5-SAROOR NAGAR,L.B.NAGAR ZONE,0.094346435077947,38.93479908887196
2018,24,SAIDABAD,6-MALAKPET,CHARMINAR ZONE,0.1353237238139183,37.7002123998525
2018,27,AKBERBAGH,6-MALAKPET,CHARMINAR ZONE,0.1389573030435156,37.58794499704128
2018,45,JANGAMMET,8-CHANDRAYANGUTTA,CHARMINAR ZONE,0.113465468691507,39.318487331736144
2018,42,BARKAS,8-CHANDRAYANGUTTA,CHARMINAR ZONE,0.1910792244301866,38.157107559545814
2018,57,SULEMAN NAGAR,11-RAJENDRA NAGAR,CHARMINAR ZONE,0.1509739205954849,38.30204731791598
2018,74,AHMED NAGAR,12-MEDHDIPATNAM,KHAIRATHABAD ZONE,0.1686477264661483,38.59703853101649
2018,92,VENKATESHWARA COLONY,18-JUBILEE HILLS,KHAIRATHABAD ZONE,0.1824667567756334,37.632271776190976
2018,89,GANDHINAGAR,15-MUSHEERABAD,SECUNDERABAD ZONE,0.1122577634794149,38.17410533443371
2018,75,RED HILLS,12-MEDHDIPATNAM,KHAIRATHABAD ZONE,0.1352260736738674,37.86599260464017
2018,79,HIMAYATNAGAR,16-AMBERPET,SECUNDERABAD ZONE,0.0950752641171105,38.96700019713356
2018,88,BHOLAKPUR,15-MUSHEERABAD,SECUNDERABAD ZONE,0.0857305665407519,39.19274038426865
2018,86,MUSHEERABAD,15-MUSHEERABAD,SECUNDERABAD ZONE,0.0979285949589925,37.77937560604563
2018,85,ADIKMET,15-MUSHEERABAD,SECUNDERABAD ZONE,0.1098451317724942,37.59539545599095
2018,87,RAMNAGAR,15-MUSHEERABAD,SECUNDERABAD ZONE,0.1156894738321144,38.43915754459808
2018,90,KAVADIGUDA,15-MUSHEERABAD,SECUNDERABAD ZONE,0.1704824912214455,38.13356507567609
2018,93,BANJARA HILLS,18-JUBILEE HILLS,KHAIRATHABAD ZONE,0.1451969866240785,38.23195240720143
2018,91,KHAIRTABAD,17-KHAIRATABAD,KHAIRATHABAD ZONE,0.0517474282368249,33.49925642763163
2018,103,BORABANDA,19-YOUSUFGUDA,SERILINGAMPALLY ZONE,0.0803977518820514,39.51826961061126
2018,97,SOMAJIGUDA,17-KHAIRATABAD,KHAIRATHABAD ZONE,0.126445896809334,38.80717964129958
2018,98,AMEERPET,17-KHAIRATABAD,KHAIRATHABAD ZONE,0.1392008413076914,38.148717882350006
2018,101,ERRAGADDA,19-YOUSUFGUDA,SERILINGAMPALLY ZONE,0.1172621965759118,39.21598565309352
2018,100,SANATH NAGAR,17-KHAIRATABAD,KHAIRATHABAD ZONE,0.1312389476551073,39.30138334047165
2018,99,VENGALRAO NAGAR,19-YOUSUFGUDA,SERILINGAMPALLY ZONE,0.1691409656535833,39.233410629729335
2018,102,RAHAMATH NAGAR,19-YOUSUFGUDA,SERILINGAMPALLY ZONE,0.0917631430854305,40.31755773094884
2018,6,NACHARAM,1-KAPRA,L.B.NAGAR ZONE,0.1699848999002172,37.67536105090463
2018,84,BAGH AMBERPET,16-AMBERPET,SECUNDERABAD ZONE,0.130460069568255,36.55087197874498
2018,81,NALLAKUNTA,16-AMBERPET,SECUNDERABAD ZONE,0.1048828409584072,37.76146178355254
2018,80,KACHIGUDA(Barkathpura),16-AMBERPET,SECUNDERABAD ZONE,0.0983087848406542,37.50813053536733
2018,82,GOLNAKA,16-AMBERPET,SECUNDERABAD ZONE,0.1619700416902754,37.15488573714811
2018,83,AMBERPET,16-AMBERPET,SECUNDERABAD ZONE,0.1786375002888007,36.94736301606373
2018,51,GOSHA MAHAL,14-GOSHAMAHAL,KHAIRATHABAD ZONE,0.1273744527077046,38.56055622481158
2018,68,TOLICHOWKI,13-KARWAN,KHAIRATHABAD ZONE,0.2233552411529791,36.901160580472016
2018,67,GOLCONDA,13-KARWAN,KHAIRATHABAD ZONE,0.1669886205774917,38.315377158330236
2018,77,JAMBAGH(Nampally),14-GOSHAMAHAL,KHAIRATHABAD ZONE,0.0934750775933021,38.58867853822654
2018,63,MANGALHAT,14-GOSHAMAHAL,KHAIRATHABAD ZONE,0.1230639491079966,38.587451820160446
2018,71,GUDIMALKAPUR,12-MEDHDIPATNAM,KHAIRATHABAD ZONE,0.1326422325043728,39.5362828678197
2018,70,MEHDIPATNAM,12-MEDHDIPATNAM,KHAIRATHABAD ZONE,0.1052779355526978,39.261604776242585
2018,76,MALLEPALLY,12-MEDHDIPATNAM,KHAIRATHABAD ZONE,0.0845931278133168,38.480084576894384
2018,62,ZIAGUDA,13-KARWAN,KHAIRATHABAD ZONE,0.1277826550093223,38.645275435887065
2018,72,ASIF NAGAR,12-MEDHDIPATNAM,KHAIRATHABAD ZONE,0.089792170409918,39.30742206254889
2018,73,VIJAYANAGAR COLONY,12-MEDHDIPATNAM,KHAIRATHABAD ZONE,0.1165772991349277,38.74789811377455
2018,5,MALLAPUR,1-KAPRA,L.B.NAGAR ZONE,0.1893938805422486,38.81295280953437
2018,3,CHERLAPALLY,1-KAPRA,L.B.NAGAR ZONE,0.2030372008497,39.262824076755905
2018,96,YOUSUFGUDA,19-YOUSUFGUDA,SERILINGAMPALLY ZONE,0.1506236821320919,39.23020137859497
2018,95,JUBILEE HILLS,18-JUBILEE HILLS,KHAIRATHABAD ZONE,0.1904585017341708,37.64435808356551
2018,50,BEGUM BAZAR,14-GOSHAMAHAL,KHAIRATHABAD ZONE,0.0960102420231481,38.50615059713749
2018,78,GUNFOUNDRY(Abids),14-GOSHAMAHAL,KHAIRATHABAD ZONE,0.1255122098970639,37.89610203636504
2018,65,KARWAN,13-KARWAN,KHAIRATHABAD ZONE,0.1285588925225389,39.09853444649842
2018,2,DR.A.S.RAO NAGAR,1-KAPRA,L.B.NAGAR ZONE,0.1742065787215985,38.42334016457488
2018,4,MEERPET H.B.COLONY,1-KAPRA,L.B.NAGAR ZONE,0.1838856148832544,38.015340919342115
2018,1,KAPRA,1-KAPRA,L.B.NAGAR ZONE,0.1855283185050498,38.04957045910069
2018,94,SHAIKPET,18-JUBILEE HILLS,KHAIRATHABAD ZONE,0.1326757834117305,38.8719069355966
2018,64,DATTATHREYA NAGAR,14-GOSHAMAHAL,KHAIRATHABAD ZONE,0.0883259402321548,39.12564267970212
2018,69,NANALNAGAR,13-KARWAN,KHAIRATHABAD ZONE,0.1932322883278399,38.54379396672406
2019,127,RANGAREDDY NAGAR,25-QUTUBULLAPUR,KUKATPALLY ZONE,0.1389492345044271,40.16482249955704
2019,119,OLD BOWENPALLY,24-KUKATPALLY,KUKATPALLY ZONE,0.154678465114726,39.60416748498201
2019,145,SEETHAPHALMANDI,29-SECUNDERABAD,SECUNDERABAD ZONE,0.0916944974868817,40.021891225723884
2019,146,BOUDHA NAGAR,29-SECUNDERABAD,SECUNDERABAD ZONE,0.0809723959926104,39.22074079125855
2019,147,BANSILALPET,30-BEGUMPET,SECUNDERABAD ZONE,0.1379919558252124,39.82172905689516
2019,144,METTUGUDA,29-SECUNDERABAD,SECUNDERABAD ZONE,0.2076232779105925,39.970546803655346
2019,148,RAMGOPALPET,30-BEGUMPET,SECUNDERABAD ZONE,0.1024339493445112,39.77901314276838
2019,150,MONDA  MARKET,30-BEGUMPET,SECUNDERABAD ZONE,0.1181874906320023,39.83999084774188
2019,136,NEREDMET,28-MALKAJGIRI,SECUNDERABAD ZONE,0.2005382107031329,38.80345135643029
2019,141,GOUTHAM NAGAR,28-MALKAJGIRI,SECUNDERABAD ZONE,0.1349524824129591,40.027648156705375
2019,140,MALKAJGIRI,28-MALKAJGIRI,SECUNDERABAD ZONE,0.1368261167092854,39.41268732146449
2019,139,EAST ANAND BAGH,28-MALKAJGIRI,SECUNDERABAD ZONE,0.1836161135975102,38.064001207774055
2019,142,ADDAGUTTA,29-SECUNDERABAD,SECUNDERABAD ZONE,0.1796726028166981,39.13661910978795
2019,137,VINAYAK NAGAR,28-MALKAJGIRI,SECUNDERABAD ZONE,0.1351626113334994,39.093343909464146
2019,134,ALWAL,27-ALWAL,KUKATPALLY ZONE,0.1616113876779235,39.67786799827944
2019,132,JEEDIMETLA,25-QUTUBULLAPUR,KUKATPALLY ZONE,0.1846426628988613,39.25266480591976
2019,CONTONMENT AREA,,CANTONMENT AREA,,0.2497753551724795,40.228557850724314
2019,120,BALA NAGAR,24-KUKATPALLY,KUKATPALLY ZONE,0.2416522816005084,37.520200024510295
2019,130,SUBHASH NAGAR,25-QUTUBULLAPUR,KUKATPALLY ZONE,0.1443849373250484,40.82840663936585
2019,131,QUTHBULLAPUR,25-QUTUBULLAPUR,KUKATPALLY ZONE,0.176910035983428,40.62200389212067
2019,121,KUKATPALLY,24-KUKATPALLY,KUKATPALLY ZONE,0.1307466300386112,40.4921142397472
2019,125,GAJULARAMARAM,26-GAJULARAMARAM,KUKATPALLY ZONE,0.1613902613986681,39.23223130377401
2019,124,ALLYWN COLONY,24-KUKATPALLY,KUKATPALLY ZONE,0.1468363844596988,40.46371190899712
2019,114,K.P.H.B.COLONY,23-MOOSAPET,KUKATPALLY ZONE,0.1700545537734799,41.802079132915594
2019,116,ALLAPUR,23-MOOSAPET,KUKATPALLY ZONE,0.1352390900859886,40.015160592813906
2019,115,BALAJI NAGAR,23-MOOSAPET,KUKATPALLY ZONE,0.2190215305029171,38.181906212069364
2019,117,MOOSAPET,23-MOOSAPET,KUKATPALLY ZONE,0.1132693592556813,41.281854938277235
2019,105,GACHIBOWLI,20-SERILINGAMPALLY,SERILINGAMPALLY ZONE,0.1999906232764354,38.20201248098586
2019,110,CHANDANAGAR,21-CHANDA NAGAR,SERILINGAMPALLY ZONE,0.1730585928604597,41.51966020543559
2019,111,BHARATHI NAGAR,22-RAMACHANDRAPURAM & PATANCHERUVU,SERILINGAMPALLY ZONE,0.1772160590516684,39.539211381170496
2019,106,SERILINGAMPALLY,20-SERILINGAMPALLY,SERILINGAMPALLY ZONE,0.1832650402341549,39.40382106399587
2019,104,KONDAPUR,20-SERILINGAMPALLY,SERILINGAMPALLY ZONE,0.1365387689854147,40.173871767409416
2019,109,HAFEEZPET,21-CHANDA NAGAR,SERILINGAMPALLY ZONE,0.13912128030902,41.670687606947396
2019,118,FATEH NAGAR,23-MOOSAPET,KUKATPALLY ZONE,0.131462825632334,40.32596771938447
2019,143,TARNAKA,29-SECUNDERABAD,SECUNDERABAD ZONE,0.1753398907576073,39.48286334545961
2019,8,HABSIGUDA,2-UPPAL,L.B.NAGAR ZONE,0.213197984853375,38.136619317650705
2019,40,RIYASATNAGAR,8-CHANDRAYANGUTTA,CHARMINAR ZONE,0.0979202896213938,40.14948484149961
2019,36,LALITHABAGH,8-CHANDRAYANGUTTA,CHARMINAR ZONE,0.0861524008373428,39.575507471895655
2019,34,TALABCHANCHALAM,7-SANTOSH NAGAR,CHARMINAR ZONE,0.0490586958447233,40.090007179864294
2019,22,CHAITHANYAPURI,5-SAROOR NAGAR,L.B.NAGAR ZONE,0.1567152285024739,40.11544365222399
2019,37,KURMAGUDA,7-SANTOSH NAGAR,CHARMINAR ZONE,0.0894079840359166,40.139987367606494
2019,31,REIN BAZAR,7-SANTOSH NAGAR,CHARMINAR ZONE,0.0651598982690225,39.554368101228434
2019,29,CHAWANI,6-MALAKPET,CHARMINAR ZONE,0.0997732804528288,39.53615733411909
2019,38,I.S.SADAN,7-SANTOSH NAGAR,CHARMINAR ZONE,0.1358234322890436,40.431031557321155
2019,18,LINGOJIGUDA,4-LB. NAGAR,L.B.NAGAR ZONE,0.1152184423555668,41.42278801820445
2019,16,HASTHINAPURAM,4-LB. NAGAR,L.B.NAGAR ZONE,0.124959563407915,40.36415376427927
2019,20,R.K.PURAM,5-SAROOR NAGAR,L.B.NAGAR ZONE,0.1192269895921481,40.959201696132
2019,19,SAROORNAGAR,5-SAROOR NAGAR,L.B.NAGAR ZONE,0.1211916745577603,41.44034472685415
2019,14,B.N.REDDY NAGAR,3-HAYAT NAGAR,L.B.NAGAR ZONE,0.1577903777969483,38.83576798680842
2019,12,MANSOORABAD,3-HAYAT NAGAR,L.B.NAGAR ZONE,0.1489645719847655,38.97680981560954
2019,21,KOTHAPET,5-SAROOR NAGAR,L.B.NAGAR ZONE,0.1441357912200854,40.29568806662041
2019,11,NAGOLE,3-HAYAT NAGAR,L.B.NAGAR ZONE,0.1826515909984631,38.044401145487605
2019,10,UPPAL,2-UPPAL,L.B.NAGAR ZONE,0.1975197671706977,37.968579468840254
2019,GRAMPANCHAYAT PEERZADI GUDA,,GRAMPANCHAYAT PEERZADIGUDA,,0.1346033175299414,39.04573934995059
2019,KALAVANCHA GRAM PANCHAYATH,,KALAVANCHA GRAMPANCHAYATH,,0.12597952626172,40.144740891495196
2019,13,HAYATHNAGAR,3-HAYAT NAGAR,L.B.NAGAR ZONE,0.1689586537996373,39.47030106465063
2019,15,VANASTHALIPURAM,4-LB. NAGAR,L.B.NAGAR ZONE,0.1242609239555116,41.082479412371555
2019,26,OLD MALAKPET,6-MALAKPET,CHARMINAR ZONE,0.1620083129707628,39.4081272097009
2019,17,CHAMPAPET,4-LB. NAGAR,L.B.NAGAR ZONE,0.1078704606799613,41.82624253151113
2019,39,SANTOSH NAGAR,7-SANTOSH NAGAR,CHARMINAR ZONE,0.1096493512999825,40.87439074333584
2019,66,LUNGER HOUSE,13-KARWAN,KHAIRATHABAD ZONE,0.235308637716988,38.34378101466805
2019,112,RAMACHANDRAPURAM,22-RAMACHANDRAPURAM & PATANCHERUVU,SERILINGAMPALLY ZONE,0.1575082512761615,40.17420175737268
2019,128,CHINTAL,26-GAJULARAMARAM,KUKATPALLY ZONE,0.2406028109602631,39.041149895188816
2019,126,JAGADGIRI GUTTA,26-GAJULARAMARAM,KUKATPALLY ZONE,0.1449924167328808,39.714829083129445
2019,129,SURARAM,26-GAJULARAMARAM,KUKATPALLY ZONE,0.1990300375201414,37.781476046562304
2019,133,MACHABOLARUM,27-ALWAL,KUKATPALLY ZONE,0.19907958584992,39.875490420586274
2019,138,MOULA-ALI,28-MALKAJGIRI,SECUNDERABAD ZONE,0.1317196344886655,39.31583960062549
2019,107,MADHAPUR,21-CHANDA NAGAR,SERILINGAMPALLY ZONE,0.1513887363125849,41.085579978550236
2019,OU,,OU,,0.2898303695093696,35.603563506889756
2019,149,BEGUMPET,30-BEGUMPET,SECUNDERABAD ZONE,0.1838603195539087,40.17388312108188
2019,135,VENKATAPURAM,27-ALWAL,KUKATPALLY ZONE,0.161007303495812,39.46032438389134
2019,123,HYDER NAGAR,24-KUKATPALLY,KUKATPALLY ZONE,0.149213152982737,42.217623017865535
2019,122,VIVEKANANDA NAGAR COLONY,24-KUKATPALLY,KUKATPALLY ZONE,0.1116814736043223,41.10480706873853
2019,113,PATANCHERUVU,22-RAMACHANDRAPURAM & PATANCHERUVU,SERILINGAMPALLY ZONE,0.2192932870034581,39.17099244576241
2019,108,MIYAPUR,21-CHANDA NAGAR,SERILINGAMPALLY ZONE,0.1890858313561706,41.753850030200844
2019,41,KANCHANBAGH,8-CHANDRAYANGUTTA,CHARMINAR ZONE,0.2366485403382751,38.11349130195016
2019,7,CHILUKA NAGAR,2-UPPAL,L.B.NAGAR ZONE,0.1836347133537782,38.55385928881351
2019,9,RAMANTHAPUR,2-UPPAL,L.B.NAGAR ZONE,0.1821036750877898,38.094920497645916
2019,25,MOOSARAMBAGH,6-MALAKPET,CHARMINAR ZONE,0.1457948341516564,40.21686483882402
2019,BANDLA GUDA,,BANDLAGUDA,,0.1849137192388767,40.90858795411718
2019,28,AZAMPURA,6-MALAKPET,CHARMINAR ZONE,0.1135974503973931,39.68665274786601
2019,56,KISHAN BAGH,10-FALAKNUMA,CHARMINAR ZONE,0.1518219371102458,39.67709083917194
2019,52,PURANAPOOL,9-CHARMINAR,CHARMINAR ZONE,0.0798502642302457,39.62289629087875
2019,59,MAILARDEVPALLY,11-RAJENDRA NAGAR,CHARMINAR ZONE,0.1782712848648247,39.03819241281956
2019,46,FALAKNUMA,10-FALAKNUMA,CHARMINAR ZONE,0.1106971340663207,40.72145955741992
2019,61,ATTAPUR,11-RAJENDRA NAGAR,CHARMINAR ZONE,0.154415349919622,39.80545243160268
2019,60,RAJENDRANAGAR,11-RAJENDRA NAGAR,CHARMINAR ZONE,0.2185493524064462,38.08102578904021
2019,49,GANSIBAZAR,9-CHARMINAR,CHARMINAR ZONE,0.10234501950095,39.74618959712642
2019,33,MOGHALPURA,9-CHARMINAR,CHARMINAR ZONE,0.0776334127703879,39.82866129915856
2019,47,NAWABSAHEBKUNTA,10-FALAKNUMA,CHARMINAR ZONE,0.0910065161440935,40.023448348014774
2019,58,SHASTRIPURAM,11-RAJENDRA NAGAR,CHARMINAR ZONE,0.1345418872108579,40.22406247753066
2019,54,JAHANUMA,10-FALAKNUMA,CHARMINAR ZONE,0.0904749628594846,39.48739709954994
2019,48,SHALIBANDA,9-CHARMINAR,CHARMINAR ZONE,0.0958111852040349,39.80985917859535
2019,53,DOODBOWLI,10-FALAKNUMA,CHARMINAR ZONE,0.1081392037573257,39.48289280668905
2019,55,RAMNASTPURA,10-FALAKNUMA,CHARMINAR ZONE,0.2008379540917277,35.13727098197824
2019,43,CHANDRAYANGUTTA,8-CHANDRAYANGUTTA,CHARMINAR ZONE,0.1273327823862272,39.99352389021012
2019,44,UPPUGUDA,8-CHANDRAYANGUTTA,CHARMINAR ZONE,0.0881444332390809,39.75464398069927
2019,35,GOWLIPURA,7-SANTOSH NAGAR,CHARMINAR ZONE,0.0859676025891452,39.978415742872365
2019,30,DABEERPURA,6-MALAKPET,CHARMINAR ZONE,0.1058571425644989,40.09676104173255
2019,32,PATHER GATTI,9-CHARMINAR,CHARMINAR ZONE,0.0868561042242724,40.0247186276245
2019,23,GADDIANNARAM,5-SAROOR NAGAR,L.B.NAGAR ZONE,0.0956858571016788,41.363505636835185
2019,24,SAIDABAD,6-MALAKPET,CHARMINAR ZONE,0.1457034733632004,40.98644350257597
2019,27,AKBERBAGH,6-MALAKPET,CHARMINAR ZONE,0.1543698170498336,40.60516988677925
2019,45,JANGAMMET,8-CHANDRAYANGUTTA,CHARMINAR ZONE,0.1132754905553767,39.45847059684304
2019,42,BARKAS,8-CHANDRAYANGUTTA,CHARMINAR ZONE,0.1899072968983044,39.07070382124741
2019,57,SULEMAN NAGAR,11-RAJENDRA NAGAR,CHARMINAR ZONE,0.159852359508738,39.04205240282611
2019,74,AHMED NAGAR,12-MEDHDIPATNAM,KHAIRATHABAD ZONE,0.1827404986671654,39.388689230750344
2019,92,VENKATESHWARA COLONY,18-JUBILEE HILLS,KHAIRATHABAD ZONE,0.195683225240018,38.85118583220474
2019,89,GANDHINAGAR,15-MUSHEERABAD,SECUNDERABAD ZONE,0.1234256206632302,39.907568111736936
2019,75,RED HILLS,12-MEDHDIPATNAM,KHAIRATHABAD ZONE,0.1451533912637117,39.48712047828025
2019,79,HIMAYATNAGAR,16-AMBERPET,SECUNDERABAD ZONE,0.1006220744953158,40.34525891361092
2019,88,BHOLAKPUR,15-MUSHEERABAD,SECUNDERABAD ZONE,0.0917605403676318,40.10983026032403
2019,86,MUSHEERABAD,15-MUSHEERABAD,SECUNDERABAD ZONE,0.100450836121412,39.675527182756994
2019,85,ADIKMET,15-MUSHEERABAD,SECUNDERABAD ZONE,0.1203842474412692,39.98490840560825
2019,87,RAMNAGAR,15-MUSHEERABAD,SECUNDERABAD ZONE,0.1247214192248847,40.19647277087194
2019,90,KAVADIGUDA,15-MUSHEERABAD,SECUNDERABAD ZONE,0.1839678967188998,40.026741241351495
2019,93,BANJARA HILLS,18-JUBILEE HILLS,KHAIRATHABAD ZONE,0.1570426678861405,39.61549930175101
2019,91,KHAIRTABAD,17-KHAIRATABAD,KHAIRATHABAD ZONE,0.0669160946286702,34.349704026042204
2019,103,BORABANDA,19-YOUSUFGUDA,SERILINGAMPALLY ZONE,0.079427057016065,40.00776286110203
2019,97,SOMAJIGUDA,17-KHAIRATABAD,KHAIRATHABAD ZONE,0.1376543741835257,39.56257344334733
2019,98,AMEERPET,17-KHAIRATABAD,KHAIRATHABAD ZONE,0.1536820463303877,39.5912026487674
2019,101,ERRAGADDA,19-YOUSUFGUDA,SERILINGAMPALLY ZONE,0.1272337488150056,40.23220880586224
2019,100,SANATH NAGAR,17-KHAIRATABAD,KHAIRATHABAD ZONE,0.1415375205197934,40.98194666377306
2019,99,VENGALRAO NAGAR,19-YOUSUFGUDA,SERILINGAMPALLY ZONE,0.1873982537233775,39.39542891746078
2019,102,RAHAMATH NAGAR,19-YOUSUFGUDA,SERILINGAMPALLY ZONE,0.0978818004182864,40.28058588768848
2019,6,NACHARAM,1-KAPRA,L.B.NAGAR ZONE,0.1649133741664281,39.654725820850125
2019,84,BAGH AMBERPET,16-AMBERPET,SECUNDERABAD ZONE,0.1389966628881117,40.569484438254705
2019,81,NALLAKUNTA,16-AMBERPET,SECUNDERABAD ZONE,0.1153376359273957,39.55495303473987
2019,80,KACHIGUDA(Barkathpura),16-AMBERPET,SECUNDERABAD ZONE,0.1093637769440706,40.20100612207005
2019,82,GOLNAKA,16-AMBERPET,SECUNDERABAD ZONE,0.1703889592001245,39.4534435117211
2019,83,AMBERPET,16-AMBERPET,SECUNDERABAD ZONE,0.1846371449063495,39.50816182326757
2019,51,GOSHA MAHAL,14-GOSHAMAHAL,KHAIRATHABAD ZONE,0.1352005816036222,39.9879874048595
2019,68,TOLICHOWKI,13-KARWAN,KHAIRATHABAD ZONE,0.2536332709773662,38.476908470391336
2019,67,GOLCONDA,13-KARWAN,KHAIRATHABAD ZONE,0.1891823045609954,38.947209120758906
2019,77,JAMBAGH(Nampally),14-GOSHAMAHAL,KHAIRATHABAD ZONE,0.0991874327591601,40.08690842874621
2019,63,MANGALHAT,14-GOSHAMAHAL,KHAIRATHABAD ZONE,0.1260867328043821,40.0883335146933
2019,71,GUDIMALKAPUR,12-MEDHDIPATNAM,KHAIRATHABAD ZONE,0.1410505845554835,40.12174058415856
2019,70,MEHDIPATNAM,12-MEDHDIPATNAM,KHAIRATHABAD ZONE,0.11305087429256,39.776657046884935
2019,76,MALLEPALLY,12-MEDHDIPATNAM,KHAIRATHABAD ZONE,0.0870655164794965,39.68442793084002
2019,62,ZIAGUDA,13-KARWAN,KHAIRATHABAD ZONE,0.1292318470421861,39.376757865302665
2019,72,ASIF NAGAR,12-MEDHDIPATNAM,KHAIRATHABAD ZONE,0.0903880159931197,40.82995210694923
2019,73,VIJAYANAGAR COLONY,12-MEDHDIPATNAM,KHAIRATHABAD ZONE,0.1231985422682128,39.563205152325466
2019,5,MALLAPUR,1-KAPRA,L.B.NAGAR ZONE,0.1777960486233646,38.49620002713365
2019,3,CHERLAPALLY,1-KAPRA,L.B.NAGAR ZONE,0.181510626239913,38.44241086610597
2019,96,YOUSUFGUDA,19-YOUSUFGUDA,SERILINGAMPALLY ZONE,0.1623089941386124,39.886213839210725
2019,95,JUBILEE HILLS,18-JUBILEE HILLS,KHAIRATHABAD ZONE,0.2043629545372116,38.96933564052159
2019,50,BEGUM BAZAR,14-GOSHAMAHAL,KHAIRATHABAD ZONE,0.1058896023042278,39.95949639605748
2019,78,GUNFOUNDRY(Abids),14-GOSHAMAHAL,KHAIRATHABAD ZONE,0.1372692236678736,39.96420464562202
2019,65,KARWAN,13-KARWAN,KHAIRATHABAD ZONE,0.136206991795459,40.101569730926585
2019,2,DR.A.S.RAO NAGAR,1-KAPRA,L.B.NAGAR ZONE,0.1704338922508078,38.595979707898906
2019,4,MEERPET H.B.COLONY,1-KAPRA,L.B.NAGAR ZONE,0.1781890248458069,38.37490953694506
2019,1,KAPRA,1-KAPRA,L.B.NAGAR ZONE,0.1891138870097873,38.43755211563101
2019,94,SHAIKPET,18-JUBILEE HILLS,KHAIRATHABAD ZONE,0.1384144218754279,40.624427447631476
2019,64,DATTATHREYA NAGAR,14-GOSHAMAHAL,KHAIRATHABAD ZONE,0.0914257837528377,40.38693427692998
2019,69,NANALNAGAR,13-KARWAN,KHAIRATHABAD ZONE,0.2117568599543727,38.988211188090425
2020,127,RANGAREDDY NAGAR,25-QUTUBULLAPUR,KUKATPALLY ZONE,0.1577904786823769,38.96352311231655
2020,119,OLD BOWENPALLY,24-KUKATPALLY,KUKATPALLY ZONE,0.1655623161839188,38.219539697449676
2020,145,SEETHAPHALMANDI,29-SECUNDERABAD,SECUNDERABAD ZONE,0.1010414489789141,38.32569809632478
2020,146,BOUDHA NAGAR,29-SECUNDERABAD,SECUNDERABAD ZONE,0.0879484985253531,37.488809570543836
2020,147,BANSILALPET,30-BEGUMPET,SECUNDERABAD ZONE,0.1597690507597211,38.02823789250663
2020,144,METTUGUDA,29-SECUNDERABAD,SECUNDERABAD ZONE,0.2346368027284891,36.49611559862218
2020,148,RAMGOPALPET,30-BEGUMPET,SECUNDERABAD ZONE,0.1214827166964312,38.46813496671641
2020,150,MONDA  MARKET,30-BEGUMPET,SECUNDERABAD ZONE,0.1348005999150172,37.381783135370796
2020,136,NEREDMET,28-MALKAJGIRI,SECUNDERABAD ZONE,0.223609669967737,36.63010178708671
2020,141,GOUTHAM NAGAR,28-MALKAJGIRI,SECUNDERABAD ZONE,0.146990656434532,38.004027768290435
2020,140,MALKAJGIRI,28-MALKAJGIRI,SECUNDERABAD ZONE,0.1655276614073089,37.88856136774817
2020,139,EAST ANAND BAGH,28-MALKAJGIRI,SECUNDERABAD ZONE,0.2099641513529134,37.199235785430176
2020,142,ADDAGUTTA,29-SECUNDERABAD,SECUNDERABAD ZONE,0.2055413577129898,37.25562634366321
2020,137,VINAYAK NAGAR,28-MALKAJGIRI,SECUNDERABAD ZONE,0.1416634112774683,37.409625677208524
2020,134,ALWAL,27-ALWAL,KUKATPALLY ZONE,0.184117100742104,38.24399475236786
2020,132,JEEDIMETLA,25-QUTUBULLAPUR,KUKATPALLY ZONE,0.2008281418365395,37.29811574308502
2020,CONTONMENT AREA,,CANTONMENT AREA,,0.354651416061508,37.091967353153855
2020,120,BALA NAGAR,24-KUKATPALLY,KUKATPALLY ZONE,0.288418630262636,35.765989027396856
2020,130,SUBHASH NAGAR,25-QUTUBULLAPUR,KUKATPALLY ZONE,0.15830072020002,39.92328840471053
2020,131,QUTHBULLAPUR,25-QUTUBULLAPUR,KUKATPALLY ZONE,0.1918791966667222,37.7184985704328
2020,121,KUKATPALLY,24-KUKATPALLY,KUKATPALLY ZONE,0.1394167454540175,39.00464618508027
2020,125,GAJULARAMARAM,26-GAJULARAMARAM,KUKATPALLY ZONE,0.1628830815817659,38.66016627471415
2020,124,ALLYWN COLONY,24-KUKATPALLY,KUKATPALLY ZONE,0.1451971639410433,39.1865907426084
2020,114,K.P.H.B.COLONY,23-MOOSAPET,KUKATPALLY ZONE,0.1820599151392657,38.918199478651054
2020,116,ALLAPUR,23-MOOSAPET,KUKATPALLY ZONE,0.1426800067082509,38.830107579220694
2020,115,BALAJI NAGAR,23-MOOSAPET,KUKATPALLY ZONE,0.243656962218698,36.55300791003667
2020,117,MOOSAPET,23-MOOSAPET,KUKATPALLY ZONE,0.1179896437468935,39.930046049118104
2020,105,GACHIBOWLI,20-SERILINGAMPALLY,SERILINGAMPALLY ZONE,0.2153601250090174,37.604487992678514
2020,110,CHANDANAGAR,21-CHANDA NAGAR,SERILINGAMPALLY ZONE,0.1811788922291612,39.09898039445266
2020,111,BHARATHI NAGAR,22-RAMACHANDRAPURAM & PATANCHERUVU,SERILINGAMPALLY ZONE,0.1857831852533943,39.12914954248756
2020,106,SERILINGAMPALLY,20-SERILINGAMPALLY,SERILINGAMPALLY ZONE,0.1876841418578764,38.552543524600075
2020,104,KONDAPUR,20-SERILINGAMPALLY,SERILINGAMPALLY ZONE,0.143413435005908,39.73391622976656
2020,109,HAFEEZPET,21-CHANDA NAGAR,SERILINGAMPALLY ZONE,0.146513614402446,39.492611967310594
2020,118,FATEH NAGAR,23-MOOSAPET,KUKATPALLY ZONE,0.144124915653847,38.6833961521926
2020,143,TARNAKA,29-SECUNDERABAD,SECUNDERABAD ZONE,0.1941249551357372,37.47629414493009
2020,8,HABSIGUDA,2-UPPAL,L.B.NAGAR ZONE,0.2560005660913005,36.07825852450087
2020,40,RIYASATNAGAR,8-CHANDRAYANGUTTA,CHARMINAR ZONE,0.1005030887726135,38.43031324788537
2020,36,LALITHABAGH,8-CHANDRAYANGUTTA,CHARMINAR ZONE,0.0945987773577462,38.87228343682556
2020,34,TALABCHANCHALAM,7-SANTOSH NAGAR,CHARMINAR ZONE,0.0528668026297359,37.6689022541761
2020,22,CHAITHANYAPURI,5-SAROOR NAGAR,L.B.NAGAR ZONE,0.1526506301524954,38.25268230360359
2020,37,KURMAGUDA,7-SANTOSH NAGAR,CHARMINAR ZONE,0.0890190616643478,38.82849120265462
2020,31,REIN BAZAR,7-SANTOSH NAGAR,CHARMINAR ZONE,0.0692720265497745,37.949251296948894
2020,29,CHAWANI,6-MALAKPET,CHARMINAR ZONE,0.1037528194334321,38.289657400388606
2020,38,I.S.SADAN,7-SANTOSH NAGAR,CHARMINAR ZONE,0.1353395708165125,37.89545712258629
2020,18,LINGOJIGUDA,4-LB. NAGAR,L.B.NAGAR ZONE,0.1213121506786496,39.217039332208046
2020,16,HASTHINAPURAM,4-LB. NAGAR,L.B.NAGAR ZONE,0.14007935485043,38.86344871380327
2020,20,R.K.PURAM,5-SAROOR NAGAR,L.B.NAGAR ZONE,0.1231777016283644,38.796301782173394
2020,19,SAROORNAGAR,5-SAROOR NAGAR,L.B.NAGAR ZONE,0.1284101608349912,38.76919730783662
2020,14,B.N.REDDY NAGAR,3-HAYAT NAGAR,L.B.NAGAR ZONE,0.1915982958913756,37.27706934215209
2020,12,MANSOORABAD,3-HAYAT NAGAR,L.B.NAGAR ZONE,0.1811846876726265,37.12700756008858
2020,21,KOTHAPET,5-SAROOR NAGAR,L.B.NAGAR ZONE,0.1443766660796573,38.49854675154807
2020,11,NAGOLE,3-HAYAT NAGAR,L.B.NAGAR ZONE,0.2071990032270898,36.47345450453803
2020,10,UPPAL,2-UPPAL,L.B.NAGAR ZONE,0.2190889573840157,37.46928471977245
2020,GRAMPANCHAYAT PEERZADI GUDA,,GRAMPANCHAYAT PEERZADIGUDA,,0.1455859501203376,36.938921863906735
2020,KALAVANCHA GRAM PANCHAYATH,,KALAVANCHA GRAMPANCHAYATH,,0.1436109595152375,38.03336589588069
2020,13,HAYATHNAGAR,3-HAYAT NAGAR,L.B.NAGAR ZONE,0.2002792056241554,37.34263821514302
2020,15,VANASTHALIPURAM,4-LB. NAGAR,L.B.NAGAR ZONE,0.1399248336247732,39.093969977035115
2020,26,OLD MALAKPET,6-MALAKPET,CHARMINAR ZONE,0.1646706285192977,37.760677518411
2020,17,CHAMPAPET,4-LB. NAGAR,L.B.NAGAR ZONE,0.1124242631446698,39.15781646909754
2020,39,SANTOSH NAGAR,7-SANTOSH NAGAR,CHARMINAR ZONE,0.1097640999980218,38.935467395539774
2020,66,LUNGER HOUSE,13-KARWAN,KHAIRATHABAD ZONE,0.2435823962275835,36.68011221531624
2020,112,RAMACHANDRAPURAM,22-RAMACHANDRAPURAM & PATANCHERUVU,SERILINGAMPALLY ZONE,0.1603806859812866,39.600178632396215
2020,128,CHINTAL,26-GAJULARAMARAM,KUKATPALLY ZONE,0.250758368367674,36.51577761218737
2020,126,JAGADGIRI GUTTA,26-GAJULARAMARAM,KUKATPALLY ZONE,0.1420483240581702,38.53942963587097
2020,129,SURARAM,26-GAJULARAMARAM,KUKATPALLY ZONE,0.2008396810298608,37.53544713571836
2020,133,MACHABOLARUM,27-ALWAL,KUKATPALLY ZONE,0.2146451921568667,37.68083723193151
2020,138,MOULA-ALI,28-MALKAJGIRI,SECUNDERABAD ZONE,0.1468675858977744,37.81700723535283
2020,107,MADHAPUR,21-CHANDA NAGAR,SERILINGAMPALLY ZONE,0.1579868787122169,39.32870583627026
2020,OU,,OU,,0.3468482375739445,33.60886870977314
2020,149,BEGUMPET,30-BEGUMPET,SECUNDERABAD ZONE,0.2030594675176595,38.124570272005464
2020,135,VENKATAPURAM,27-ALWAL,KUKATPALLY ZONE,0.174087060378364,38.15095284092071
2020,123,HYDER NAGAR,24-KUKATPALLY,KUKATPALLY ZONE,0.1523447273226389,39.7119589270289
2020,122,VIVEKANANDA NAGAR COLONY,24-KUKATPALLY,KUKATPALLY ZONE,0.1148686590977838,38.8025071044401
2020,113,PATANCHERUVU,22-RAMACHANDRAPURAM & PATANCHERUVU,SERILINGAMPALLY ZONE,0.2081291581753997,37.902908550181266
2020,108,MIYAPUR,21-CHANDA NAGAR,SERILINGAMPALLY ZONE,0.2049833003020627,38.553013923589916
2020,41,KANCHANBAGH,8-CHANDRAYANGUTTA,CHARMINAR ZONE,0.2526758096021043,36.57522603763542
2020,7,CHILUKA NAGAR,2-UPPAL,L.B.NAGAR ZONE,0.2083534926254366,36.8455446700351
2020,9,RAMANTHAPUR,2-UPPAL,L.B.NAGAR ZONE,0.1894694271151021,36.649783449460415
2020,25,MOOSARAMBAGH,6-MALAKPET,CHARMINAR ZONE,0.1436640782523404,38.53652705203324
2020,BANDLA GUDA,,BANDLAGUDA,,0.1887011742821085,40.733688840864765
2020,28,AZAMPURA,6-MALAKPET,CHARMINAR ZONE,0.1156882951041823,37.335401655315906
2020,56,KISHAN BAGH,10-FALAKNUMA,CHARMINAR ZONE,0.1543893276119316,35.65005306798208
2020,52,PURANAPOOL,9-CHARMINAR,CHARMINAR ZONE,0.0791254362141961,37.78010597461482
2020,59,MAILARDEVPALLY,11-RAJENDRA NAGAR,CHARMINAR ZONE,0.2001090526599045,37.154126168265556
2020,46,FALAKNUMA,10-FALAKNUMA,CHARMINAR ZONE,0.1173129897983719,38.59540711978869
2020,61,ATTAPUR,11-RAJENDRA NAGAR,CHARMINAR ZONE,0.1617171749925294,38.392643663639745
2020,60,RAJENDRANAGAR,11-RAJENDRA NAGAR,CHARMINAR ZONE,0.2550598646571688,35.97210593721893
2020,49,GANSIBAZAR,9-CHARMINAR,CHARMINAR ZONE,0.1039804034971646,37.01122179155754
2020,33,MOGHALPURA,9-CHARMINAR,CHARMINAR ZONE,0.0814039076902257,37.76305141713172
2020,47,NAWABSAHEBKUNTA,10-FALAKNUMA,CHARMINAR ZONE,0.0967925983973376,38.72714968279707
2020,58,SHASTRIPURAM,11-RAJENDRA NAGAR,CHARMINAR ZONE,0.1479666384350693,38.139349257174835
2020,54,JAHANUMA,10-FALAKNUMA,CHARMINAR ZONE,0.0963442473882224,38.07133494944555
2020,48,SHALIBANDA,9-CHARMINAR,CHARMINAR ZONE,0.1012428104992486,37.61212923384408
2020,53,DOODBOWLI,10-FALAKNUMA,CHARMINAR ZONE,0.1149308052615385,36.840103057895654
2020,55,RAMNASTPURA,10-FALAKNUMA,CHARMINAR ZONE,0.2119248753417497,32.57327767156743
2020,43,CHANDRAYANGUTTA,8-CHANDRAYANGUTTA,CHARMINAR ZONE,0.1385883216519844,37.68096407047596
2020,44,UPPUGUDA,8-CHANDRAYANGUTTA,CHARMINAR ZONE,0.0932504611801976,39.08540897152064
2020,35,GOWLIPURA,7-SANTOSH NAGAR,CHARMINAR ZONE,0.0907007136209468,37.50475293691318
2020,30,DABEERPURA,6-MALAKPET,CHARMINAR ZONE,0.1077520380759027,37.42337832947092
2020,32,PATHER GATTI,9-CHARMINAR,CHARMINAR ZONE,0.0911264416469515,36.46863470820691
2020,23,GADDIANNARAM,5-SAROOR NAGAR,L.B.NAGAR ZONE,0.0991621687923915,38.92701602267891
2020,24,SAIDABAD,6-MALAKPET,CHARMINAR ZONE,0.141374016203519,38.4025393850038
2020,27,AKBERBAGH,6-MALAKPET,CHARMINAR ZONE,0.1551044128799728,38.00036764359076
2020,45,JANGAMMET,8-CHANDRAYANGUTTA,CHARMINAR ZONE,0.1227351883267163,38.23850791718948
2020,42,BARKAS,8-CHANDRAYANGUTTA,CHARMINAR ZONE,0.1944729940773971,36.672112103983785
2020,57,SULEMAN NAGAR,11-RAJENDRA NAGAR,CHARMINAR ZONE,0.1710363522641458,36.721330196400125
2020,74,AHMED NAGAR,12-MEDHDIPATNAM,KHAIRATHABAD ZONE,0.2011491160066626,36.552874739894094
2020,92,VENKATESHWARA COLONY,18-JUBILEE HILLS,KHAIRATHABAD ZONE,0.2143270180446443,37.013555304677645
2020,89,GANDHINAGAR,15-MUSHEERABAD,SECUNDERABAD ZONE,0.129576800187471,37.40569307453262
2020,75,RED HILLS,12-MEDHDIPATNAM,KHAIRATHABAD ZONE,0.1557354271128973,36.351428651786115
2020,79,HIMAYATNAGAR,16-AMBERPET,SECUNDERABAD ZONE,0.1097339244164187,37.79135747773753
2020,88,BHOLAKPUR,15-MUSHEERABAD,SECUNDERABAD ZONE,0.1032502125688586,39.12702697439861
2020,86,MUSHEERABAD,15-MUSHEERABAD,SECUNDERABAD ZONE,0.1187271415008333,37.94447616869835
2020,85,ADIKMET,15-MUSHEERABAD,SECUNDERABAD ZONE,0.131047864951812,37.811691810397555
2020,87,RAMNAGAR,15-MUSHEERABAD,SECUNDERABAD ZONE,0.1395042776732051,38.239684440518594
2020,90,KAVADIGUDA,15-MUSHEERABAD,SECUNDERABAD ZONE,0.2066114451003008,37.05195378062196
2020,93,BANJARA HILLS,18-JUBILEE HILLS,KHAIRATHABAD ZONE,0.1694633818894059,37.3696974982942
2020,91,KHAIRTABAD,17-KHAIRATABAD,KHAIRATHABAD ZONE,0.0711491612802557,32.741947299838806
2020,103,BORABANDA,19-YOUSUFGUDA,SERILINGAMPALLY ZONE,0.0825536132648978,39.59747187205702
2020,97,SOMAJIGUDA,17-KHAIRATABAD,KHAIRATHABAD ZONE,0.1466123389198278,38.1217853771308
2020,98,AMEERPET,17-KHAIRATABAD,KHAIRATHABAD ZONE,0.1677878780997529,37.34804082880765
2020,101,ERRAGADDA,19-YOUSUFGUDA,SERILINGAMPALLY ZONE,0.1365117732643309,38.69681470828543
2020,100,SANATH NAGAR,17-KHAIRATABAD,KHAIRATHABAD ZONE,0.1533414347551462,38.904476794113286
2020,99,VENGALRAO NAGAR,19-YOUSUFGUDA,SERILINGAMPALLY ZONE,0.1932318444912868,37.57216614665985
2020,102,RAHAMATH NAGAR,19-YOUSUFGUDA,SERILINGAMPALLY ZONE,0.0956433374146017,39.36806849724806
2020,6,NACHARAM,1-KAPRA,L.B.NAGAR ZONE,0.1915671228203381,37.88569400467806
2020,84,BAGH AMBERPET,16-AMBERPET,SECUNDERABAD ZONE,0.1461330329516064,37.94023054956579
2020,81,NALLAKUNTA,16-AMBERPET,SECUNDERABAD ZONE,0.1226028296015016,37.443835580883075
2020,80,KACHIGUDA(Barkathpura),16-AMBERPET,SECUNDERABAD ZONE,0.1155768379157675,37.57958655564705
2020,82,GOLNAKA,16-AMBERPET,SECUNDERABAD ZONE,0.176463972710811,36.89002766833668
2020,83,AMBERPET,16-AMBERPET,SECUNDERABAD ZONE,0.195565021713959,37.793089406974346
2020,51,GOSHA MAHAL,14-GOSHAMAHAL,KHAIRATHABAD ZONE,0.1437441214914021,37.25478180352975
2020,68,TOLICHOWKI,13-KARWAN,KHAIRATHABAD ZONE,0.2471210604714991,36.71974410909327
2020,67,GOLCONDA,13-KARWAN,KHAIRATHABAD ZONE,0.1883623708427406,37.68618979112848
2020,77,JAMBAGH(Nampally),14-GOSHAMAHAL,KHAIRATHABAD ZONE,0.1083179993356579,37.25873987010553
2020,63,MANGALHAT,14-GOSHAMAHAL,KHAIRATHABAD ZONE,0.1410385900203344,36.727151529363155
2020,71,GUDIMALKAPUR,12-MEDHDIPATNAM,KHAIRATHABAD ZONE,0.1546670020886994,38.6283605196569
2020,70,MEHDIPATNAM,12-MEDHDIPATNAM,KHAIRATHABAD ZONE,0.1163033311013087,38.72013037385871
2020,76,MALLEPALLY,12-MEDHDIPATNAM,KHAIRATHABAD ZONE,0.0954393602823583,36.60658211675384
2020,62,ZIAGUDA,13-KARWAN,KHAIRATHABAD ZONE,0.1355163863901251,37.193074370448926
2020,72,ASIF NAGAR,12-MEDHDIPATNAM,KHAIRATHABAD ZONE,0.0954240404892548,38.2504870397593
2020,73,VIJAYANAGAR COLONY,12-MEDHDIPATNAM,KHAIRATHABAD ZONE,0.1355206941946736,37.0711219945178
2020,5,MALLAPUR,1-KAPRA,L.B.NAGAR ZONE,0.2249266912600124,37.279858960652874
2020,3,CHERLAPALLY,1-KAPRA,L.B.NAGAR ZONE,0.230658157984692,36.20068010924283
2020,96,YOUSUFGUDA,19-YOUSUFGUDA,SERILINGAMPALLY ZONE,0.1687287613338982,38.481288865343856
2020,95,JUBILEE HILLS,18-JUBILEE HILLS,KHAIRATHABAD ZONE,0.2112071410332235,37.815808064733716
2020,50,BEGUM BAZAR,14-GOSHAMAHAL,KHAIRATHABAD ZONE,0.1126079667635337,36.665614171799696
2020,78,GUNFOUNDRY(Abids),14-GOSHAMAHAL,KHAIRATHABAD ZONE,0.1473025684735733,37.09522170002049
2020,65,KARWAN,13-KARWAN,KHAIRATHABAD ZONE,0.144202309941791,38.33603207936874
2020,2,DR.A.S.RAO NAGAR,1-KAPRA,L.B.NAGAR ZONE,0.2030177989950778,36.88966403430672
2020,4,MEERPET H.B.COLONY,1-KAPRA,L.B.NAGAR ZONE,0.2008313682735768,37.536984424330214
2020,1,KAPRA,1-KAPRA,L.B.NAGAR ZONE,0.2214792045840098,36.218819168306815
2020,94,SHAIKPET,18-JUBILEE HILLS,KHAIRATHABAD ZONE,0.1414395516539626,39.44318602637272
2020,64,DATTATHREYA NAGAR,14-GOSHAMAHAL,KHAIRATHABAD ZONE,0.0963639119393408,37.16190280652749
2020,69,NANALNAGAR,13-KARWAN,KHAIRATHABAD ZONE,0.2291119131896292,37.02852567592881
2021,127,RANGAREDDY NAGAR,25-QUTUBULLAPUR,KUKATPALLY ZONE,0.1455487441024653,39.83284929275567
2021,119,OLD BOWENPALLY,24-KUKATPALLY,KUKATPALLY ZONE,0.1406616020624778,38.777153969116206
2021,145,SEETHAPHALMANDI,29-SECUNDERABAD,SECUNDERABAD ZONE,0.1004404433074623,38.08973023893509
2021,146,BOUDHA NAGAR,29-SECUNDERABAD,SECUNDERABAD ZONE,0.0885206287820856,38.136249564097895
2021,147,BANSILALPET,30-BEGUMPET,SECUNDERABAD ZONE,0.1480243519774215,38.17082776191519
2021,144,METTUGUDA,29-SECUNDERABAD,SECUNDERABAD ZONE,0.208037625273094,38.714802250693324
2021,148,RAMGOPALPET,30-BEGUMPET,SECUNDERABAD ZONE,0.1121020589687156,38.388997552848565
2021,150,MONDA  MARKET,30-BEGUMPET,SECUNDERABAD ZONE,0.1287551225493185,38.299045549316176
2021,136,NEREDMET,28-MALKAJGIRI,SECUNDERABAD ZONE,0.2048631677444059,38.113465911984555
2021,141,GOUTHAM NAGAR,28-MALKAJGIRI,SECUNDERABAD ZONE,0.1370971039796724,39.08200367705195
2021,140,MALKAJGIRI,28-MALKAJGIRI,SECUNDERABAD ZONE,0.154135892052931,38.92329956650153
2021,139,EAST ANAND BAGH,28-MALKAJGIRI,SECUNDERABAD ZONE,0.1860472255530929,39.2339023232035
2021,142,ADDAGUTTA,29-SECUNDERABAD,SECUNDERABAD ZONE,0.1827798438040556,39.12353015392138
2021,137,VINAYAK NAGAR,28-MALKAJGIRI,SECUNDERABAD ZONE,0.1313655730733711,38.7818119493456
2021,134,ALWAL,27-ALWAL,KUKATPALLY ZONE,0.1605541182078228,38.56707229550461
2021,132,JEEDIMETLA,25-QUTUBULLAPUR,KUKATPALLY ZONE,0.1782968530236131,37.82833541703455
2021,CONTONMENT AREA,,CANTONMENT AREA,,0.3045055741681002,39.32584716399687
2021,120,BALA NAGAR,24-KUKATPALLY,KUKATPALLY ZONE,0.2563616033423059,37.38285757929839
2021,130,SUBHASH NAGAR,25-QUTUBULLAPUR,KUKATPALLY ZONE,0.1400229247987901,39.890018424458916
2021,131,QUTHBULLAPUR,25-QUTUBULLAPUR,KUKATPALLY ZONE,0.1734731856955141,38.31416581391001
2021,121,KUKATPALLY,24-KUKATPALLY,KUKATPALLY ZONE,0.1293437095171041,39.26130563858786
2021,125,GAJULARAMARAM,26-GAJULARAMARAM,KUKATPALLY ZONE,0.1539864947205527,40.30786251957751
2021,124,ALLYWN COLONY,24-KUKATPALLY,KUKATPALLY ZONE,0.1430436815062686,38.77314996344162
2021,114,K.P.H.B.COLONY,23-MOOSAPET,KUKATPALLY ZONE,0.1684252770347028,39.952948498909734
2021,116,ALLAPUR,23-MOOSAPET,KUKATPALLY ZONE,0.1346524863458227,40.13004421647151
2021,115,BALAJI NAGAR,23-MOOSAPET,KUKATPALLY ZONE,0.2155916060976688,38.35302522327528
2021,117,MOOSAPET,23-MOOSAPET,KUKATPALLY ZONE,0.1091646697054917,40.30145068878302
2021,105,GACHIBOWLI,20-SERILINGAMPALLY,SERILINGAMPALLY ZONE,0.2034513068884188,39.4171004452941
2021,110,CHANDANAGAR,21-CHANDA NAGAR,SERILINGAMPALLY ZONE,0.171062097724499,39.93446514808048
2021,111,BHARATHI NAGAR,22-RAMACHANDRAPURAM & PATANCHERUVU,SERILINGAMPALLY ZONE,0.1777697785713295,38.74502260100664
2021,106,SERILINGAMPALLY,20-SERILINGAMPALLY,SERILINGAMPALLY ZONE,0.1753033614863281,39.339609057423566
2021,104,KONDAPUR,20-SERILINGAMPALLY,SERILINGAMPALLY ZONE,0.1370424976881523,39.944994480554335
2021,109,HAFEEZPET,21-CHANDA NAGAR,SERILINGAMPALLY ZONE,0.1400545753385928,39.50865344472087
2021,118,FATEH NAGAR,23-MOOSAPET,KUKATPALLY ZONE,0.1273927372225644,39.71543556634353
2021,143,TARNAKA,29-SECUNDERABAD,SECUNDERABAD ZONE,0.1728478193506587,39.00431005722335
2021,8,HABSIGUDA,2-UPPAL,L.B.NAGAR ZONE,0.2296719797827422,37.49404507462626
2021,40,RIYASATNAGAR,8-CHANDRAYANGUTTA,CHARMINAR ZONE,0.0983729207641641,39.00526389971624
2021,36,LALITHABAGH,8-CHANDRAYANGUTTA,CHARMINAR ZONE,0.0928733271050261,38.88532315464044
2021,34,TALABCHANCHALAM,7-SANTOSH NAGAR,CHARMINAR ZONE,0.0554978854585734,40.10118584214675
2021,22,CHAITHANYAPURI,5-SAROOR NAGAR,L.B.NAGAR ZONE,0.1383456499639958,37.18859439628403
2021,37,KURMAGUDA,7-SANTOSH NAGAR,CHARMINAR ZONE,0.0888318437729079,38.842280529416335
2021,31,REIN BAZAR,7-SANTOSH NAGAR,CHARMINAR ZONE,0.0674979267205402,39.87123292990994
2021,29,CHAWANI,6-MALAKPET,CHARMINAR ZONE,0.1015606231119665,38.91460744018489
2021,38,I.S.SADAN,7-SANTOSH NAGAR,CHARMINAR ZONE,0.1212511771236287,37.0615980680555
2021,18,LINGOJIGUDA,4-LB. NAGAR,L.B.NAGAR ZONE,0.1150785330881038,38.47472371893655
2021,16,HASTHINAPURAM,4-LB. NAGAR,L.B.NAGAR ZONE,0.1351099881569565,38.74455698742016
2021,20,R.K.PURAM,5-SAROOR NAGAR,L.B.NAGAR ZONE,0.120086017531762,37.69994424143453
2021,19,SAROORNAGAR,5-SAROOR NAGAR,L.B.NAGAR ZONE,0.1259791685379579,38.06485956858002
2021,14,B.N.REDDY NAGAR,3-HAYAT NAGAR,L.B.NAGAR ZONE,0.1911242391534931,38.7159263127256
2021,12,MANSOORABAD,3-HAYAT NAGAR,L.B.NAGAR ZONE,0.182636707311041,39.31304592451179
2021,21,KOTHAPET,5-SAROOR NAGAR,L.B.NAGAR ZONE,0.1266157453440103,38.09439385974831
2021,11,NAGOLE,3-HAYAT NAGAR,L.B.NAGAR ZONE,0.200234965325416,37.88625459909348
2021,10,UPPAL,2-UPPAL,L.B.NAGAR ZONE,0.1955013225177826,38.822579340843454
2021,GRAMPANCHAYAT PEERZADI GUDA,,GRAMPANCHAYAT PEERZADIGUDA,,0.1292751117678263,37.9730941974388
2021,KALAVANCHA GRAM PANCHAYATH,,KALAVANCHA GRAMPANCHAYATH,,0.1442855908651084,38.40661025233336
2021,13,HAYATHNAGAR,3-HAYAT NAGAR,L.B.NAGAR ZONE,0.1897619978785311,39.397551018528745
2021,15,VANASTHALIPURAM,4-LB. NAGAR,L.B.NAGAR ZONE,0.1316839459464804,38.250619304998374
2021,26,OLD MALAKPET,6-MALAKPET,CHARMINAR ZONE,0.1566184840352383,38.608381432300376
2021,17,CHAMPAPET,4-LB. NAGAR,L.B.NAGAR ZONE,0.1078545646956062,38.063108441268064
2021,39,SANTOSH NAGAR,7-SANTOSH NAGAR,CHARMINAR ZONE,0.1060230557938357,38.45990667785297
2021,66,LUNGER HOUSE,13-KARWAN,KHAIRATHABAD ZONE,0.2485453252883446,38.68349851187837
2021,112,RAMACHANDRAPURAM,22-RAMACHANDRAPURAM & PATANCHERUVU,SERILINGAMPALLY ZONE,0.1543234706003367,39.97742646270963
2021,128,CHINTAL,26-GAJULARAMARAM,KUKATPALLY ZONE,0.227137928452551,39.402637986149806
2021,126,JAGADGIRI GUTTA,26-GAJULARAMARAM,KUKATPALLY ZONE,0.1245492104657352,38.93075745671265
2021,129,SURARAM,26-GAJULARAMARAM,KUKATPALLY ZONE,0.1741535279959991,39.71009730909246
2021,133,MACHABOLARUM,27-ALWAL,KUKATPALLY ZONE,0.2007039671365604,39.54073910864992
2021,138,MOULA-ALI,28-MALKAJGIRI,SECUNDERABAD ZONE,0.1321067286940174,39.35454714366382
2021,107,MADHAPUR,21-CHANDA NAGAR,SERILINGAMPALLY ZONE,0.1437657970218749,40.32160695098697
2021,OU,,OU,,0.3258507937809192,36.73418386930031
2021,149,BEGUMPET,30-BEGUMPET,SECUNDERABAD ZONE,0.1824640921488755,38.747479947574014
2021,135,VENKATAPURAM,27-ALWAL,KUKATPALLY ZONE,0.1589643792768086,38.80706010911313
2021,123,HYDER NAGAR,24-KUKATPALLY,KUKATPALLY ZONE,0.1402663595390843,40.09576982184181
2021,122,VIVEKANANDA NAGAR COLONY,24-KUKATPALLY,KUKATPALLY ZONE,0.1105133679276004,37.94774685938326
2021,113,PATANCHERUVU,22-RAMACHANDRAPURAM & PATANCHERUVU,SERILINGAMPALLY ZONE,0.2007017545101245,39.400425218212774
2021,108,MIYAPUR,21-CHANDA NAGAR,SERILINGAMPALLY ZONE,0.178957984997597,40.8964265429017
2021,41,KANCHANBAGH,8-CHANDRAYANGUTTA,CHARMINAR ZONE,0.2402302135923744,38.40704316712649
2021,7,CHILUKA NAGAR,2-UPPAL,L.B.NAGAR ZONE,0.1844134882540898,37.72163967059433
2021,9,RAMANTHAPUR,2-UPPAL,L.B.NAGAR ZONE,0.1776004290995592,37.234371105320605
2021,25,MOOSARAMBAGH,6-MALAKPET,CHARMINAR ZONE,0.1362336800496628,37.36698394568302
2021,BANDLA GUDA,,BANDLAGUDA,,0.1752794870810101,41.14664061251969
2021,28,AZAMPURA,6-MALAKPET,CHARMINAR ZONE,0.1035159115638463,39.00719084326176
2021,56,KISHAN BAGH,10-FALAKNUMA,CHARMINAR ZONE,0.1445280783227056,39.25220869721565
2021,52,PURANAPOOL,9-CHARMINAR,CHARMINAR ZONE,0.0817065507096504,39.49983405747968
2021,59,MAILARDEVPALLY,11-RAJENDRA NAGAR,CHARMINAR ZONE,0.1823905715891772,39.678242426555
2021,46,FALAKNUMA,10-FALAKNUMA,CHARMINAR ZONE,0.1076104700505683,40.82496627783496
2021,61,ATTAPUR,11-RAJENDRA NAGAR,CHARMINAR ZONE,0.1497949861254467,39.28632240116888
2021,60,RAJENDRANAGAR,11-RAJENDRA NAGAR,CHARMINAR ZONE,0.2344888200601795,38.68626208965435
2021,49,GANSIBAZAR,9-CHARMINAR,CHARMINAR ZONE,0.1038116672543735,39.09593042030596
2021,33,MOGHALPURA,9-CHARMINAR,CHARMINAR ZONE,0.0849856566926953,39.1566464292469
2021,47,NAWABSAHEBKUNTA,10-FALAKNUMA,CHARMINAR ZONE,0.0915352613101541,39.80250795690052
2021,58,SHASTRIPURAM,11-RAJENDRA NAGAR,CHARMINAR ZONE,0.1329784349022562,39.9242424386895
2021,54,JAHANUMA,10-FALAKNUMA,CHARMINAR ZONE,0.0951258445596641,39.609602792992185
2021,48,SHALIBANDA,9-CHARMINAR,CHARMINAR ZONE,0.0988502630052059,39.529189900173684
2021,53,DOODBOWLI,10-FALAKNUMA,CHARMINAR ZONE,0.1086462488924116,39.54704396111554
2021,55,RAMNASTPURA,10-FALAKNUMA,CHARMINAR ZONE,0.2415672786932009,35.55903474032419
2021,43,CHANDRAYANGUTTA,8-CHANDRAYANGUTTA,CHARMINAR ZONE,0.1319908482352005,39.37354085281868
2021,44,UPPUGUDA,8-CHANDRAYANGUTTA,CHARMINAR ZONE,0.090117969286799,39.30443225940463
2021,35,GOWLIPURA,7-SANTOSH NAGAR,CHARMINAR ZONE,0.0879745163459298,38.9988284572376
2021,30,DABEERPURA,6-MALAKPET,CHARMINAR ZONE,0.1028536517088668,39.399405188418584
2021,32,PATHER GATTI,9-CHARMINAR,CHARMINAR ZONE,0.0891583722455305,39.57282922826047
2021,23,GADDIANNARAM,5-SAROOR NAGAR,L.B.NAGAR ZONE,0.0961519968440311,37.642292421678874
2021,24,SAIDABAD,6-MALAKPET,CHARMINAR ZONE,0.1402867227712645,37.16333935234428
2021,27,AKBERBAGH,6-MALAKPET,CHARMINAR ZONE,0.1491939985687671,37.58092486189697
2021,45,JANGAMMET,8-CHANDRAYANGUTTA,CHARMINAR ZONE,0.1211279233888477,39.28847374181454
2021,42,BARKAS,8-CHANDRAYANGUTTA,CHARMINAR ZONE,0.1804713076929187,39.25449309406522
2021,57,SULEMAN NAGAR,11-RAJENDRA NAGAR,CHARMINAR ZONE,0.1603125008973245,39.58940356746682
2021,74,AHMED NAGAR,12-MEDHDIPATNAM,KHAIRATHABAD ZONE,0.1838661454352229,38.32486080423009
2021,92,VENKATESHWARA COLONY,18-JUBILEE HILLS,KHAIRATHABAD ZONE,0.1890330928246242,38.055806607647895
2021,89,GANDHINAGAR,15-MUSHEERABAD,SECUNDERABAD ZONE,0.1253116809523108,37.98829492123158
2021,75,RED HILLS,12-MEDHDIPATNAM,KHAIRATHABAD ZONE,0.1512680282590616,38.200152707600665
2021,79,HIMAYATNAGAR,16-AMBERPET,SECUNDERABAD ZONE,0.1064569210897147,38.48642715700726
2021,88,BHOLAKPUR,15-MUSHEERABAD,SECUNDERABAD ZONE,0.1023585327875181,39.037212246423
2021,86,MUSHEERABAD,15-MUSHEERABAD,SECUNDERABAD ZONE,0.1095069751950936,38.14322123882731
2021,85,ADIKMET,15-MUSHEERABAD,SECUNDERABAD ZONE,0.1294840150326166,37.965196566570015
2021,87,RAMNAGAR,15-MUSHEERABAD,SECUNDERABAD ZONE,0.1320327882009623,39.23831551345416
2021,90,KAVADIGUDA,15-MUSHEERABAD,SECUNDERABAD ZONE,0.1939384435343597,37.45798321638222
2021,93,BANJARA HILLS,18-JUBILEE HILLS,KHAIRATHABAD ZONE,0.1570940489427578,38.104459048799
2021,91,KHAIRTABAD,17-KHAIRATABAD,KHAIRATHABAD ZONE,0.0698853872978757,33.69450529314521
2021,103,BORABANDA,19-YOUSUFGUDA,SERILINGAMPALLY ZONE,0.0853369305354864,39.16607695072952
2021,97,SOMAJIGUDA,17-KHAIRATABAD,KHAIRATHABAD ZONE,0.1389129707397575,37.899207987183516
2021,98,AMEERPET,17-KHAIRATABAD,KHAIRATHABAD ZONE,0.1537821776467659,37.34132609503014
2021,101,ERRAGADDA,19-YOUSUFGUDA,SERILINGAMPALLY ZONE,0.1276331331976182,39.07487788785598
2021,100,SANATH NAGAR,17-KHAIRATABAD,KHAIRATHABAD ZONE,0.143178683465095,38.767037369791645
2021,99,VENGALRAO NAGAR,19-YOUSUFGUDA,SERILINGAMPALLY ZONE,0.1821977550371666,38.23938046008837
2021,102,RAHAMATH NAGAR,19-YOUSUFGUDA,SERILINGAMPALLY ZONE,0.0967654023606627,39.87946938326869
2021,6,NACHARAM,1-KAPRA,L.B.NAGAR ZONE,0.1618511146166898,39.18899943509229
2021,84,BAGH AMBERPET,16-AMBERPET,SECUNDERABAD ZONE,0.1411591896430609,37.481057787708636
2021,81,NALLAKUNTA,16-AMBERPET,SECUNDERABAD ZONE,0.1200911719808467,37.69839541088641
2021,80,KACHIGUDA(Barkathpura),16-AMBERPET,SECUNDERABAD ZONE,0.1113463988872164,38.31732053111239
2021,82,GOLNAKA,16-AMBERPET,SECUNDERABAD ZONE,0.1606930311485098,38.193415790441996
2021,83,AMBERPET,16-AMBERPET,SECUNDERABAD ZONE,0.1831390935986146,37.94612413315102
2021,51,GOSHA MAHAL,14-GOSHAMAHAL,KHAIRATHABAD ZONE,0.1384002767173973,38.658112188449444
2021,68,TOLICHOWKI,13-KARWAN,KHAIRATHABAD ZONE,0.2400777593183652,38.16709371633012
2021,67,GOLCONDA,13-KARWAN,KHAIRATHABAD ZONE,0.1993688648421795,38.95589950056496
2021,77,JAMBAGH(Nampally),14-GOSHAMAHAL,KHAIRATHABAD ZONE,0.1085904422244166,39.53807673185798
2021,63,MANGALHAT,14-GOSHAMAHAL,KHAIRATHABAD ZONE,0.1329678512992148,38.90315105893603
2021,71,GUDIMALKAPUR,12-MEDHDIPATNAM,KHAIRATHABAD ZONE,0.1489109554503655,39.72751261675339
2021,70,MEHDIPATNAM,12-MEDHDIPATNAM,KHAIRATHABAD ZONE,0.1152509076147403,38.358112113701324
2021,76,MALLEPALLY,12-MEDHDIPATNAM,KHAIRATHABAD ZONE,0.0964269470786688,38.9699330139726
2021,62,ZIAGUDA,13-KARWAN,KHAIRATHABAD ZONE,0.1285441214536845,39.1074738766581
2021,72,ASIF NAGAR,12-MEDHDIPATNAM,KHAIRATHABAD ZONE,0.0927986508249227,39.47275604850034
2021,73,VIJAYANAGAR COLONY,12-MEDHDIPATNAM,KHAIRATHABAD ZONE,0.1340817641018123,38.330101307637314
2021,5,MALLAPUR,1-KAPRA,L.B.NAGAR ZONE,0.1966531205859824,39.54301490426591
2021,3,CHERLAPALLY,1-KAPRA,L.B.NAGAR ZONE,0.2102756693009331,39.48275081937718
2021,96,YOUSUFGUDA,19-YOUSUFGUDA,SERILINGAMPALLY ZONE,0.1589976035844766,39.270141479310446
2021,95,JUBILEE HILLS,18-JUBILEE HILLS,KHAIRATHABAD ZONE,0.1982264112157522,38.373151063915124
2021,50,BEGUM BAZAR,14-GOSHAMAHAL,KHAIRATHABAD ZONE,0.1083079078477489,38.96380317133344
2021,78,GUNFOUNDRY(Abids),14-GOSHAMAHAL,KHAIRATHABAD ZONE,0.1427174161478069,38.61536875295241
2021,65,KARWAN,13-KARWAN,KHAIRATHABAD ZONE,0.1321917460765579,39.607906202361406
2021,2,DR.A.S.RAO NAGAR,1-KAPRA,L.B.NAGAR ZONE,0.1831947736378348,39.37771909179621
2021,4,MEERPET H.B.COLONY,1-KAPRA,L.B.NAGAR ZONE,0.1752955525443135,39.17007410627709
2021,1,KAPRA,1-KAPRA,L.B.NAGAR ZONE,0.1918159453612294,38.9621110194809
2021,94,SHAIKPET,18-JUBILEE HILLS,KHAIRATHABAD ZONE,0.1361558501824279,39.50635926617199
2021,64,DATTATHREYA NAGAR,14-GOSHAMAHAL,KHAIRATHABAD ZONE,0.0939219015193824,39.61420422425743
2021,69,NANALNAGAR,13-KARWAN,KHAIRATHABAD ZONE,0.2165174438870265,38.74674792360863
2022,127,RANGAREDDY NAGAR,25-QUTUBULLAPUR,KUKATPALLY ZONE,0.1357040110657696,39.01079313369378
2022,119,OLD BOWENPALLY,24-KUKATPALLY,KUKATPALLY ZONE,0.1244776101124185,38.765551025409536
2022,145,SEETHAPHALMANDI,29-SECUNDERABAD,SECUNDERABAD ZONE,0.0941394232957272,35.85963071581375
2022,146,BOUDHA NAGAR,29-SECUNDERABAD,SECUNDERABAD ZONE,0.083734076003308,36.059913431643366
2022,147,BANSILALPET,30-BEGUMPET,SECUNDERABAD ZONE,0.1390434113269125,36.705568628978135
2022,144,METTUGUDA,29-SECUNDERABAD,SECUNDERABAD ZONE,0.197837941486989,36.643664026699206
2022,148,RAMGOPALPET,30-BEGUMPET,SECUNDERABAD ZONE,0.1086068923699919,37.207961898546515
2022,150,MONDA  MARKET,30-BEGUMPET,SECUNDERABAD ZONE,0.1264748407152469,37.69563490762743
2022,136,NEREDMET,28-MALKAJGIRI,SECUNDERABAD ZONE,0.1957441639563335,36.12737917816351
2022,141,GOUTHAM NAGAR,28-MALKAJGIRI,SECUNDERABAD ZONE,0.1389455112268495,35.94626825092541
2022,140,MALKAJGIRI,28-MALKAJGIRI,SECUNDERABAD ZONE,0.1519095023965606,35.81926673388134
2022,139,EAST ANAND BAGH,28-MALKAJGIRI,SECUNDERABAD ZONE,0.1990365161031393,36.62906462102586
2022,142,ADDAGUTTA,29-SECUNDERABAD,SECUNDERABAD ZONE,0.1791070882537739,37.21480045959496
2022,137,VINAYAK NAGAR,28-MALKAJGIRI,SECUNDERABAD ZONE,0.1358142723686208,35.80760376597809
2022,134,ALWAL,27-ALWAL,KUKATPALLY ZONE,0.1523597370924149,38.06608996541781
2022,132,JEEDIMETLA,25-QUTUBULLAPUR,KUKATPALLY ZONE,0.1598237895819737,37.57649423982873
2022,CONTONMENT AREA,,CANTONMENT AREA,,0.3013547431920707,37.736553199327076
2022,120,BALA NAGAR,24-KUKATPALLY,KUKATPALLY ZONE,0.2260021617337192,37.90308004299285
2022,130,SUBHASH NAGAR,25-QUTUBULLAPUR,KUKATPALLY ZONE,0.1352062600084681,40.21977498685392
2022,131,QUTHBULLAPUR,25-QUTUBULLAPUR,KUKATPALLY ZONE,0.1654815505598081,38.291446930847606
2022,121,KUKATPALLY,24-KUKATPALLY,KUKATPALLY ZONE,0.1171310232547632,38.51962606691347
2022,125,GAJULARAMARAM,26-GAJULARAMARAM,KUKATPALLY ZONE,0.1449943447497162,39.75373837727882
2022,124,ALLYWN COLONY,24-KUKATPALLY,KUKATPALLY ZONE,0.1223869514935894,38.56291955011744
2022,114,K.P.H.B.COLONY,23-MOOSAPET,KUKATPALLY ZONE,0.1581587500988734,38.91744011716567
2022,116,ALLAPUR,23-MOOSAPET,KUKATPALLY ZONE,0.120542976498976,39.569755269646215
2022,115,BALAJI NAGAR,23-MOOSAPET,KUKATPALLY ZONE,0.18018854282642,38.343814711424315
2022,117,MOOSAPET,23-MOOSAPET,KUKATPALLY ZONE,0.0998528440230535,40.22703906529442
2022,105,GACHIBOWLI,20-SERILINGAMPALLY,SERILINGAMPALLY ZONE,0.1843129780577361,38.1510978630415
2022,110,CHANDANAGAR,21-CHANDA NAGAR,SERILINGAMPALLY ZONE,0.1633079405435594,38.60031720891681
2022,111,BHARATHI NAGAR,22-RAMACHANDRAPURAM & PATANCHERUVU,SERILINGAMPALLY ZONE,0.1739906486128796,37.056136389949614
2022,106,SERILINGAMPALLY,20-SERILINGAMPALLY,SERILINGAMPALLY ZONE,0.1579819213300685,37.72678176580669
2022,104,KONDAPUR,20-SERILINGAMPALLY,SERILINGAMPALLY ZONE,0.1241922784297143,37.97688957439979
2022,109,HAFEEZPET,21-CHANDA NAGAR,SERILINGAMPALLY ZONE,0.1317813415888222,37.992032711315545
2022,118,FATEH NAGAR,23-MOOSAPET,KUKATPALLY ZONE,0.1174727673993207,40.10761445912932
2022,143,TARNAKA,29-SECUNDERABAD,SECUNDERABAD ZONE,0.172969821470503,36.13694652846568
2022,8,HABSIGUDA,2-UPPAL,L.B.NAGAR ZONE,0.2283081737243483,36.08922873268298
2022,40,RIYASATNAGAR,8-CHANDRAYANGUTTA,CHARMINAR ZONE,0.0962246814978766,36.8672791209972
2022,36,LALITHABAGH,8-CHANDRAYANGUTTA,CHARMINAR ZONE,0.0970863082050191,37.0813038786664
2022,34,TALABCHANCHALAM,7-SANTOSH NAGAR,CHARMINAR ZONE,0.0552731024037018,38.32814810567897
2022,22,CHAITHANYAPURI,5-SAROOR NAGAR,L.B.NAGAR ZONE,0.1446467092139664,36.31109789918087
2022,37,KURMAGUDA,7-SANTOSH NAGAR,CHARMINAR ZONE,0.0904588002714835,37.549890983736866
2022,31,REIN BAZAR,7-SANTOSH NAGAR,CHARMINAR ZONE,0.0698582000901392,38.090854202967755
2022,29,CHAWANI,6-MALAKPET,CHARMINAR ZONE,0.104868237323822,37.666343348765615
2022,38,I.S.SADAN,7-SANTOSH NAGAR,CHARMINAR ZONE,0.1215176155175714,36.275544798004425
2022,18,LINGOJIGUDA,4-LB. NAGAR,L.B.NAGAR ZONE,0.1109171614271858,37.83463399458158
2022,16,HASTHINAPURAM,4-LB. NAGAR,L.B.NAGAR ZONE,0.1283296574580944,37.64812971128504
2022,20,R.K.PURAM,5-SAROOR NAGAR,L.B.NAGAR ZONE,0.1241225749920242,36.82113468529395
2022,19,SAROORNAGAR,5-SAROOR NAGAR,L.B.NAGAR ZONE,0.1321443575179691,37.15476158180351
2022,14,B.N.REDDY NAGAR,3-HAYAT NAGAR,L.B.NAGAR ZONE,0.1761128380096071,38.12346414570155
2022,12,MANSOORABAD,3-HAYAT NAGAR,L.B.NAGAR ZONE,0.1729838448123263,39.2588461483516
2022,21,KOTHAPET,5-SAROOR NAGAR,L.B.NAGAR ZONE,0.1383583274081858,37.00380624823132
2022,11,NAGOLE,3-HAYAT NAGAR,L.B.NAGAR ZONE,0.2022482933398851,37.19865711802579
2022,10,UPPAL,2-UPPAL,L.B.NAGAR ZONE,0.2065004906117069,37.33025581223256
2022,GRAMPANCHAYAT PEERZADI GUDA,,GRAMPANCHAYAT PEERZADIGUDA,,0.128613605776122,35.989642167006735
2022,KALAVANCHA GRAM PANCHAYATH,,KALAVANCHA GRAMPANCHAYATH,,0.1341943387757226,37.734121089782896
2022,13,HAYATHNAGAR,3-HAYAT NAGAR,L.B.NAGAR ZONE,0.1773569062694905,39.43401481632986
2022,15,VANASTHALIPURAM,4-LB. NAGAR,L.B.NAGAR ZONE,0.1262595984332725,37.78080766602193
2022,26,OLD MALAKPET,6-MALAKPET,CHARMINAR ZONE,0.1601954260731339,37.81153890926885
2022,17,CHAMPAPET,4-LB. NAGAR,L.B.NAGAR ZONE,0.1064400392429935,36.8144300827598
2022,39,SANTOSH NAGAR,7-SANTOSH NAGAR,CHARMINAR ZONE,0.1042953506940441,36.87412701283414
2022,66,LUNGER HOUSE,13-KARWAN,KHAIRATHABAD ZONE,0.2255748882013225,38.45907571905472
2022,112,RAMACHANDRAPURAM,22-RAMACHANDRAPURAM & PATANCHERUVU,SERILINGAMPALLY ZONE,0.1424545478342669,38.795348439772276
2022,128,CHINTAL,26-GAJULARAMARAM,KUKATPALLY ZONE,0.2197991550664542,38.52289672281391
2022,126,JAGADGIRI GUTTA,26-GAJULARAMARAM,KUKATPALLY ZONE,0.110682430693462,38.22366693730862
2022,129,SURARAM,26-GAJULARAMARAM,KUKATPALLY ZONE,0.1651535601897492,39.48275974369586
2022,133,MACHABOLARUM,27-ALWAL,KUKATPALLY ZONE,0.1863155198729796,38.795183391835764
2022,138,MOULA-ALI,28-MALKAJGIRI,SECUNDERABAD ZONE,0.1332690429869483,36.60348436479189
2022,107,MADHAPUR,21-CHANDA NAGAR,SERILINGAMPALLY ZONE,0.1320072316887117,38.829760104691566
2022,OU,,OU,,0.3250471387201895,35.32583697873732
2022,149,BEGUMPET,30-BEGUMPET,SECUNDERABAD ZONE,0.1777454334400406,39.29523940368379
2022,135,VENKATAPURAM,27-ALWAL,KUKATPALLY ZONE,0.1511236770043874,37.779672878195875
2022,123,HYDER NAGAR,24-KUKATPALLY,KUKATPALLY ZONE,0.1312721417521911,39.36561548704619
2022,122,VIVEKANANDA NAGAR COLONY,24-KUKATPALLY,KUKATPALLY ZONE,0.1049743229655127,38.326505082837215
2022,113,PATANCHERUVU,22-RAMACHANDRAPURAM & PATANCHERUVU,SERILINGAMPALLY ZONE,0.1861137542064957,39.18141386405674
2022,108,MIYAPUR,21-CHANDA NAGAR,SERILINGAMPALLY ZONE,0.1704086100699517,39.57244305843379
2022,41,KANCHANBAGH,8-CHANDRAYANGUTTA,CHARMINAR ZONE,0.2288861956346322,36.25178661002893
2022,7,CHILUKA NAGAR,2-UPPAL,L.B.NAGAR ZONE,0.1899881417210837,35.761906374316354
2022,9,RAMANTHAPUR,2-UPPAL,L.B.NAGAR ZONE,0.1704389313379077,36.2833148992942
2022,25,MOOSARAMBAGH,6-MALAKPET,CHARMINAR ZONE,0.1385760715371777,36.82944654754643
2022,BANDLA GUDA,,BANDLAGUDA,,0.1737824414153172,40.227941949965846
2022,28,AZAMPURA,6-MALAKPET,CHARMINAR ZONE,0.1012570357440385,37.95705608217029
2022,56,KISHAN BAGH,10-FALAKNUMA,CHARMINAR ZONE,0.1369679791145133,37.48180992363361
2022,52,PURANAPOOL,9-CHARMINAR,CHARMINAR ZONE,0.0787468611800938,37.71266550070562
2022,59,MAILARDEVPALLY,11-RAJENDRA NAGAR,CHARMINAR ZONE,0.1751725171720539,37.65750578294439
2022,46,FALAKNUMA,10-FALAKNUMA,CHARMINAR ZONE,0.1052245139011339,38.94834246787502
2022,61,ATTAPUR,11-RAJENDRA NAGAR,CHARMINAR ZONE,0.1351695154347227,37.95159514414525
2022,60,RAJENDRANAGAR,11-RAJENDRA NAGAR,CHARMINAR ZONE,0.2175782071488994,37.66569923425913
2022,49,GANSIBAZAR,9-CHARMINAR,CHARMINAR ZONE,0.1010710486353897,37.62796255147201
2022,33,MOGHALPURA,9-CHARMINAR,CHARMINAR ZONE,0.0819823603332187,37.34365346231132
2022,47,NAWABSAHEBKUNTA,10-FALAKNUMA,CHARMINAR ZONE,0.0890552875458307,38.02724167034285
2022,58,SHASTRIPURAM,11-RAJENDRA NAGAR,CHARMINAR ZONE,0.1245354749944339,38.01408297916337
2022,54,JAHANUMA,10-FALAKNUMA,CHARMINAR ZONE,0.0898195539666346,37.66690670422459
2022,48,SHALIBANDA,9-CHARMINAR,CHARMINAR ZONE,0.095953435304943,37.314230153013064
2022,53,DOODBOWLI,10-FALAKNUMA,CHARMINAR ZONE,0.1042451142199945,37.81301617999149
2022,55,RAMNASTPURA,10-FALAKNUMA,CHARMINAR ZONE,0.2093725914244717,33.90031355803853
2022,43,CHANDRAYANGUTTA,8-CHANDRAYANGUTTA,CHARMINAR ZONE,0.1292037732054011,37.40523192853583
2022,44,UPPUGUDA,8-CHANDRAYANGUTTA,CHARMINAR ZONE,0.0890000641264664,37.1698694423445
2022,35,GOWLIPURA,7-SANTOSH NAGAR,CHARMINAR ZONE,0.0884841723604557,36.92181521671341
2022,30,DABEERPURA,6-MALAKPET,CHARMINAR ZONE,0.1028217440392912,37.93377402405792
2022,32,PATHER GATTI,9-CHARMINAR,CHARMINAR ZONE,0.0907505109832786,38.05160339342479
2022,23,GADDIANNARAM,5-SAROOR NAGAR,L.B.NAGAR ZONE,0.0990246898250006,36.77982255806531
2022,24,SAIDABAD,6-MALAKPET,CHARMINAR ZONE,0.1445359532906031,36.59677572456909
2022,27,AKBERBAGH,6-MALAKPET,CHARMINAR ZONE,0.1548911175146787,37.64595133409317
2022,45,JANGAMMET,8-CHANDRAYANGUTTA,CHARMINAR ZONE,0.1188540246332769,37.50329404361768
2022,42,BARKAS,8-CHANDRAYANGUTTA,CHARMINAR ZONE,0.1823010211042583,37.3803962080161
2022,57,SULEMAN NAGAR,11-RAJENDRA NAGAR,CHARMINAR ZONE,0.1470567621599618,38.2545265836188
2022,74,AHMED NAGAR,12-MEDHDIPATNAM,KHAIRATHABAD ZONE,0.1743079997089719,37.28180812980952
2022,92,VENKATESHWARA COLONY,18-JUBILEE HILLS,KHAIRATHABAD ZONE,0.1777338382005886,37.00437550478391
2022,89,GANDHINAGAR,15-MUSHEERABAD,SECUNDERABAD ZONE,0.1222382697462607,36.50801142233596
2022,75,RED HILLS,12-MEDHDIPATNAM,KHAIRATHABAD ZONE,0.1456858333674484,36.85129771381643
2022,79,HIMAYATNAGAR,16-AMBERPET,SECUNDERABAD ZONE,0.1057348112089339,37.016186430305844
2022,88,BHOLAKPUR,15-MUSHEERABAD,SECUNDERABAD ZONE,0.0991301386065985,37.24980952027874
2022,86,MUSHEERABAD,15-MUSHEERABAD,SECUNDERABAD ZONE,0.0993837536671875,36.62861970366806
2022,85,ADIKMET,15-MUSHEERABAD,SECUNDERABAD ZONE,0.1233706184909214,37.13470900794382
2022,87,RAMNAGAR,15-MUSHEERABAD,SECUNDERABAD ZONE,0.1272605341681796,37.583299317155266
2022,90,KAVADIGUDA,15-MUSHEERABAD,SECUNDERABAD ZONE,0.189884201579584,36.37962328623976
2022,93,BANJARA HILLS,18-JUBILEE HILLS,KHAIRATHABAD ZONE,0.146499723942495,36.80993062126461
2022,91,KHAIRTABAD,17-KHAIRATABAD,KHAIRATHABAD ZONE,0.0660299709765422,32.690846813268884
2022,103,BORABANDA,19-YOUSUFGUDA,SERILINGAMPALLY ZONE,0.0786060286506705,39.31375543552372
2022,97,SOMAJIGUDA,17-KHAIRATABAD,KHAIRATHABAD ZONE,0.1329338943796012,37.081102392225745
2022,98,AMEERPET,17-KHAIRATABAD,KHAIRATHABAD ZONE,0.1490331336442343,37.47256994039604
2022,101,ERRAGADDA,19-YOUSUFGUDA,SERILINGAMPALLY ZONE,0.120904793935472,38.9525349292125
2022,100,SANATH NAGAR,17-KHAIRATABAD,KHAIRATHABAD ZONE,0.1311426398096523,39.733713354247186
2022,99,VENGALRAO NAGAR,19-YOUSUFGUDA,SERILINGAMPALLY ZONE,0.1698516333991943,38.178440579949715
2022,102,RAHAMATH NAGAR,19-YOUSUFGUDA,SERILINGAMPALLY ZONE,0.0894513938407681,39.677301759643974
2022,6,NACHARAM,1-KAPRA,L.B.NAGAR ZONE,0.1670672606353868,36.74930504761859
2022,84,BAGH AMBERPET,16-AMBERPET,SECUNDERABAD ZONE,0.138182126918503,37.50941398959728
2022,81,NALLAKUNTA,16-AMBERPET,SECUNDERABAD ZONE,0.1161920849216434,36.91935361459084
2022,80,KACHIGUDA(Barkathpura),16-AMBERPET,SECUNDERABAD ZONE,0.1110452141442134,36.8558195288504
2022,82,GOLNAKA,16-AMBERPET,SECUNDERABAD ZONE,0.1627344836596102,37.341206070301716
2022,83,AMBERPET,16-AMBERPET,SECUNDERABAD ZONE,0.1845932182025952,37.49513413324959
2022,51,GOSHA MAHAL,14-GOSHAMAHAL,KHAIRATHABAD ZONE,0.1336203947796312,37.743547581491804
2022,68,TOLICHOWKI,13-KARWAN,KHAIRATHABAD ZONE,0.2364191706342995,36.1960085154922
2022,67,GOLCONDA,13-KARWAN,KHAIRATHABAD ZONE,0.1666463127416733,37.79049681531853
2022,77,JAMBAGH(Nampally),14-GOSHAMAHAL,KHAIRATHABAD ZONE,0.1044282588271031,37.812654174860306
2022,63,MANGALHAT,14-GOSHAMAHAL,KHAIRATHABAD ZONE,0.1280527438620576,37.6684275902181
2022,71,GUDIMALKAPUR,12-MEDHDIPATNAM,KHAIRATHABAD ZONE,0.1386595562715027,37.94582968803729
2022,70,MEHDIPATNAM,12-MEDHDIPATNAM,KHAIRATHABAD ZONE,0.1072008944765817,36.42275056452281
2022,76,MALLEPALLY,12-MEDHDIPATNAM,KHAIRATHABAD ZONE,0.0940704451699854,37.65560527981621
2022,62,ZIAGUDA,13-KARWAN,KHAIRATHABAD ZONE,0.1198135024500789,37.981745816836884
2022,72,ASIF NAGAR,12-MEDHDIPATNAM,KHAIRATHABAD ZONE,0.0905615108231603,38.02347831054637
2022,73,VIJAYANAGAR COLONY,12-MEDHDIPATNAM,KHAIRATHABAD ZONE,0.1272193025041159,36.86304799297677
2022,5,MALLAPUR,1-KAPRA,L.B.NAGAR ZONE,0.2000770465018361,38.05874950352158
2022,3,CHERLAPALLY,1-KAPRA,L.B.NAGAR ZONE,0.2032651808338888,38.10409249909736
2022,96,YOUSUFGUDA,19-YOUSUFGUDA,SERILINGAMPALLY ZONE,0.1496993790884635,38.21562534662326
2022,95,JUBILEE HILLS,18-JUBILEE HILLS,KHAIRATHABAD ZONE,0.187137510882614,37.178660179757465
2022,50,BEGUM BAZAR,14-GOSHAMAHAL,KHAIRATHABAD ZONE,0.108492841717217,37.59731857969813
2022,78,GUNFOUNDRY(Abids),14-GOSHAMAHAL,KHAIRATHABAD ZONE,0.1388593694954107,37.28290096343271
2022,65,KARWAN,13-KARWAN,KHAIRATHABAD ZONE,0.1244871248801744,38.600787755875636
2022,2,DR.A.S.RAO NAGAR,1-KAPRA,L.B.NAGAR ZONE,0.1833389408734957,36.35488430891553
2022,4,MEERPET H.B.COLONY,1-KAPRA,L.B.NAGAR ZONE,0.1771194811844811,36.585722704596826
2022,1,KAPRA,1-KAPRA,L.B.NAGAR ZONE,0.1806338570581563,36.67773693263432
2022,94,SHAIKPET,18-JUBILEE HILLS,KHAIRATHABAD ZONE,0.1207617248095601,37.671012873290195
2022,64,DATTATHREYA NAGAR,14-GOSHAMAHAL,KHAIRATHABAD ZONE,0.0899833672951589,38.41704463171218
2022,69,NANALNAGAR,13-KARWAN,KHAIRATHABAD ZONE,0.2011389198064964,37.523275302530045
2023,127,RANGAREDDY NAGAR,25-QUTUBULLAPUR,KUKATPALLY ZONE,0.1740996271274311,39.49453083197014
2023,119,OLD BOWENPALLY,24-KUKATPALLY,KUKATPALLY ZONE,0.1445981394181185,39.31058178663312
2023,145,SEETHAPHALMANDI,29-SECUNDERABAD,SECUNDERABAD ZONE,0.1084596756554233,38.869065163588274
2023,146,BOUDHA NAGAR,29-SECUNDERABAD,SECUNDERABAD ZONE,0.0960173398534528,38.32525012140647
2023,147,BANSILALPET,30-BEGUMPET,SECUNDERABAD ZONE,0.167853356256703,38.31686491742231
2023,144,METTUGUDA,29-SECUNDERABAD,SECUNDERABAD ZONE,0.2323237792063983,38.01082596986771
2023,148,RAMGOPALPET,30-BEGUMPET,SECUNDERABAD ZONE,0.1332267280177669,39.914678024432824
2023,150,MONDA  MARKET,30-BEGUMPET,SECUNDERABAD ZONE,0.1446274788570623,38.59012706267059
2023,136,NEREDMET,28-MALKAJGIRI,SECUNDERABAD ZONE,0.2220607047688186,36.97231548043058
2023,141,GOUTHAM NAGAR,28-MALKAJGIRI,SECUNDERABAD ZONE,0.1578872908255326,38.14666712171246
2023,140,MALKAJGIRI,28-MALKAJGIRI,SECUNDERABAD ZONE,0.1643718709600172,37.74809491378626
2023,139,EAST ANAND BAGH,28-MALKAJGIRI,SECUNDERABAD ZONE,0.2116302021265495,38.201358251227184
2023,142,ADDAGUTTA,29-SECUNDERABAD,SECUNDERABAD ZONE,0.2078333209017704,38.29882622178479
2023,137,VINAYAK NAGAR,28-MALKAJGIRI,SECUNDERABAD ZONE,0.1552614061408482,37.300030500366226
2023,134,ALWAL,27-ALWAL,KUKATPALLY ZONE,0.1801028553531909,37.67625383110013
2023,132,JEEDIMETLA,25-QUTUBULLAPUR,KUKATPALLY ZONE,0.2093467196286884,37.88153568812037
2023,CONTONMENT AREA,,CANTONMENT AREA,,0.3769985333706624,37.23810492877963
2023,120,BALA NAGAR,24-KUKATPALLY,KUKATPALLY ZONE,0.2905305679092288,37.049633911824024
2023,130,SUBHASH NAGAR,25-QUTUBULLAPUR,KUKATPALLY ZONE,0.1614197500809943,40.061355211615485
2023,131,QUTHBULLAPUR,25-QUTUBULLAPUR,KUKATPALLY ZONE,0.2060849089633835,39.01966668854644
2023,121,KUKATPALLY,24-KUKATPALLY,KUKATPALLY ZONE,0.1329322893776057,38.597514315108846
2023,125,GAJULARAMARAM,26-GAJULARAMARAM,KUKATPALLY ZONE,0.179201031855728,38.7325164881748
2023,124,ALLYWN COLONY,24-KUKATPALLY,KUKATPALLY ZONE,0.1325343228981527,38.66654958060395
2023,114,K.P.H.B.COLONY,23-MOOSAPET,KUKATPALLY ZONE,0.1946833708964808,38.62717954067351
2023,116,ALLAPUR,23-MOOSAPET,KUKATPALLY ZONE,0.1420618067310689,38.81289793960023
2023,115,BALAJI NAGAR,23-MOOSAPET,KUKATPALLY ZONE,0.2260429066009909,37.11975025985931
2023,117,MOOSAPET,23-MOOSAPET,KUKATPALLY ZONE,0.1227843349390696,39.895359098923414
2023,105,GACHIBOWLI,20-SERILINGAMPALLY,SERILINGAMPALLY ZONE,0.2305061405807224,38.298947560891165
2023,110,CHANDANAGAR,21-CHANDA NAGAR,SERILINGAMPALLY ZONE,0.1918012417481751,38.25456365439199
2023,111,BHARATHI NAGAR,22-RAMACHANDRAPURAM & PATANCHERUVU,SERILINGAMPALLY ZONE,0.1901094053162862,36.98480811594829
2023,106,SERILINGAMPALLY,20-SERILINGAMPALLY,SERILINGAMPALLY ZONE,0.1935135900050686,38.84998337630954
2023,104,KONDAPUR,20-SERILINGAMPALLY,SERILINGAMPALLY ZONE,0.1541015277199539,38.86248880086779
2023,109,HAFEEZPET,21-CHANDA NAGAR,SERILINGAMPALLY ZONE,0.145040116642495,38.42375313667044
2023,118,FATEH NAGAR,23-MOOSAPET,KUKATPALLY ZONE,0.1400071300281423,39.57762177707527
2023,143,TARNAKA,29-SECUNDERABAD,SECUNDERABAD ZONE,0.1902569057549274,37.32708719142284
2023,8,HABSIGUDA,2-UPPAL,L.B.NAGAR ZONE,0.2320689628679024,37.19717907639787
2023,40,RIYASATNAGAR,8-CHANDRAYANGUTTA,CHARMINAR ZONE,0.1081729963851409,37.813208750494525
2023,36,LALITHABAGH,8-CHANDRAYANGUTTA,CHARMINAR ZONE,0.1013720456836573,37.83098089490308
2023,34,TALABCHANCHALAM,7-SANTOSH NAGAR,CHARMINAR ZONE,0.0595598489735604,38.92102200207557
2023,22,CHAITHANYAPURI,5-SAROOR NAGAR,L.B.NAGAR ZONE,0.1515820177049092,37.1117318858565
2023,37,KURMAGUDA,7-SANTOSH NAGAR,CHARMINAR ZONE,0.1025049042493986,38.73292230102507
2023,31,REIN BAZAR,7-SANTOSH NAGAR,CHARMINAR ZONE,0.077417204110686,38.84981719101924
2023,29,CHAWANI,6-MALAKPET,CHARMINAR ZONE,0.1183739289280151,38.80396957155568
2023,38,I.S.SADAN,7-SANTOSH NAGAR,CHARMINAR ZONE,0.1304045751704088,37.113449061798
2023,18,LINGOJIGUDA,4-LB. NAGAR,L.B.NAGAR ZONE,0.1129560043372652,38.63041056098366
2023,16,HASTHINAPURAM,4-LB. NAGAR,L.B.NAGAR ZONE,0.1352640525892828,38.4339942751534
2023,20,R.K.PURAM,5-SAROOR NAGAR,L.B.NAGAR ZONE,0.1281937059354791,38.02308730241771
2023,19,SAROORNAGAR,5-SAROOR NAGAR,L.B.NAGAR ZONE,0.1386890675501797,38.84902955638548
2023,14,B.N.REDDY NAGAR,3-HAYAT NAGAR,L.B.NAGAR ZONE,0.196725286133884,38.134956682134636
2023,12,MANSOORABAD,3-HAYAT NAGAR,L.B.NAGAR ZONE,0.1833046820136916,38.58832820274829
2023,21,KOTHAPET,5-SAROOR NAGAR,L.B.NAGAR ZONE,0.1383405119084905,37.88077085747414
2023,11,NAGOLE,3-HAYAT NAGAR,L.B.NAGAR ZONE,0.2067141783224997,36.94275735546605
2023,10,UPPAL,2-UPPAL,L.B.NAGAR ZONE,0.1945351853902109,38.38037235499157
2023,GRAMPANCHAYAT PEERZADI GUDA,,GRAMPANCHAYAT PEERZADIGUDA,,0.1265588611286393,36.8249364142367
2023,KALAVANCHA GRAM PANCHAYATH,,KALAVANCHA GRAMPANCHAYATH,,0.142581217463766,37.61088157724184
2023,13,HAYATHNAGAR,3-HAYAT NAGAR,L.B.NAGAR ZONE,0.1928868276558192,38.770636025281
2023,15,VANASTHALIPURAM,4-LB. NAGAR,L.B.NAGAR ZONE,0.1388848544291928,37.95589943388924
2023,26,OLD MALAKPET,6-MALAKPET,CHARMINAR ZONE,0.1608059475337575,39.164060469022154
2023,17,CHAMPAPET,4-LB. NAGAR,L.B.NAGAR ZONE,0.1134145419376003,38.66781258163557
2023,39,SANTOSH NAGAR,7-SANTOSH NAGAR,CHARMINAR ZONE,0.1178864198014175,38.136873341047156
2023,66,LUNGER HOUSE,13-KARWAN,KHAIRATHABAD ZONE,0.2763571914266962,37.65910728542806
2023,112,RAMACHANDRAPURAM,22-RAMACHANDRAPURAM & PATANCHERUVU,SERILINGAMPALLY ZONE,0.1609476230685732,37.93862305156046
2023,128,CHINTAL,26-GAJULARAMARAM,KUKATPALLY ZONE,0.2883223362944632,38.39965579749262
2023,126,JAGADGIRI GUTTA,26-GAJULARAMARAM,KUKATPALLY ZONE,0.1172838296168844,38.16211503946909
2023,129,SURARAM,26-GAJULARAMARAM,KUKATPALLY ZONE,0.2152333092870759,38.22181793960318
2023,133,MACHABOLARUM,27-ALWAL,KUKATPALLY ZONE,0.2289837935747362,37.75751795417412
2023,138,MOULA-ALI,28-MALKAJGIRI,SECUNDERABAD ZONE,0.1457113031215254,37.99042767598766
2023,107,MADHAPUR,21-CHANDA NAGAR,SERILINGAMPALLY ZONE,0.1565678943993628,38.864266423727365
2023,OU,,OU,,0.3429798392515392,36.230948782553035
2023,149,BEGUMPET,30-BEGUMPET,SECUNDERABAD ZONE,0.2050490905146257,39.10361293586772
2023,135,VENKATAPURAM,27-ALWAL,KUKATPALLY ZONE,0.1738624391050638,38.13649030289622
2023,123,HYDER NAGAR,24-KUKATPALLY,KUKATPALLY ZONE,0.1517438172650356,39.5784052090738
2023,122,VIVEKANANDA NAGAR COLONY,24-KUKATPALLY,KUKATPALLY ZONE,0.1189102136511037,38.50451239817597
2023,113,PATANCHERUVU,22-RAMACHANDRAPURAM & PATANCHERUVU,SERILINGAMPALLY ZONE,0.2208015753544562,37.90191597274539
2023,108,MIYAPUR,21-CHANDA NAGAR,SERILINGAMPALLY ZONE,0.2064055515839764,38.76447265707541
2023,41,KANCHANBAGH,8-CHANDRAYANGUTTA,CHARMINAR ZONE,0.2561236371015172,37.12712259876031
2023,7,CHILUKA NAGAR,2-UPPAL,L.B.NAGAR ZONE,0.1917466115755452,36.85816577756211
2023,9,RAMANTHAPUR,2-UPPAL,L.B.NAGAR ZONE,0.1661224215778271,37.88983521919454
2023,25,MOOSARAMBAGH,6-MALAKPET,CHARMINAR ZONE,0.1452865230557496,37.29731191765395
2023,BANDLA GUDA,,BANDLAGUDA,,0.1973638118315818,39.517748198343206
2023,28,AZAMPURA,6-MALAKPET,CHARMINAR ZONE,0.11226827582205,38.3515815707573
2023,56,KISHAN BAGH,10-FALAKNUMA,CHARMINAR ZONE,0.1482533692876719,38.16973808622662
2023,52,PURANAPOOL,9-CHARMINAR,CHARMINAR ZONE,0.0879766809304389,38.49866056160561
2023,59,MAILARDEVPALLY,11-RAJENDRA NAGAR,CHARMINAR ZONE,0.2131316815845754,37.93477374136157
2023,46,FALAKNUMA,10-FALAKNUMA,CHARMINAR ZONE,0.131411343607997,39.27852835185273
2023,61,ATTAPUR,11-RAJENDRA NAGAR,CHARMINAR ZONE,0.1460492732937917,38.39231436551427
2023,60,RAJENDRANAGAR,11-RAJENDRA NAGAR,CHARMINAR ZONE,0.274697619641018,36.9254851146551
2023,49,GANSIBAZAR,9-CHARMINAR,CHARMINAR ZONE,0.1143474937687064,38.185648449127406
2023,33,MOGHALPURA,9-CHARMINAR,CHARMINAR ZONE,0.0933986672375876,38.1591061808036
2023,47,NAWABSAHEBKUNTA,10-FALAKNUMA,CHARMINAR ZONE,0.1073981137575167,38.52452372644016
2023,58,SHASTRIPURAM,11-RAJENDRA NAGAR,CHARMINAR ZONE,0.1495754099560316,38.565817745901796
2023,54,JAHANUMA,10-FALAKNUMA,CHARMINAR ZONE,0.103398704867882,38.448266957557856
2023,48,SHALIBANDA,9-CHARMINAR,CHARMINAR ZONE,0.1103107372823808,38.031530845092284
2023,53,DOODBOWLI,10-FALAKNUMA,CHARMINAR ZONE,0.1205480586345486,38.17276659240347
2023,55,RAMNASTPURA,10-FALAKNUMA,CHARMINAR ZONE,0.2734802168867703,34.44082954734915
2023,43,CHANDRAYANGUTTA,8-CHANDRAYANGUTTA,CHARMINAR ZONE,0.1423285116081138,37.996697243536545
2023,44,UPPUGUDA,8-CHANDRAYANGUTTA,CHARMINAR ZONE,0.0972596435713839,37.86040562623002
2023,35,GOWLIPURA,7-SANTOSH NAGAR,CHARMINAR ZONE,0.0990046600497459,37.7409472430024
2023,30,DABEERPURA,6-MALAKPET,CHARMINAR ZONE,0.1123469216715202,38.834213617551086
2023,32,PATHER GATTI,9-CHARMINAR,CHARMINAR ZONE,0.0994918560056568,38.45286368823938
2023,23,GADDIANNARAM,5-SAROOR NAGAR,L.B.NAGAR ZONE,0.1066552352197133,38.80846623742782
2023,24,SAIDABAD,6-MALAKPET,CHARMINAR ZONE,0.1558149081835836,36.781735506100404
2023,27,AKBERBAGH,6-MALAKPET,CHARMINAR ZONE,0.1706521138178197,37.93884685382807
2023,45,JANGAMMET,8-CHANDRAYANGUTTA,CHARMINAR ZONE,0.12969799598231,37.704680430809766
2023,42,BARKAS,8-CHANDRAYANGUTTA,CHARMINAR ZONE,0.1979612200382781,37.137201000777466
2023,57,SULEMAN NAGAR,11-RAJENDRA NAGAR,CHARMINAR ZONE,0.1828954241673382,38.329805028917846
2023,74,AHMED NAGAR,12-MEDHDIPATNAM,KHAIRATHABAD ZONE,0.2107019149296592,38.347981753913174
2023,92,VENKATESHWARA COLONY,18-JUBILEE HILLS,KHAIRATHABAD ZONE,0.2234670764260387,37.28268604338928
2023,89,GANDHINAGAR,15-MUSHEERABAD,SECUNDERABAD ZONE,0.1369720001446503,39.35503776202357
2023,75,RED HILLS,12-MEDHDIPATNAM,KHAIRATHABAD ZONE,0.1657162813224778,38.020463047923755
2023,79,HIMAYATNAGAR,16-AMBERPET,SECUNDERABAD ZONE,0.1197433737258013,39.22059424717249
2023,88,BHOLAKPUR,15-MUSHEERABAD,SECUNDERABAD ZONE,0.115176509279427,38.85717106037234
2023,86,MUSHEERABAD,15-MUSHEERABAD,SECUNDERABAD ZONE,0.1255757565519216,38.2522612774475
2023,85,ADIKMET,15-MUSHEERABAD,SECUNDERABAD ZONE,0.1403739944402678,38.107911735369235
2023,87,RAMNAGAR,15-MUSHEERABAD,SECUNDERABAD ZONE,0.145799718947909,39.129392955875446
2023,90,KAVADIGUDA,15-MUSHEERABAD,SECUNDERABAD ZONE,0.2136829455518461,37.87023786251484
2023,93,BANJARA HILLS,18-JUBILEE HILLS,KHAIRATHABAD ZONE,0.1746010834360062,37.620129293689004
2023,91,KHAIRTABAD,17-KHAIRATABAD,KHAIRATHABAD ZONE,0.0768475775428418,33.54917492616561
2023,103,BORABANDA,19-YOUSUFGUDA,SERILINGAMPALLY ZONE,0.0954505017327797,37.85795833754078
2023,97,SOMAJIGUDA,17-KHAIRATABAD,KHAIRATHABAD ZONE,0.1543181672916108,38.12206432533609
2023,98,AMEERPET,17-KHAIRATABAD,KHAIRATHABAD ZONE,0.1735655888046635,37.59162614462112
2023,101,ERRAGADDA,19-YOUSUFGUDA,SERILINGAMPALLY ZONE,0.1441272230435233,38.273512270679504
2023,100,SANATH NAGAR,17-KHAIRATABAD,KHAIRATHABAD ZONE,0.1568535902444061,39.373251780288136
2023,99,VENGALRAO NAGAR,19-YOUSUFGUDA,SERILINGAMPALLY ZONE,0.1931186602967084,37.26324894201191
2023,102,RAHAMATH NAGAR,19-YOUSUFGUDA,SERILINGAMPALLY ZONE,0.1035684530353612,38.69662903549961
2023,6,NACHARAM,1-KAPRA,L.B.NAGAR ZONE,0.1820819823755937,37.7828287869799
2023,84,BAGH AMBERPET,16-AMBERPET,SECUNDERABAD ZONE,0.1489360640945634,38.59643598627232
2023,81,NALLAKUNTA,16-AMBERPET,SECUNDERABAD ZONE,0.1334484410087231,37.673657409038306
2023,80,KACHIGUDA(Barkathpura),16-AMBERPET,SECUNDERABAD ZONE,0.1279982584590478,38.242218717655426
2023,82,GOLNAKA,16-AMBERPET,SECUNDERABAD ZONE,0.1732852389589566,37.75020304480774
2023,83,AMBERPET,16-AMBERPET,SECUNDERABAD ZONE,0.1853183827325185,37.91004086703388
2023,51,GOSHA MAHAL,14-GOSHAMAHAL,KHAIRATHABAD ZONE,0.1510859718195018,38.32911099722026
2023,68,TOLICHOWKI,13-KARWAN,KHAIRATHABAD ZONE,0.2266843466213637,36.10326512989257
2023,67,GOLCONDA,13-KARWAN,KHAIRATHABAD ZONE,0.1886785401929131,37.50150934593334
2023,77,JAMBAGH(Nampally),14-GOSHAMAHAL,KHAIRATHABAD ZONE,0.1196390725952785,38.85786754404357
2023,63,MANGALHAT,14-GOSHAMAHAL,KHAIRATHABAD ZONE,0.1462500814802343,38.10027863805812
2023,71,GUDIMALKAPUR,12-MEDHDIPATNAM,KHAIRATHABAD ZONE,0.1585561712972567,38.11138270198696
2023,70,MEHDIPATNAM,12-MEDHDIPATNAM,KHAIRATHABAD ZONE,0.1242957241104182,37.622867038581646
2023,76,MALLEPALLY,12-MEDHDIPATNAM,KHAIRATHABAD ZONE,0.108973841969024,37.87994440139149
2023,62,ZIAGUDA,13-KARWAN,KHAIRATHABAD ZONE,0.1292008028668214,38.14670501016054
2023,72,ASIF NAGAR,12-MEDHDIPATNAM,KHAIRATHABAD ZONE,0.1047942980638835,38.98005069491934
2023,73,VIJAYANAGAR COLONY,12-MEDHDIPATNAM,KHAIRATHABAD ZONE,0.1460580878784795,37.973448308169736
2023,5,MALLAPUR,1-KAPRA,L.B.NAGAR ZONE,0.2260996074372861,39.007027257806435
2023,3,CHERLAPALLY,1-KAPRA,L.B.NAGAR ZONE,0.2382506441970887,38.87999398911091
2023,96,YOUSUFGUDA,19-YOUSUFGUDA,SERILINGAMPALLY ZONE,0.1871728535836181,38.04533344833351
2023,95,JUBILEE HILLS,18-JUBILEE HILLS,KHAIRATHABAD ZONE,0.2157742051748735,36.877847159889555
2023,50,BEGUM BAZAR,14-GOSHAMAHAL,KHAIRATHABAD ZONE,0.118966219338395,38.270494843857044
2023,78,GUNFOUNDRY(Abids),14-GOSHAMAHAL,KHAIRATHABAD ZONE,0.1567022004722878,38.58496397043344
2023,65,KARWAN,13-KARWAN,KHAIRATHABAD ZONE,0.1367662447577035,38.59162398565862
2023,2,DR.A.S.RAO NAGAR,1-KAPRA,L.B.NAGAR ZONE,0.2025268903615302,37.49799535240742
2023,4,MEERPET H.B.COLONY,1-KAPRA,L.B.NAGAR ZONE,0.1935648062069272,38.17098160742063
2023,1,KAPRA,1-KAPRA,L.B.NAGAR ZONE,0.2123149807524966,37.36576793682635
2023,94,SHAIKPET,18-JUBILEE HILLS,KHAIRATHABAD ZONE,0.145314961810981,38.13804454903578
2023,64,DATTATHREYA NAGAR,14-GOSHAMAHAL,KHAIRATHABAD ZONE,0.101548079544352,38.90335722216107
2023,69,NANALNAGAR,13-KARWAN,KHAIRATHABAD ZONE,0.2451452268416067,37.20400321186841
2024,127,RANGAREDDY NAGAR,25-QUTUBULLAPUR,KUKATPALLY ZONE,0.1314594451024355,37.01132481167609
2024,119,OLD BOWENPALLY,24-KUKATPALLY,KUKATPALLY ZONE,0.1153576165460953,36.744743964932454
2024,145,SEETHAPHALMANDI,29-SECUNDERABAD,SECUNDERABAD ZONE,0.0831161472562825,37.26000319874439
2024,146,BOUDHA NAGAR,29-SECUNDERABAD,SECUNDERABAD ZONE,0.074621973009614,37.120191078769146
2024,147,BANSILALPET,30-BEGUMPET,SECUNDERABAD ZONE,0.1324822412627677,36.721681437056276
2024,144,METTUGUDA,29-SECUNDERABAD,SECUNDERABAD ZONE,0.1802333590415084,36.77752654763514
2024,148,RAMGOPALPET,30-BEGUMPET,SECUNDERABAD ZONE,0.1053245665744667,37.17826808808253
2024,150,MONDA  MARKET,30-BEGUMPET,SECUNDERABAD ZONE,0.1175515969222735,37.26612393197928
2024,136,NEREDMET,28-MALKAJGIRI,SECUNDERABAD ZONE,0.1843871523499173,35.997033867765026
2024,141,GOUTHAM NAGAR,28-MALKAJGIRI,SECUNDERABAD ZONE,0.1196559393411712,36.726701728546054
2024,140,MALKAJGIRI,28-MALKAJGIRI,SECUNDERABAD ZONE,0.1301876681610653,36.8808890867147
2024,139,EAST ANAND BAGH,28-MALKAJGIRI,SECUNDERABAD ZONE,0.1539704444488746,37.259857132900066
2024,142,ADDAGUTTA,29-SECUNDERABAD,SECUNDERABAD ZONE,0.1613047095850125,37.07157350966102
2024,137,VINAYAK NAGAR,28-MALKAJGIRI,SECUNDERABAD ZONE,0.1262650550171131,36.413803030809106
2024,134,ALWAL,27-ALWAL,KUKATPALLY ZONE,0.1480601428815611,36.58800958622784
2024,132,JEEDIMETLA,25-QUTUBULLAPUR,KUKATPALLY ZONE,0.1544470695792881,35.75963442626965
2024,CONTONMENT AREA,,CANTONMENT AREA,,0.2909052474584581,35.45372491145305
2024,120,BALA NAGAR,24-KUKATPALLY,KUKATPALLY ZONE,0.2148633246297017,35.22515316153567
2024,130,SUBHASH NAGAR,25-QUTUBULLAPUR,KUKATPALLY ZONE,0.1255377245684399,37.91016377954813
2024,131,QUTHBULLAPUR,25-QUTUBULLAPUR,KUKATPALLY ZONE,0.1527289733656702,36.14350718168553
2024,121,KUKATPALLY,24-KUKATPALLY,KUKATPALLY ZONE,0.1068958432616849,37.128567583335744
2024,125,GAJULARAMARAM,26-GAJULARAMARAM,KUKATPALLY ZONE,0.1371699145359256,36.66296901836539
2024,124,ALLYWN COLONY,24-KUKATPALLY,KUKATPALLY ZONE,0.1133288861440663,36.92189757595803
2024,114,K.P.H.B.COLONY,23-MOOSAPET,KUKATPALLY ZONE,0.1630438245245048,36.81939916391023
2024,116,ALLAPUR,23-MOOSAPET,KUKATPALLY ZONE,0.1243539974463326,37.220494250980636
2024,115,BALAJI NAGAR,23-MOOSAPET,KUKATPALLY ZONE,0.1770061977770023,35.44945234956049
2024,117,MOOSAPET,23-MOOSAPET,KUKATPALLY ZONE,0.0993400488304522,38.289417768839954
2024,105,GACHIBOWLI,20-SERILINGAMPALLY,SERILINGAMPALLY ZONE,0.2020042181953703,36.61204925618505
2024,110,CHANDANAGAR,21-CHANDA NAGAR,SERILINGAMPALLY ZONE,0.1613602687894537,37.2827942117268
2024,111,BHARATHI NAGAR,22-RAMACHANDRAPURAM & PATANCHERUVU,SERILINGAMPALLY ZONE,0.1759945695647392,36.97357263631558
2024,106,SERILINGAMPALLY,20-SERILINGAMPALLY,SERILINGAMPALLY ZONE,0.1734968987947323,36.97039751962358
2024,104,KONDAPUR,20-SERILINGAMPALLY,SERILINGAMPALLY ZONE,0.131573550176188,36.94572593957504
2024,109,HAFEEZPET,21-CHANDA NAGAR,SERILINGAMPALLY ZONE,0.127593852364219,37.207957502372906
2024,118,FATEH NAGAR,23-MOOSAPET,KUKATPALLY ZONE,0.1133751426690739,37.902186230873454
2024,143,TARNAKA,29-SECUNDERABAD,SECUNDERABAD ZONE,0.1533352921199287,36.599110116491566
2024,8,HABSIGUDA,2-UPPAL,L.B.NAGAR ZONE,0.1919509375250124,36.09170342479871
2024,40,RIYASATNAGAR,8-CHANDRAYANGUTTA,CHARMINAR ZONE,0.0893076475604625,37.78883697065476
2024,36,LALITHABAGH,8-CHANDRAYANGUTTA,CHARMINAR ZONE,0.085102136427598,37.80409087450541
2024,34,TALABCHANCHALAM,7-SANTOSH NAGAR,CHARMINAR ZONE,0.0448378627385368,38.72683152809213
2024,22,CHAITHANYAPURI,5-SAROOR NAGAR,L.B.NAGAR ZONE,0.1305125937725037,36.84157069486
2024,37,KURMAGUDA,7-SANTOSH NAGAR,CHARMINAR ZONE,0.0846666683837446,38.506821527779444
2024,31,REIN BAZAR,7-SANTOSH NAGAR,CHARMINAR ZONE,0.0610651972166093,38.32576668072791
2024,29,CHAWANI,6-MALAKPET,CHARMINAR ZONE,0.0954879415875448,37.71706084958562
2024,38,I.S.SADAN,7-SANTOSH NAGAR,CHARMINAR ZONE,0.1082671127888417,36.765431962600026
2024,18,LINGOJIGUDA,4-LB. NAGAR,L.B.NAGAR ZONE,0.0909140701681096,38.009174513640616
2024,16,HASTHINAPURAM,4-LB. NAGAR,L.B.NAGAR ZONE,0.1131487208520791,38.211259243355016
2024,20,R.K.PURAM,5-SAROOR NAGAR,L.B.NAGAR ZONE,0.1036012144890919,37.642759204425694
2024,19,SAROORNAGAR,5-SAROOR NAGAR,L.B.NAGAR ZONE,0.1089926520514654,37.57667206383379
2024,14,B.N.REDDY NAGAR,3-HAYAT NAGAR,L.B.NAGAR ZONE,0.1623861281140001,37.88818595215663
2024,12,MANSOORABAD,3-HAYAT NAGAR,L.B.NAGAR ZONE,0.1497411386915471,38.37276194069798
2024,21,KOTHAPET,5-SAROOR NAGAR,L.B.NAGAR ZONE,0.1175839858847086,37.647613457199114
2024,11,NAGOLE,3-HAYAT NAGAR,L.B.NAGAR ZONE,0.170957169334506,36.57649012795636
2024,10,UPPAL,2-UPPAL,L.B.NAGAR ZONE,0.1709578742001793,37.487734702160914
2024,GRAMPANCHAYAT PEERZADI GUDA,,GRAMPANCHAYAT PEERZADIGUDA,,0.1120396872464174,36.32540611910803
2024,KALAVANCHA GRAM PANCHAYATH,,KALAVANCHA GRAMPANCHAYATH,,0.1174983618936048,37.95643915181617
2024,13,HAYATHNAGAR,3-HAYAT NAGAR,L.B.NAGAR ZONE,0.164070833169343,38.44061087175484
2024,15,VANASTHALIPURAM,4-LB. NAGAR,L.B.NAGAR ZONE,0.1116668086033956,38.50953745977188
2024,26,OLD MALAKPET,6-MALAKPET,CHARMINAR ZONE,0.1415857649156612,37.47749645373293
2024,17,CHAMPAPET,4-LB. NAGAR,L.B.NAGAR ZONE,0.0928958983172996,37.92366726481401
2024,39,SANTOSH NAGAR,7-SANTOSH NAGAR,CHARMINAR ZONE,0.0982138652484352,37.64769545634945
2024,66,LUNGER HOUSE,13-KARWAN,KHAIRATHABAD ZONE,0.2260954044085484,35.90078108450875
2024,112,RAMACHANDRAPURAM,22-RAMACHANDRAPURAM & PATANCHERUVU,SERILINGAMPALLY ZONE,0.1424320257781802,37.24210982482823
2024,128,CHINTAL,26-GAJULARAMARAM,KUKATPALLY ZONE,0.2054484189830881,35.13521097469067
2024,126,JAGADGIRI GUTTA,26-GAJULARAMARAM,KUKATPALLY ZONE,0.1025331630439776,36.625793979247256
2024,129,SURARAM,26-GAJULARAMARAM,KUKATPALLY ZONE,0.1630757513797127,36.13375717348735
2024,133,MACHABOLARUM,27-ALWAL,KUKATPALLY ZONE,0.1749318725186829,36.45685712727448
2024,138,MOULA-ALI,28-MALKAJGIRI,SECUNDERABAD ZONE,0.1106571852644093,36.842875881527874
2024,107,MADHAPUR,21-CHANDA NAGAR,SERILINGAMPALLY ZONE,0.1371426589716022,37.302457008310746
2024,OU,,OU,,0.2659661161453391,34.91700176570198
2024,149,BEGUMPET,30-BEGUMPET,SECUNDERABAD ZONE,0.1697435416963528,37.55871399848406
2024,135,VENKATAPURAM,27-ALWAL,KUKATPALLY ZONE,0.1376838824865089,36.73510433448462
2024,123,HYDER NAGAR,24-KUKATPALLY,KUKATPALLY ZONE,0.1250487002729691,37.15016638580427
2024,122,VIVEKANANDA NAGAR COLONY,24-KUKATPALLY,KUKATPALLY ZONE,0.0990506593017737,36.64337848515932
2024,113,PATANCHERUVU,22-RAMACHANDRAPURAM & PATANCHERUVU,SERILINGAMPALLY ZONE,0.182981843155392,37.2073140077069
2024,108,MIYAPUR,21-CHANDA NAGAR,SERILINGAMPALLY ZONE,0.1763672198659876,36.83568631206282
2024,41,KANCHANBAGH,8-CHANDRAYANGUTTA,CHARMINAR ZONE,0.2050649818599113,36.47621535824633
2024,7,CHILUKA NAGAR,2-UPPAL,L.B.NAGAR ZONE,0.1591620948525594,36.31705296745464
2024,9,RAMANTHAPUR,2-UPPAL,L.B.NAGAR ZONE,0.1409887237561399,36.52497891600965
2024,25,MOOSARAMBAGH,6-MALAKPET,CHARMINAR ZONE,0.122815184401257,36.65694714610946
2024,BANDLA GUDA,,BANDLAGUDA,,0.1779699294717973,37.87483104428675
2024,28,AZAMPURA,6-MALAKPET,CHARMINAR ZONE,0.0969936797905051,37.80184675475222
2024,56,KISHAN BAGH,10-FALAKNUMA,CHARMINAR ZONE,0.1342820387344727,37.61030510181376
2024,52,PURANAPOOL,9-CHARMINAR,CHARMINAR ZONE,0.072945441919374,38.05890091780071
2024,59,MAILARDEVPALLY,11-RAJENDRA NAGAR,CHARMINAR ZONE,0.1635547976753249,37.7023820018153
2024,46,FALAKNUMA,10-FALAKNUMA,CHARMINAR ZONE,0.1000443899508283,39.432695872326185
2024,61,ATTAPUR,11-RAJENDRA NAGAR,CHARMINAR ZONE,0.1229853385764193,37.53797081865604
2024,60,RAJENDRANAGAR,11-RAJENDRA NAGAR,CHARMINAR ZONE,0.213857282981368,35.978353705860386
2024,49,GANSIBAZAR,9-CHARMINAR,CHARMINAR ZONE,0.096811606791104,37.94585044160713
2024,33,MOGHALPURA,9-CHARMINAR,CHARMINAR ZONE,0.0733893067422932,38.37518047639379
2024,47,NAWABSAHEBKUNTA,10-FALAKNUMA,CHARMINAR ZONE,0.0819957489760786,38.78823405257277
2024,58,SHASTRIPURAM,11-RAJENDRA NAGAR,CHARMINAR ZONE,0.1183359733125612,38.28238761268354
2024,54,JAHANUMA,10-FALAKNUMA,CHARMINAR ZONE,0.0823981483321487,38.276684530126865
2024,48,SHALIBANDA,9-CHARMINAR,CHARMINAR ZONE,0.0876130999359488,38.51815576382193
2024,53,DOODBOWLI,10-FALAKNUMA,CHARMINAR ZONE,0.0987297670702807,38.1228398051717
2024,55,RAMNASTPURA,10-FALAKNUMA,CHARMINAR ZONE,0.2444275618074817,34.03646926818506
2024,43,CHANDRAYANGUTTA,8-CHANDRAYANGUTTA,CHARMINAR ZONE,0.1185493608350642,38.29151015634862
2024,44,UPPUGUDA,8-CHANDRAYANGUTTA,CHARMINAR ZONE,0.0778601231759237,38.50638361498538
2024,35,GOWLIPURA,7-SANTOSH NAGAR,CHARMINAR ZONE,0.0769724608792026,38.25122273708615
2024,30,DABEERPURA,6-MALAKPET,CHARMINAR ZONE,0.0947792643631353,37.83165504112408
2024,32,PATHER GATTI,9-CHARMINAR,CHARMINAR ZONE,0.0810708896412417,38.174968502041416
2024,23,GADDIANNARAM,5-SAROOR NAGAR,L.B.NAGAR ZONE,0.083831831372086,37.70279757681631
2024,24,SAIDABAD,6-MALAKPET,CHARMINAR ZONE,0.1322291380973443,36.52839891843382
2024,27,AKBERBAGH,6-MALAKPET,CHARMINAR ZONE,0.1378889775397482,37.20875758334692
2024,45,JANGAMMET,8-CHANDRAYANGUTTA,CHARMINAR ZONE,0.1058149069593702,38.385914856364394
2024,42,BARKAS,8-CHANDRAYANGUTTA,CHARMINAR ZONE,0.1673285750426046,37.29621851854481
2024,57,SULEMAN NAGAR,11-RAJENDRA NAGAR,CHARMINAR ZONE,0.1512868727777653,37.63972446687735
2024,74,AHMED NAGAR,12-MEDHDIPATNAM,KHAIRATHABAD ZONE,0.1711858105965886,36.55070919009328
2024,92,VENKATESHWARA COLONY,18-JUBILEE HILLS,KHAIRATHABAD ZONE,0.1773229286768017,35.79939159915195
2024,89,GANDHINAGAR,15-MUSHEERABAD,SECUNDERABAD ZONE,0.1130675826001698,37.15820558964059
2024,75,RED HILLS,12-MEDHDIPATNAM,KHAIRATHABAD ZONE,0.1394215718797792,37.00093669040246
2024,79,HIMAYATNAGAR,16-AMBERPET,SECUNDERABAD ZONE,0.0963719565873496,37.284427627501735
2024,88,BHOLAKPUR,15-MUSHEERABAD,SECUNDERABAD ZONE,0.0917911349707935,37.574466201528985
2024,86,MUSHEERABAD,15-MUSHEERABAD,SECUNDERABAD ZONE,0.0947072566267937,36.84491690109716
2024,85,ADIKMET,15-MUSHEERABAD,SECUNDERABAD ZONE,0.1117077994665419,37.282278680096745
2024,87,RAMNAGAR,15-MUSHEERABAD,SECUNDERABAD ZONE,0.11916302594777,37.47253806364226
2024,90,KAVADIGUDA,15-MUSHEERABAD,SECUNDERABAD ZONE,0.1820404248066896,36.530621031501255
2024,93,BANJARA HILLS,18-JUBILEE HILLS,KHAIRATHABAD ZONE,0.1458575193423849,36.42210770414306
2024,91,KHAIRTABAD,17-KHAIRATABAD,KHAIRATHABAD ZONE,0.0814229440969921,32.40188340208897
2024,103,BORABANDA,19-YOUSUFGUDA,SERILINGAMPALLY ZONE,0.0760785078845524,37.41883369557638
2024,97,SOMAJIGUDA,17-KHAIRATABAD,KHAIRATHABAD ZONE,0.1277406262608966,36.630328170683384
2024,98,AMEERPET,17-KHAIRATABAD,KHAIRATHABAD ZONE,0.1425127297550611,36.35133370550222
2024,101,ERRAGADDA,19-YOUSUFGUDA,SERILINGAMPALLY ZONE,0.1145652664316766,36.95292060925983
2024,100,SANATH NAGAR,17-KHAIRATABAD,KHAIRATHABAD ZONE,0.1310305104229103,37.60871110885861
2024,99,VENGALRAO NAGAR,19-YOUSUFGUDA,SERILINGAMPALLY ZONE,0.1574183635045224,36.40847073929013
2024,102,RAHAMATH NAGAR,19-YOUSUFGUDA,SERILINGAMPALLY ZONE,0.084562878863168,37.57909658345816
2024,6,NACHARAM,1-KAPRA,L.B.NAGAR ZONE,0.1533637245027548,37.050664096154215
2024,84,BAGH AMBERPET,16-AMBERPET,SECUNDERABAD ZONE,0.1241916226106919,36.999414098486184
2024,81,NALLAKUNTA,16-AMBERPET,SECUNDERABAD ZONE,0.1070672094438625,36.92678424051702
2024,80,KACHIGUDA(Barkathpura),16-AMBERPET,SECUNDERABAD ZONE,0.1043550388336678,37.05995721457711
2024,82,GOLNAKA,16-AMBERPET,SECUNDERABAD ZONE,0.1475991214526346,36.88326205984145
2024,83,AMBERPET,16-AMBERPET,SECUNDERABAD ZONE,0.151031888601144,37.008907738266984
2024,51,GOSHA MAHAL,14-GOSHAMAHAL,KHAIRATHABAD ZONE,0.1257588671406324,37.53642472448093
2024,68,TOLICHOWKI,13-KARWAN,KHAIRATHABAD ZONE,0.202603450734766,35.954165578433276
2024,67,GOLCONDA,13-KARWAN,KHAIRATHABAD ZONE,0.163704428053627,37.005445754436664
2024,77,JAMBAGH(Nampally),14-GOSHAMAHAL,KHAIRATHABAD ZONE,0.0956852601745151,37.66796060965688
2024,63,MANGALHAT,14-GOSHAMAHAL,KHAIRATHABAD ZONE,0.1199863986275573,37.33180140157879
2024,71,GUDIMALKAPUR,12-MEDHDIPATNAM,KHAIRATHABAD ZONE,0.1360290538981839,37.56898009351281
2024,70,MEHDIPATNAM,12-MEDHDIPATNAM,KHAIRATHABAD ZONE,0.102954195884403,36.9363522247796
2024,76,MALLEPALLY,12-MEDHDIPATNAM,KHAIRATHABAD ZONE,0.088013213960198,37.14429337365713
2024,62,ZIAGUDA,13-KARWAN,KHAIRATHABAD ZONE,0.1177465626388824,37.69980244373604
2024,72,ASIF NAGAR,12-MEDHDIPATNAM,KHAIRATHABAD ZONE,0.0855779944969942,37.50679616106045
2024,73,VIJAYANAGAR COLONY,12-MEDHDIPATNAM,KHAIRATHABAD ZONE,0.1193731192439648,36.51484549913682
2024,5,MALLAPUR,1-KAPRA,L.B.NAGAR ZONE,0.1572289613226174,37.411906278365606
2024,3,CHERLAPALLY,1-KAPRA,L.B.NAGAR ZONE,0.1755551161780838,37.517883540894665
2024,96,YOUSUFGUDA,19-YOUSUFGUDA,SERILINGAMPALLY ZONE,0.1505683537354577,36.44895195172459
2024,95,JUBILEE HILLS,18-JUBILEE HILLS,KHAIRATHABAD ZONE,0.1853183584695887,36.143099094056886
2024,50,BEGUM BAZAR,14-GOSHAMAHAL,KHAIRATHABAD ZONE,0.1002207302728045,37.48372173505635
2024,78,GUNFOUNDRY(Abids),14-GOSHAMAHAL,KHAIRATHABAD ZONE,0.1286680568460809,37.21633290193184
2024,65,KARWAN,13-KARWAN,KHAIRATHABAD ZONE,0.1170716152093592,38.14293352414927
2024,2,DR.A.S.RAO NAGAR,1-KAPRA,L.B.NAGAR ZONE,0.1603632375103477,36.307658300255525
2024,4,MEERPET H.B.COLONY,1-KAPRA,L.B.NAGAR ZONE,0.1417634810545129,37.06102985238481
2024,1,KAPRA,1-KAPRA,L.B.NAGAR ZONE,0.1692099119908966,36.418572939627026
2024,94,SHAIKPET,18-JUBILEE HILLS,KHAIRATHABAD ZONE,0.1256006392015831,37.25088480991423
2024,64,DATTATHREYA NAGAR,14-GOSHAMAHAL,KHAIRATHABAD ZONE,0.0833678324508162,37.992036940762596
2024,69,NANALNAGAR,13-KARWAN,KHAIRATHABAD ZONE,0.1926133421046959,36.84842092956123
2025,127,RANGAREDDY NAGAR,25-QUTUBULLAPUR,KUKATPALLY ZONE,0.1637462820551939,37.911787233096476
2025,119,OLD BOWENPALLY,24-KUKATPALLY,KUKATPALLY ZONE,0.1316245263754495,36.690462519309236
2025,145,SEETHAPHALMANDI,29-SECUNDERABAD,SECUNDERABAD ZONE,0.0928240306862611,36.208713602403336
2025,146,BOUDHA NAGAR,29-SECUNDERABAD,SECUNDERABAD ZONE,0.0818194700698792,36.19052605913974
2025,147,BANSILALPET,30-BEGUMPET,SECUNDERABAD ZONE,0.1548152361429474,35.98053236690594
2025,144,METTUGUDA,29-SECUNDERABAD,SECUNDERABAD ZONE,0.2057489352502803,35.856719999354915
2025,148,RAMGOPALPET,30-BEGUMPET,SECUNDERABAD ZONE,0.1219496915104918,36.311314724614775
2025,150,MONDA  MARKET,30-BEGUMPET,SECUNDERABAD ZONE,0.1319546856127717,36.47300838194378
2025,136,NEREDMET,28-MALKAJGIRI,SECUNDERABAD ZONE,0.2076404972160457,35.53176365698398
2025,141,GOUTHAM NAGAR,28-MALKAJGIRI,SECUNDERABAD ZONE,0.1310129979334307,36.656324099633785
2025,140,MALKAJGIRI,28-MALKAJGIRI,SECUNDERABAD ZONE,0.1369487375404724,35.61734147536114
2025,139,EAST ANAND BAGH,28-MALKAJGIRI,SECUNDERABAD ZONE,0.1782353606175563,36.14873206895033
2025,142,ADDAGUTTA,29-SECUNDERABAD,SECUNDERABAD ZONE,0.1859890575159038,36.107550110002656
2025,137,VINAYAK NAGAR,28-MALKAJGIRI,SECUNDERABAD ZONE,0.1494656009843431,35.453546938015336
2025,134,ALWAL,27-ALWAL,KUKATPALLY ZONE,0.1620365687111916,35.66543253041619
2025,132,JEEDIMETLA,25-QUTUBULLAPUR,KUKATPALLY ZONE,0.1644230105505827,35.688966944452226
2025,CONTONMENT AREA,,CANTONMENT AREA,,0.3772683669598908,35.58176552889932
2025,120,BALA NAGAR,24-KUKATPALLY,KUKATPALLY ZONE,0.2708231753388036,35.746027329816435
2025,130,SUBHASH NAGAR,25-QUTUBULLAPUR,KUKATPALLY ZONE,0.1390548024912503,38.471107271231105
2025,131,QUTHBULLAPUR,25-QUTUBULLAPUR,KUKATPALLY ZONE,0.1784072334857041,36.475422868241225
2025,121,KUKATPALLY,24-KUKATPALLY,KUKATPALLY ZONE,0.1122426080483363,37.5657341018323
2025,125,GAJULARAMARAM,26-GAJULARAMARAM,KUKATPALLY ZONE,0.1509188402904842,37.576700611993445
2025,124,ALLYWN COLONY,24-KUKATPALLY,KUKATPALLY ZONE,0.1193306773445672,36.6036646973911
2025,114,K.P.H.B.COLONY,23-MOOSAPET,KUKATPALLY ZONE,0.1710520917534818,37.08782546318592
2025,116,ALLAPUR,23-MOOSAPET,KUKATPALLY ZONE,0.1348932828700543,37.42089273606762
2025,115,BALAJI NAGAR,23-MOOSAPET,KUKATPALLY ZONE,0.1929079234379462,35.93393912707199
2025,117,MOOSAPET,23-MOOSAPET,KUKATPALLY ZONE,0.1086014064993609,38.22701726104706
2025,105,GACHIBOWLI,20-SERILINGAMPALLY,SERILINGAMPALLY ZONE,0.209955366873575,37.07391119100506
2025,110,CHANDANAGAR,21-CHANDA NAGAR,SERILINGAMPALLY ZONE,0.1644740602473033,37.29839138097192
2025,111,BHARATHI NAGAR,22-RAMACHANDRAPURAM & PATANCHERUVU,SERILINGAMPALLY ZONE,0.1728898002525851,36.853456839618836
2025,106,SERILINGAMPALLY,20-SERILINGAMPALLY,SERILINGAMPALLY ZONE,0.182457627689215,36.68087341794152
2025,104,KONDAPUR,20-SERILINGAMPALLY,SERILINGAMPALLY ZONE,0.1376736854866718,36.74117359425971
2025,109,HAFEEZPET,21-CHANDA NAGAR,SERILINGAMPALLY ZONE,0.1242838383895071,37.039035779903244
2025,118,FATEH NAGAR,23-MOOSAPET,KUKATPALLY ZONE,0.128268844202406,37.939583135164874
2025,143,TARNAKA,29-SECUNDERABAD,SECUNDERABAD ZONE,0.1683033286475529,34.966789169230275
2025,8,HABSIGUDA,2-UPPAL,L.B.NAGAR ZONE,0.2157021283962232,35.11897202793559
2025,40,RIYASATNAGAR,8-CHANDRAYANGUTTA,CHARMINAR ZONE,0.0944588876036468,36.43893684653985
2025,36,LALITHABAGH,8-CHANDRAYANGUTTA,CHARMINAR ZONE,0.0912252061828007,36.44552995538521
2025,34,TALABCHANCHALAM,7-SANTOSH NAGAR,CHARMINAR ZONE,0.0463744797710669,37.63563774736759
2025,22,CHAITHANYAPURI,5-SAROOR NAGAR,L.B.NAGAR ZONE,0.1369330754503122,36.12102644674086
2025,37,KURMAGUDA,7-SANTOSH NAGAR,CHARMINAR ZONE,0.0900400899132696,36.575387720975215
2025,31,REIN BAZAR,7-SANTOSH NAGAR,CHARMINAR ZONE,0.063855877863057,37.08365132066297
2025,29,CHAWANI,6-MALAKPET,CHARMINAR ZONE,0.1022791925160111,36.49805735399854
2025,38,I.S.SADAN,7-SANTOSH NAGAR,CHARMINAR ZONE,0.1182258605733617,35.839987243555605
2025,18,LINGOJIGUDA,4-LB. NAGAR,L.B.NAGAR ZONE,0.1013482432836227,36.55807405384809
2025,16,HASTHINAPURAM,4-LB. NAGAR,L.B.NAGAR ZONE,0.1219389826646259,37.262451132512524
2025,20,R.K.PURAM,5-SAROOR NAGAR,L.B.NAGAR ZONE,0.1115841203780009,36.512790897948335
2025,19,SAROORNAGAR,5-SAROOR NAGAR,L.B.NAGAR ZONE,0.1221418364682566,36.57559378551291
2025,14,B.N.REDDY NAGAR,3-HAYAT NAGAR,L.B.NAGAR ZONE,0.1770078961573239,37.48285898403827
2025,12,MANSOORABAD,3-HAYAT NAGAR,L.B.NAGAR ZONE,0.1681356355006511,37.83168382475073
2025,21,KOTHAPET,5-SAROOR NAGAR,L.B.NAGAR ZONE,0.1254492858729359,36.68237189928665
2025,11,NAGOLE,3-HAYAT NAGAR,L.B.NAGAR ZONE,0.191007459867926,36.0400149482457
2025,10,UPPAL,2-UPPAL,L.B.NAGAR ZONE,0.178257404535014,36.511638285777394
2025,GRAMPANCHAYAT PEERZADI GUDA,,GRAMPANCHAYAT PEERZADIGUDA,,0.120833688740893,35.247321242485434
2025,KALAVANCHA GRAM PANCHAYATH,,KALAVANCHA GRAMPANCHAYATH,,0.1206009801108384,37.21508346616956
2025,13,HAYATHNAGAR,3-HAYAT NAGAR,L.B.NAGAR ZONE,0.1738565283886236,37.724234250873444
2025,15,VANASTHALIPURAM,4-LB. NAGAR,L.B.NAGAR ZONE,0.1207950134744367,37.345632377293974
2025,26,OLD MALAKPET,6-MALAKPET,CHARMINAR ZONE,0.1511399184377314,36.671031695366786
2025,17,CHAMPAPET,4-LB. NAGAR,L.B.NAGAR ZONE,0.0994428011835702,36.841135458047795
2025,39,SANTOSH NAGAR,7-SANTOSH NAGAR,CHARMINAR ZONE,0.0998385602412936,36.24261793356217
2025,66,LUNGER HOUSE,13-KARWAN,KHAIRATHABAD ZONE,0.2310674159042528,36.762936525505836
2025,112,RAMACHANDRAPURAM,22-RAMACHANDRAPURAM & PATANCHERUVU,SERILINGAMPALLY ZONE,0.1379589104860411,38.05275636169722
2025,128,CHINTAL,26-GAJULARAMARAM,KUKATPALLY ZONE,0.2567760735935341,36.423980763958134
2025,126,JAGADGIRI GUTTA,26-GAJULARAMARAM,KUKATPALLY ZONE,0.1149609995815465,36.87874168049025
2025,129,SURARAM,26-GAJULARAMARAM,KUKATPALLY ZONE,0.1895815234613741,36.8838503782573
2025,133,MACHABOLARUM,27-ALWAL,KUKATPALLY ZONE,0.200642261659211,36.337928524000056
2025,138,MOULA-ALI,28-MALKAJGIRI,SECUNDERABAD ZONE,0.1253105895442438,35.730382778839534
2025,107,MADHAPUR,21-CHANDA NAGAR,SERILINGAMPALLY ZONE,0.144255259974226,37.39088131767619
2025,OU,,OU,,0.3049169561611519,34.66329113063631
2025,149,BEGUMPET,30-BEGUMPET,SECUNDERABAD ZONE,0.1998112762836757,36.89033313050538
2025,135,VENKATAPURAM,27-ALWAL,KUKATPALLY ZONE,0.1559227354863009,36.48387994957115
2025,123,HYDER NAGAR,24-KUKATPALLY,KUKATPALLY ZONE,0.1348821626154865,37.05754558046348
2025,122,VIVEKANANDA NAGAR COLONY,24-KUKATPALLY,KUKATPALLY ZONE,0.1059375146343631,36.53042780318251
2025,113,PATANCHERUVU,22-RAMACHANDRAPURAM & PATANCHERUVU,SERILINGAMPALLY ZONE,0.1988698376082883,37.59021783590639
2025,108,MIYAPUR,21-CHANDA NAGAR,SERILINGAMPALLY ZONE,0.1783106439751256,37.277034993408755
2025,41,KANCHANBAGH,8-CHANDRAYANGUTTA,CHARMINAR ZONE,0.2457074469897915,36.43602724950781
2025,7,CHILUKA NAGAR,2-UPPAL,L.B.NAGAR ZONE,0.1782469469655687,34.90819177000722
2025,9,RAMANTHAPUR,2-UPPAL,L.B.NAGAR ZONE,0.1474812742048745,35.57772678674889
2025,25,MOOSARAMBAGH,6-MALAKPET,CHARMINAR ZONE,0.1314606392594461,36.12479463226218
2025,BANDLA GUDA,,BANDLAGUDA,,0.1780473193431736,38.8511833185322
2025,28,AZAMPURA,6-MALAKPET,CHARMINAR ZONE,0.1044491261712401,36.551475218244306
2025,56,KISHAN BAGH,10-FALAKNUMA,CHARMINAR ZONE,0.1376220750438814,36.64780962342259
2025,52,PURANAPOOL,9-CHARMINAR,CHARMINAR ZONE,0.0752324635009237,37.11782242099064
2025,59,MAILARDEVPALLY,11-RAJENDRA NAGAR,CHARMINAR ZONE,0.1766819439259892,37.38718369090906
2025,46,FALAKNUMA,10-FALAKNUMA,CHARMINAR ZONE,0.1123973054824363,38.18666499937354
2025,61,ATTAPUR,11-RAJENDRA NAGAR,CHARMINAR ZONE,0.1295685684828625,36.860427244770406
2025,60,RAJENDRANAGAR,11-RAJENDRA NAGAR,CHARMINAR ZONE,0.2300076136079022,36.88835350144899
2025,49,GANSIBAZAR,9-CHARMINAR,CHARMINAR ZONE,0.103094015625868,36.740305355954725
2025,33,MOGHALPURA,9-CHARMINAR,CHARMINAR ZONE,0.0814219955350733,37.003441330874054
2025,47,NAWABSAHEBKUNTA,10-FALAKNUMA,CHARMINAR ZONE,0.0904307172906687,37.29718345471281
2025,58,SHASTRIPURAM,11-RAJENDRA NAGAR,CHARMINAR ZONE,0.12853757485842,37.17915422259913
2025,54,JAHANUMA,10-FALAKNUMA,CHARMINAR ZONE,0.0882852020450763,37.30220614679362
2025,48,SHALIBANDA,9-CHARMINAR,CHARMINAR ZONE,0.0940148637477597,37.46117567376973
2025,53,DOODBOWLI,10-FALAKNUMA,CHARMINAR ZONE,0.1049333168717217,36.90638452976934
2025,55,RAMNASTPURA,10-FALAKNUMA,CHARMINAR ZONE,0.2839212047550363,33.425644223267405
2025,43,CHANDRAYANGUTTA,8-CHANDRAYANGUTTA,CHARMINAR ZONE,0.1297672511438441,37.105373487781286
2025,44,UPPUGUDA,8-CHANDRAYANGUTTA,CHARMINAR ZONE,0.0861769859131884,36.99107256057972
2025,35,GOWLIPURA,7-SANTOSH NAGAR,CHARMINAR ZONE,0.0845312784516229,36.98329100911011
2025,30,DABEERPURA,6-MALAKPET,CHARMINAR ZONE,0.1065295590665388,36.58420719064875
2025,32,PATHER GATTI,9-CHARMINAR,CHARMINAR ZONE,0.0905731484383656,36.819644680933614
2025,23,GADDIANNARAM,5-SAROOR NAGAR,L.B.NAGAR ZONE,0.0929290543558365,36.648714493585096
2025,24,SAIDABAD,6-MALAKPET,CHARMINAR ZONE,0.1417426172019223,36.29898572741504
2025,27,AKBERBAGH,6-MALAKPET,CHARMINAR ZONE,0.1500439154997102,36.47304314804724
2025,45,JANGAMMET,8-CHANDRAYANGUTTA,CHARMINAR ZONE,0.1158261748624909,37.353138200940265
2025,42,BARKAS,8-CHANDRAYANGUTTA,CHARMINAR ZONE,0.2041893475130174,36.531224450091486
2025,57,SULEMAN NAGAR,11-RAJENDRA NAGAR,CHARMINAR ZONE,0.1574553221627103,36.89696987620419
2025,74,AHMED NAGAR,12-MEDHDIPATNAM,KHAIRATHABAD ZONE,0.1904864497741144,35.58836064847477
2025,92,VENKATESHWARA COLONY,18-JUBILEE HILLS,KHAIRATHABAD ZONE,0.2047978763067437,35.458854983849896
2025,89,GANDHINAGAR,15-MUSHEERABAD,SECUNDERABAD ZONE,0.1238468531117838,35.88030170752606
2025,75,RED HILLS,12-MEDHDIPATNAM,KHAIRATHABAD ZONE,0.1536657061621623,35.36913245260655
2025,79,HIMAYATNAGAR,16-AMBERPET,SECUNDERABAD ZONE,0.106533957796611,36.60667526345885
2025,88,BHOLAKPUR,15-MUSHEERABAD,SECUNDERABAD ZONE,0.1068318985783026,36.979905653428965
2025,86,MUSHEERABAD,15-MUSHEERABAD,SECUNDERABAD ZONE,0.1106849033584799,36.11934242980608
2025,85,ADIKMET,15-MUSHEERABAD,SECUNDERABAD ZONE,0.1256364108164509,36.126699358477126
2025,87,RAMNAGAR,15-MUSHEERABAD,SECUNDERABAD ZONE,0.1344475696082302,36.69838877512582
2025,90,KAVADIGUDA,15-MUSHEERABAD,SECUNDERABAD ZONE,0.2046507910891087,35.61628264612315
2025,93,BANJARA HILLS,18-JUBILEE HILLS,KHAIRATHABAD ZONE,0.1587567042825085,35.5643506559424
2025,91,KHAIRTABAD,17-KHAIRATABAD,KHAIRATHABAD ZONE,0.0686079353382186,31.251417872584863
2025,103,BORABANDA,19-YOUSUFGUDA,SERILINGAMPALLY ZONE,0.0761215266667338,37.08618487640991
2025,97,SOMAJIGUDA,17-KHAIRATABAD,KHAIRATHABAD ZONE,0.1421958800885074,35.57286226358428
2025,98,AMEERPET,17-KHAIRATABAD,KHAIRATHABAD ZONE,0.1566771782680052,35.56189161322013
2025,101,ERRAGADDA,19-YOUSUFGUDA,SERILINGAMPALLY ZONE,0.1226449128418123,36.9698188891709
2025,100,SANATH NAGAR,17-KHAIRATABAD,KHAIRATHABAD ZONE,0.1433781772150472,37.54919397117084
2025,99,VENGALRAO NAGAR,19-YOUSUFGUDA,SERILINGAMPALLY ZONE,0.1686127037441159,36.41380889404509
2025,102,RAHAMATH NAGAR,19-YOUSUFGUDA,SERILINGAMPALLY ZONE,0.0868381215076176,37.11329262077441
2025,6,NACHARAM,1-KAPRA,L.B.NAGAR ZONE,0.167069629629454,35.40301109239102
2025,84,BAGH AMBERPET,16-AMBERPET,SECUNDERABAD ZONE,0.1301375133082426,36.5808739778205
2025,81,NALLAKUNTA,16-AMBERPET,SECUNDERABAD ZONE,0.1156723733833607,36.14498008115124
2025,80,KACHIGUDA(Barkathpura),16-AMBERPET,SECUNDERABAD ZONE,0.1167801083857413,36.11725066693828
2025,82,GOLNAKA,16-AMBERPET,SECUNDERABAD ZONE,0.1607950196756122,36.219443368478714
2025,83,AMBERPET,16-AMBERPET,SECUNDERABAD ZONE,0.1639788250317175,36.452288449819505
2025,51,GOSHA MAHAL,14-GOSHAMAHAL,KHAIRATHABAD ZONE,0.136666972765025,36.59740380298218
2025,68,TOLICHOWKI,13-KARWAN,KHAIRATHABAD ZONE,0.2210648025421731,35.48459630316098
2025,67,GOLCONDA,13-KARWAN,KHAIRATHABAD ZONE,0.1691244804998965,36.228293157744076
2025,77,JAMBAGH(Nampally),14-GOSHAMAHAL,KHAIRATHABAD ZONE,0.1092704008958025,36.62598261715242
2025,63,MANGALHAT,14-GOSHAMAHAL,KHAIRATHABAD ZONE,0.1340790761979087,36.21112699203581
2025,71,GUDIMALKAPUR,12-MEDHDIPATNAM,KHAIRATHABAD ZONE,0.1478069660826333,36.35530896215729
2025,70,MEHDIPATNAM,12-MEDHDIPATNAM,KHAIRATHABAD ZONE,0.1071509531655855,35.40752239830839
2025,76,MALLEPALLY,12-MEDHDIPATNAM,KHAIRATHABAD ZONE,0.0948364944745508,36.10021931384996
2025,62,ZIAGUDA,13-KARWAN,KHAIRATHABAD ZONE,0.1258216305732432,36.497541359870745
2025,72,ASIF NAGAR,12-MEDHDIPATNAM,KHAIRATHABAD ZONE,0.0903453320026347,36.247542167019006
2025,73,VIJAYANAGAR COLONY,12-MEDHDIPATNAM,KHAIRATHABAD ZONE,0.1312013588441446,35.512904220108666
2025,5,MALLAPUR,1-KAPRA,L.B.NAGAR ZONE,0.189479429141419,36.4735565423357
2025,3,CHERLAPALLY,1-KAPRA,L.B.NAGAR ZONE,0.1999128216759923,36.615044798200195
2025,96,YOUSUFGUDA,19-YOUSUFGUDA,SERILINGAMPALLY ZONE,0.1657955376052229,36.23404601882974
2025,95,JUBILEE HILLS,18-JUBILEE HILLS,KHAIRATHABAD ZONE,0.1982097281061273,35.58355548411889
2025,50,BEGUM BAZAR,14-GOSHAMAHAL,KHAIRATHABAD ZONE,0.1101912375389579,36.62895186917569
2025,78,GUNFOUNDRY(Abids),14-GOSHAMAHAL,KHAIRATHABAD ZONE,0.1452463122296941,35.948113815031746
2025,65,KARWAN,13-KARWAN,KHAIRATHABAD ZONE,0.124524543297513,36.61692755443572
2025,2,DR.A.S.RAO NAGAR,1-KAPRA,L.B.NAGAR ZONE,0.1827112304855267,35.39766462951117
2025,4,MEERPET H.B.COLONY,1-KAPRA,L.B.NAGAR ZONE,0.1663826189497294,36.00902051121366
2025,1,KAPRA,1-KAPRA,L.B.NAGAR ZONE,0.1921507976366087,35.65382370514956
2025,94,SHAIKPET,18-JUBILEE HILLS,KHAIRATHABAD ZONE,0.1292923554505461,36.77200061104997
2025,64,DATTATHREYA NAGAR,14-GOSHAMAHAL,KHAIRATHABAD ZONE,0.090471392512331,36.77220860930026
2025,69,NANALNAGAR,13-KARWAN,KHAIRATHABAD ZONE,0.2160713355309435,36.14698999234458
2026,127,RANGAREDDY NAGAR,25-QUTUBULLAPUR,KUKATPALLY ZONE,0.1385382800037762,39.80029083814965
2026,119,OLD BOWENPALLY,24-KUKATPALLY,KUKATPALLY ZONE,0.1342317477458984,38.71871460162272
2026,145,SEETHAPHALMANDI,29-SECUNDERABAD,SECUNDERABAD ZONE,0.0812227456404995,38.605346872081775
2026,146,BOUDHA NAGAR,29-SECUNDERABAD,SECUNDERABAD ZONE,0.0710721799472284,39.056740750962156
2026,147,BANSILALPET,30-BEGUMPET,SECUNDERABAD ZONE,0.1336020700234545,38.311855774788015
2026,144,METTUGUDA,29-SECUNDERABAD,SECUNDERABAD ZONE,0.1703009316490766,38.56393048021862
2026,148,RAMGOPALPET,30-BEGUMPET,SECUNDERABAD ZONE,0.1035382167380336,38.95638638743445
2026,150,MONDA  MARKET,30-BEGUMPET,SECUNDERABAD ZONE,0.1156516398601965,38.41439777966049
2026,136,NEREDMET,28-MALKAJGIRI,SECUNDERABAD ZONE,0.177423861426711,37.500432878423176
2026,141,GOUTHAM NAGAR,28-MALKAJGIRI,SECUNDERABAD ZONE,0.1138272520210856,37.651202722050975
2026,140,MALKAJGIRI,28-MALKAJGIRI,SECUNDERABAD ZONE,0.1327832132892219,37.25534093243125
2026,139,EAST ANAND BAGH,28-MALKAJGIRI,SECUNDERABAD ZONE,0.1445974634919757,38.44236534215321
2026,142,ADDAGUTTA,29-SECUNDERABAD,SECUNDERABAD ZONE,0.150272371143884,38.627456482649215
2026,137,VINAYAK NAGAR,28-MALKAJGIRI,SECUNDERABAD ZONE,0.1305348949908983,37.390942217932945
2026,134,ALWAL,27-ALWAL,KUKATPALLY ZONE,0.1528244317756326,37.65260649201859
2026,132,JEEDIMETLA,25-QUTUBULLAPUR,KUKATPALLY ZONE,0.1385734389933786,37.02886930497931
2026,CONTONMENT AREA,,CANTONMENT AREA,,0.2600171423616242,38.75663835502313
2026,120,BALA NAGAR,24-KUKATPALLY,KUKATPALLY ZONE,0.2187090745164382,38.152099057529114
2026,130,SUBHASH NAGAR,25-QUTUBULLAPUR,KUKATPALLY ZONE,0.1237828476587644,39.52140038319484
2026,131,QUTHBULLAPUR,25-QUTUBULLAPUR,KUKATPALLY ZONE,0.1521152908248106,38.26273806532288
2026,121,KUKATPALLY,24-KUKATPALLY,KUKATPALLY ZONE,0.0992179650907285,38.94115655685217
2026,125,GAJULARAMARAM,26-GAJULARAMARAM,KUKATPALLY ZONE,0.1333943728661682,39.3656077941395
2026,124,ALLYWN COLONY,24-KUKATPALLY,KUKATPALLY ZONE,0.1100767900179778,38.582124308216066
2026,114,K.P.H.B.COLONY,23-MOOSAPET,KUKATPALLY ZONE,0.1504729065901243,38.67537657448414
2026,116,ALLAPUR,23-MOOSAPET,KUKATPALLY ZONE,0.1106253965071522,40.17659057762007
2026,115,BALAJI NAGAR,23-MOOSAPET,KUKATPALLY ZONE,0.1639474702642843,38.85679249020688
2026,117,MOOSAPET,23-MOOSAPET,KUKATPALLY ZONE,0.0964470753900184,40.421398866797375
2026,105,GACHIBOWLI,20-SERILINGAMPALLY,SERILINGAMPALLY ZONE,0.1708043163049564,39.48129445030644
2026,110,CHANDANAGAR,21-CHANDA NAGAR,SERILINGAMPALLY ZONE,0.1440642297861265,38.63388025094446
2026,111,BHARATHI NAGAR,22-RAMACHANDRAPURAM & PATANCHERUVU,SERILINGAMPALLY ZONE,0.1605146874925995,38.575762183036204
2026,106,SERILINGAMPALLY,20-SERILINGAMPALLY,SERILINGAMPALLY ZONE,0.1626386660435877,38.35428399837556
2026,104,KONDAPUR,20-SERILINGAMPALLY,SERILINGAMPALLY ZONE,0.1251849108730394,38.856343171539095
2026,109,HAFEEZPET,21-CHANDA NAGAR,SERILINGAMPALLY ZONE,0.1127455839349533,38.486074687047896
2026,118,FATEH NAGAR,23-MOOSAPET,KUKATPALLY ZONE,0.1107172590198612,40.480608664702196
2026,143,TARNAKA,29-SECUNDERABAD,SECUNDERABAD ZONE,0.1473666570938928,37.89667993180177
2026,8,HABSIGUDA,2-UPPAL,L.B.NAGAR ZONE,0.1786399056013075,38.025168557959674
2026,40,RIYASATNAGAR,8-CHANDRAYANGUTTA,CHARMINAR ZONE,0.0814639443845925,38.951347552171384
2026,36,LALITHABAGH,8-CHANDRAYANGUTTA,CHARMINAR ZONE,0.0746689722029732,39.30347958115097
2026,34,TALABCHANCHALAM,7-SANTOSH NAGAR,CHARMINAR ZONE,0.0412790658270567,40.51199748672393
2026,22,CHAITHANYAPURI,5-SAROOR NAGAR,L.B.NAGAR ZONE,0.1197418589464725,37.768988520869456
2026,37,KURMAGUDA,7-SANTOSH NAGAR,CHARMINAR ZONE,0.0785905186816265,39.778201386494814
2026,31,REIN BAZAR,7-SANTOSH NAGAR,CHARMINAR ZONE,0.0566784978712828,40.24346738236697
2026,29,CHAWANI,6-MALAKPET,CHARMINAR ZONE,0.0875605414962328,39.75152267625826
2026,38,I.S.SADAN,7-SANTOSH NAGAR,CHARMINAR ZONE,0.1150019754663169,38.50391957608988
2026,18,LINGOJIGUDA,4-LB. NAGAR,L.B.NAGAR ZONE,0.0875930082945353,39.30241134935723
2026,16,HASTHINAPURAM,4-LB. NAGAR,L.B.NAGAR ZONE,0.1077530664596399,39.142276644884284
2026,20,R.K.PURAM,5-SAROOR NAGAR,L.B.NAGAR ZONE,0.0951003698191645,38.42803595336507
2026,19,SAROORNAGAR,5-SAROOR NAGAR,L.B.NAGAR ZONE,0.1014021137467246,38.90400815826398
2026,14,B.N.REDDY NAGAR,3-HAYAT NAGAR,L.B.NAGAR ZONE,0.1689599059438699,38.46930883006034
2026,12,MANSOORABAD,3-HAYAT NAGAR,L.B.NAGAR ZONE,0.1498403628660239,39.372159436532975
2026,21,KOTHAPET,5-SAROOR NAGAR,L.B.NAGAR ZONE,0.1051465867515093,39.090193567455714
2026,11,NAGOLE,3-HAYAT NAGAR,L.B.NAGAR ZONE,0.1544776976125601,38.074363731052884
2026,10,UPPAL,2-UPPAL,L.B.NAGAR ZONE,0.1317623404143993,39.83273887054609
2026,GRAMPANCHAYAT PEERZADI GUDA,,GRAMPANCHAYAT PEERZADIGUDA,,0.097924893712933,37.999004759838165
2026,KALAVANCHA GRAM PANCHAYATH,,KALAVANCHA GRAMPANCHAYATH,,0.1099483880300589,38.55705283746269
2026,13,HAYATHNAGAR,3-HAYAT NAGAR,L.B.NAGAR ZONE,0.1598084061084653,39.38642807552364
2026,15,VANASTHALIPURAM,4-LB. NAGAR,L.B.NAGAR ZONE,0.1058930435601367,38.63601821160881
2026,26,OLD MALAKPET,6-MALAKPET,CHARMINAR ZONE,0.130154775423977,39.564866794173454
2026,17,CHAMPAPET,4-LB. NAGAR,L.B.NAGAR ZONE,0.0876444161263309,38.81900122510047
2026,39,SANTOSH NAGAR,7-SANTOSH NAGAR,CHARMINAR ZONE,0.0923038396408076,38.98431818111939
2026,66,LUNGER HOUSE,13-KARWAN,KHAIRATHABAD ZONE,0.205315810352185,39.02999130364646
2026,112,RAMACHANDRAPURAM,22-RAMACHANDRAPURAM & PATANCHERUVU,SERILINGAMPALLY ZONE,0.1218778990909304,39.95807358743862
2026,128,CHINTAL,26-GAJULARAMARAM,KUKATPALLY ZONE,0.2216631232187728,38.21555418178064
2026,126,JAGADGIRI GUTTA,26-GAJULARAMARAM,KUKATPALLY ZONE,0.1204431450852002,38.81870231137292
2026,129,SURARAM,26-GAJULARAMARAM,KUKATPALLY ZONE,0.1574009506276635,39.275758609006246
2026,133,MACHABOLARUM,27-ALWAL,KUKATPALLY ZONE,0.1618164816059276,37.9869638318406
2026,138,MOULA-ALI,28-MALKAJGIRI,SECUNDERABAD ZONE,0.1040027560868739,37.964609631280496
2026,107,MADHAPUR,21-CHANDA NAGAR,SERILINGAMPALLY ZONE,0.1192381527542826,39.60651317119793
2026,OU,,OU,,0.2318187922410639,38.1330354850577
2026,149,BEGUMPET,30-BEGUMPET,SECUNDERABAD ZONE,0.1643826056870874,39.61989807013464
2026,135,VENKATAPURAM,27-ALWAL,KUKATPALLY ZONE,0.1340540503318038,38.2528572931769
2026,123,HYDER NAGAR,24-KUKATPALLY,KUKATPALLY ZONE,0.1295128735711311,38.589787333329014
2026,122,VIVEKANANDA NAGAR COLONY,24-KUKATPALLY,KUKATPALLY ZONE,0.0994089943715188,38.24133320302137
2026,113,PATANCHERUVU,22-RAMACHANDRAPURAM & PATANCHERUVU,SERILINGAMPALLY ZONE,0.1690328281633775,40.33446601533602
2026,108,MIYAPUR,21-CHANDA NAGAR,SERILINGAMPALLY ZONE,0.1544547476433491,38.92571984048732
2026,41,KANCHANBAGH,8-CHANDRAYANGUTTA,CHARMINAR ZONE,0.2020572360326357,38.71123861036937
2026,7,CHILUKA NAGAR,2-UPPAL,L.B.NAGAR ZONE,0.1511363565231461,37.95253658827197
2026,9,RAMANTHAPUR,2-UPPAL,L.B.NAGAR ZONE,0.1238059093021406,38.31475898126484
2026,25,MOOSARAMBAGH,6-MALAKPET,CHARMINAR ZONE,0.1157234428012795,38.27536281099306
2026,BANDLA GUDA,,BANDLAGUDA,,0.149881967957567,41.37970758595061
2026,28,AZAMPURA,6-MALAKPET,CHARMINAR ZONE,0.0889336433186883,39.69455457577453
2026,56,KISHAN BAGH,10-FALAKNUMA,CHARMINAR ZONE,0.1279788079011202,39.130975049909836
2026,52,PURANAPOOL,9-CHARMINAR,CHARMINAR ZONE,0.0708544163690667,39.8814759792908
2026,59,MAILARDEVPALLY,11-RAJENDRA NAGAR,CHARMINAR ZONE,0.1513103646165894,40.31175661538009
2026,46,FALAKNUMA,10-FALAKNUMA,CHARMINAR ZONE,0.095304045408043,40.9761651903733
2026,61,ATTAPUR,11-RAJENDRA NAGAR,CHARMINAR ZONE,0.1204913216882026,38.85634378507605
2026,60,RAJENDRANAGAR,11-RAJENDRA NAGAR,CHARMINAR ZONE,0.207635348469162,38.684980887449385
2026,49,GANSIBAZAR,9-CHARMINAR,CHARMINAR ZONE,0.0964065653081706,39.91782267946283
2026,33,MOGHALPURA,9-CHARMINAR,CHARMINAR ZONE,0.0715272772661277,40.174627835183585
2026,47,NAWABSAHEBKUNTA,10-FALAKNUMA,CHARMINAR ZONE,0.0814545973247586,40.37097005839862
2026,58,SHASTRIPURAM,11-RAJENDRA NAGAR,CHARMINAR ZONE,0.1131652312966096,40.15418000034732
2026,54,JAHANUMA,10-FALAKNUMA,CHARMINAR ZONE,0.0808616819040917,40.283369522958054
2026,48,SHALIBANDA,9-CHARMINAR,CHARMINAR ZONE,0.0831158756508921,39.95160699567264
2026,53,DOODBOWLI,10-FALAKNUMA,CHARMINAR ZONE,0.0932975508181142,40.08273758059405
2026,55,RAMNASTPURA,10-FALAKNUMA,CHARMINAR ZONE,0.318060936082189,36.38445575445074
2026,43,CHANDRAYANGUTTA,8-CHANDRAYANGUTTA,CHARMINAR ZONE,0.1097452530465493,39.56702332240689
2026,44,UPPUGUDA,8-CHANDRAYANGUTTA,CHARMINAR ZONE,0.072204980939062,39.4649775352573
2026,35,GOWLIPURA,7-SANTOSH NAGAR,CHARMINAR ZONE,0.071484483711907,39.65117973509675
2026,30,DABEERPURA,6-MALAKPET,CHARMINAR ZONE,0.0912549504822774,39.70953352723905
2026,32,PATHER GATTI,9-CHARMINAR,CHARMINAR ZONE,0.0827211474361216,40.00096029572679
2026,23,GADDIANNARAM,5-SAROOR NAGAR,L.B.NAGAR ZONE,0.0797520815435707,38.898389295920914
2026,24,SAIDABAD,6-MALAKPET,CHARMINAR ZONE,0.1260628128219055,38.0928955661364
2026,27,AKBERBAGH,6-MALAKPET,CHARMINAR ZONE,0.1296725731863574,38.70851072271359
2026,45,JANGAMMET,8-CHANDRAYANGUTTA,CHARMINAR ZONE,0.0966006218343951,39.6862590042948
2026,42,BARKAS,8-CHANDRAYANGUTTA,CHARMINAR ZONE,0.1722488008651,39.29341926002157
2026,57,SULEMAN NAGAR,11-RAJENDRA NAGAR,CHARMINAR ZONE,0.1479956979574096,39.545830611041154
2026,74,AHMED NAGAR,12-MEDHDIPATNAM,KHAIRATHABAD ZONE,0.1636214123518929,39.0603232214006
2026,92,VENKATESHWARA COLONY,18-JUBILEE HILLS,KHAIRATHABAD ZONE,0.1669545616260959,38.18266242963047
2026,89,GANDHINAGAR,15-MUSHEERABAD,SECUNDERABAD ZONE,0.1098759726573353,38.08531662113985
2026,75,RED HILLS,12-MEDHDIPATNAM,KHAIRATHABAD ZONE,0.1325413233111044,38.64159558223672
2026,79,HIMAYATNAGAR,16-AMBERPET,SECUNDERABAD ZONE,0.0946670878937786,38.752346532601194
2026,88,BHOLAKPUR,15-MUSHEERABAD,SECUNDERABAD ZONE,0.0914897771549351,39.143989110499895
2026,86,MUSHEERABAD,15-MUSHEERABAD,SECUNDERABAD ZONE,0.0876764991121629,39.43979496209269
2026,85,ADIKMET,15-MUSHEERABAD,SECUNDERABAD ZONE,0.1054632116217939,38.772376228975745
2026,87,RAMNAGAR,15-MUSHEERABAD,SECUNDERABAD ZONE,0.1126060202579529,40.021276532833454
2026,90,KAVADIGUDA,15-MUSHEERABAD,SECUNDERABAD ZONE,0.1743223605121661,37.774977949422734
2026,93,BANJARA HILLS,18-JUBILEE HILLS,KHAIRATHABAD ZONE,0.1399748958513314,38.266676859087596
2026,91,KHAIRTABAD,17-KHAIRATABAD,KHAIRATHABAD ZONE,0.0590009551844795,33.73612886645854
2026,103,BORABANDA,19-YOUSUFGUDA,SERILINGAMPALLY ZONE,0.0734306346464167,39.441944026794175
2026,97,SOMAJIGUDA,17-KHAIRATABAD,KHAIRATHABAD ZONE,0.1220540945339909,38.05922235161197
2026,98,AMEERPET,17-KHAIRATABAD,KHAIRATHABAD ZONE,0.1357668113566545,38.18830536679193
2026,101,ERRAGADDA,19-YOUSUFGUDA,SERILINGAMPALLY ZONE,0.1053994533082287,39.084710498707835
2026,100,SANATH NAGAR,17-KHAIRATABAD,KHAIRATHABAD ZONE,0.1293918877045806,39.63450525961405
2026,99,VENGALRAO NAGAR,19-YOUSUFGUDA,SERILINGAMPALLY ZONE,0.1501152739422466,38.61003977727954
2026,102,RAHAMATH NAGAR,19-YOUSUFGUDA,SERILINGAMPALLY ZONE,0.0810236704359014,39.83496053752859
2026,6,NACHARAM,1-KAPRA,L.B.NAGAR ZONE,0.1716985596306554,38.64724032780059
2026,84,BAGH AMBERPET,16-AMBERPET,SECUNDERABAD ZONE,0.1120388802966494,38.68888960527351
2026,81,NALLAKUNTA,16-AMBERPET,SECUNDERABAD ZONE,0.1004076104359105,38.878445561945156
2026,80,KACHIGUDA(Barkathpura),16-AMBERPET,SECUNDERABAD ZONE,0.1009101748717937,39.07689454495241
2026,82,GOLNAKA,16-AMBERPET,SECUNDERABAD ZONE,0.1365295699368502,38.853030822643156
2026,83,AMBERPET,16-AMBERPET,SECUNDERABAD ZONE,0.1310273268554295,39.22044803770683
2026,51,GOSHA MAHAL,14-GOSHAMAHAL,KHAIRATHABAD ZONE,0.1068806252332596,39.51382406558367
2026,68,TOLICHOWKI,13-KARWAN,KHAIRATHABAD ZONE,0.1852974510550656,38.10393268559922
2026,67,GOLCONDA,13-KARWAN,KHAIRATHABAD ZONE,0.1444551844231416,39.66095307474905
2026,77,JAMBAGH(Nampally),14-GOSHAMAHAL,KHAIRATHABAD ZONE,0.0911494568223082,39.718928408344816
2026,63,MANGALHAT,14-GOSHAMAHAL,KHAIRATHABAD ZONE,0.1102135263763849,39.416688135092606
2026,71,GUDIMALKAPUR,12-MEDHDIPATNAM,KHAIRATHABAD ZONE,0.1298808003391938,39.4985458468937
2026,70,MEHDIPATNAM,12-MEDHDIPATNAM,KHAIRATHABAD ZONE,0.0989657499911528,38.9687519536346
2026,76,MALLEPALLY,12-MEDHDIPATNAM,KHAIRATHABAD ZONE,0.0839795327245881,39.59919699744417
2026,62,ZIAGUDA,13-KARWAN,KHAIRATHABAD ZONE,0.1092522305640862,39.285644260783315
2026,72,ASIF NAGAR,12-MEDHDIPATNAM,KHAIRATHABAD ZONE,0.0793268448417925,39.72857891428813
2026,73,VIJAYANAGAR COLONY,12-MEDHDIPATNAM,KHAIRATHABAD ZONE,0.1153263035570305,38.936217488563955
2026,5,MALLAPUR,1-KAPRA,L.B.NAGAR ZONE,0.1479095913448376,39.19192260726872
2026,3,CHERLAPALLY,1-KAPRA,L.B.NAGAR ZONE,0.1593962203745662,38.93695799094363
2026,96,YOUSUFGUDA,19-YOUSUFGUDA,SERILINGAMPALLY ZONE,0.1415244812317417,38.68775138183489
2026,95,JUBILEE HILLS,18-JUBILEE HILLS,KHAIRATHABAD ZONE,0.1787753842241568,38.03634935906435
2026,50,BEGUM BAZAR,14-GOSHAMAHAL,KHAIRATHABAD ZONE,0.0977159495536253,39.341669955749964
2026,78,GUNFOUNDRY(Abids),14-GOSHAMAHAL,KHAIRATHABAD ZONE,0.1228798847630113,39.03276617185154
2026,65,KARWAN,13-KARWAN,KHAIRATHABAD ZONE,0.1083971112899368,39.655549752461226
2026,2,DR.A.S.RAO NAGAR,1-KAPRA,L.B.NAGAR ZONE,0.1519172062871672,37.62537334146497
2026,4,MEERPET H.B.COLONY,1-KAPRA,L.B.NAGAR ZONE,0.1361433827384655,38.082803184624545
2026,1,KAPRA,1-KAPRA,L.B.NAGAR ZONE,0.1637491781001705,37.976368640500134
2026,94,SHAIKPET,18-JUBILEE HILLS,KHAIRATHABAD ZONE,0.1198031337260594,39.03259507548563
2026,64,DATTATHREYA NAGAR,14-GOSHAMAHAL,KHAIRATHABAD ZONE,0.0777377003801182,39.98769827850921
2026,69,NANALNAGAR,13-KARWAN,KHAIRATHABAD ZONE,0.1825922173379381,39.1601933739122
