year,ward_no,ward_name,circle,zone,mean_ndvi
2016,127,RANGAREDDY NAGAR,25-QUTUBULLAPUR,KUKATPALLY ZONE,0.14999045314702988
2016,119,OLD BOWENPALLY,24-KUKATPALLY,KUKATPALLY ZONE,0.15114604593055672
2016,145,SEETHAPHALMANDI,29-SECUNDERABAD,SECUNDERABAD ZONE,0.1024115395862569
2016,146,BOUDHA NAGAR,29-SECUNDERABAD,SECUNDERABAD ZONE,0.08986323860301479
2016,147,BANSILALPET,30-BEGUMPET,SECUNDERABAD ZONE,0.15291404403269782
2016,144,METTUGUDA,29-SECUNDERABAD,SECUNDERABAD ZONE,0.23102296834821837
2016,148,RAMGOPALPET,30-BEGUMPET,SECUNDERABAD ZONE,0.1147227150126457
2016,150,MONDA  MARKET,30-BEGUMPET,SECUNDERABAD ZONE,0.13378520439147526
2016,136,NEREDMET,28-MALKAJGIRI,SECUNDERABAD ZONE,0.22600440246379486
2016,141,GOUTHAM NAGAR,28-MALKAJGIRI,SECUNDERABAD ZONE,0.1473170493026065
2016,140,MALKAJGIRI,28-MALKAJGIRI,SECUNDERABAD ZONE,0.15620814918619727
2016,139,EAST ANAND BAGH,28-MALKAJGIRI,SECUNDERABAD ZONE,0.21278806371244033
2016,142,ADDAGUTTA,29-SECUNDERABAD,SECUNDERABAD ZONE,0.2018522333260629
2016,137,VINAYAK NAGAR,28-MALKAJGIRI,SECUNDERABAD ZONE,0.14850660577451202
2016,134,ALWAL,27-ALWAL,KUKATPALLY ZONE,0.1805350165832152
2016,132,JEEDIMETLA,25-QUTUBULLAPUR,KUKATPALLY ZONE,0.21758881962210322
2016,CONTONMENT AREA,,CANTONMENT AREA,,0.1996801270330474
2016,120,BALA NAGAR,24-KUKATPALLY,KUKATPALLY ZONE,0.2893257172034695
2016,130,SUBHASH NAGAR,25-QUTUBULLAPUR,KUKATPALLY ZONE,0.15394072012898463
2016,131,QUTHBULLAPUR,25-QUTUBULLAPUR,KUKATPALLY ZONE,0.1949027983152179
2016,121,KUKATPALLY,24-KUKATPALLY,KUKATPALLY ZONE,0.13952940360069999
2016,125,GAJULARAMARAM,26-GAJULARAMARAM,KUKATPALLY ZONE,0.19375120531074555
2016,124,ALLYWN COLONY,24-KUKATPALLY,KUKATPALLY ZONE,0.16841259102946646
2016,114,K.P.H.B.COLONY,23-MOOSAPET,KUKATPALLY ZONE,0.1938060293707319
2016,116,ALLAPUR,23-MOOSAPET,KUKATPALLY ZONE,0.17590661305862695
2016,115,BALAJI NAGAR,23-MOOSAPET,KUKATPALLY ZONE,0.24934687908859343
2016,117,MOOSAPET,23-MOOSAPET,KUKATPALLY ZONE,0.11635500739825635
2016,105,GACHIBOWLI,20-SERILINGAMPALLY,SERILINGAMPALLY ZONE,0.27070083262149874
2016,110,CHANDANAGAR,21-CHANDA NAGAR,SERILINGAMPALLY ZONE,0.20255280853971033
2016,111,BHARATHI NAGAR,22-RAMACHANDRAPURAM & PATANCHERUVU,SERILINGAMPALLY ZONE,0.194913790817646
2016,106,SERILINGAMPALLY,20-SERILINGAMPALLY,SERILINGAMPALLY ZONE,0.2521137903553009
2016,104,KONDAPUR,20-SERILINGAMPALLY,SERILINGAMPALLY ZONE,0.19727399790581887
2016,109,HAFEEZPET,21-CHANDA NAGAR,SERILINGAMPALLY ZONE,0.17261046739260263
2016,118,FATEH NAGAR,23-MOOSAPET,KUKATPALLY ZONE,0.14483606470741064
2016,143,TARNAKA,29-SECUNDERABAD,SECUNDERABAD ZONE,0.1976589017069294
2016,8,HABSIGUDA,2-UPPAL,L.B.NAGAR ZONE,0.2663573080386465
2016,40,RIYASATNAGAR,8-CHANDRAYANGUTTA,CHARMINAR ZONE,0.12303099685315626
2016,36,LALITHABAGH,8-CHANDRAYANGUTTA,CHARMINAR ZONE,0.11209202903654128
2016,34,TALABCHANCHALAM,7-SANTOSH NAGAR,CHARMINAR ZONE,0.05987037682071479
2016,22,CHAITHANYAPURI,5-SAROOR NAGAR,L.B.NAGAR ZONE,0.1652336399807053
2016,37,KURMAGUDA,7-SANTOSH NAGAR,CHARMINAR ZONE,0.10417837110833116
2016,31,REIN BAZAR,7-SANTOSH NAGAR,CHARMINAR ZONE,0.07475740630612897
2016,29,CHAWANI,6-MALAKPET,CHARMINAR ZONE,0.12249733885639093
2016,38,I.S.SADAN,7-SANTOSH NAGAR,CHARMINAR ZONE,0.14557641331142446
2016,18,LINGOJIGUDA,4-LB. NAGAR,L.B.NAGAR ZONE,0.140009338482666
2016,16,HASTHINAPURAM,4-LB. NAGAR,L.B.NAGAR ZONE,0.19184444341638435
2016,20,R.K.PURAM,5-SAROOR NAGAR,L.B.NAGAR ZONE,0.13227770038050699
2016,19,SAROORNAGAR,5-SAROOR NAGAR,L.B.NAGAR ZONE,0.13584159175827804
2016,14,B.N.REDDY NAGAR,3-HAYAT NAGAR,L.B.NAGAR ZONE,0.25637280238530225
2016,12,MANSOORABAD,3-HAYAT NAGAR,L.B.NAGAR ZONE,0.23647301243277052
2016,21,KOTHAPET,5-SAROOR NAGAR,L.B.NAGAR ZONE,0.1628279770526949
2016,11,NAGOLE,3-HAYAT NAGAR,L.B.NAGAR ZONE,0.2685531108113104
2016,10,UPPAL,2-UPPAL,L.B.NAGAR ZONE,0.2476558475621365
2016,GRAMPANCHAYAT PEERZADI GUDA,,GRAMPANCHAYAT PEERZADIGUDA,,0.1567954368534048
2016,KALAVANCHA GRAM PANCHAYATH,,KALAVANCHA GRAMPANCHAYATH,,0.1786770422595058
2016,13,HAYATHNAGAR,3-HAYAT NAGAR,L.B.NAGAR ZONE,0.2558136040707922
2016,15,VANASTHALIPURAM,4-LB. NAGAR,L.B.NAGAR ZONE,0.17979950817608897
2016,26,OLD MALAKPET,6-MALAKPET,CHARMINAR ZONE,0.17996776983822524
2016,17,CHAMPAPET,4-LB. NAGAR,L.B.NAGAR ZONE,0.1306879812064007
2016,39,SANTOSH NAGAR,7-SANTOSH NAGAR,CHARMINAR ZONE,0.13315439269905466
2016,66,LUNGER HOUSE,13-KARWAN,KHAIRATHABAD ZONE,0.28398385851703134
2016,112,RAMACHANDRAPURAM,22-RAMACHANDRAPURAM & PATANCHERUVU,SERILINGAMPALLY ZONE,0.19544546278920807
2016,128,CHINTAL,26-GAJULARAMARAM,KUKATPALLY ZONE,0.236973740199886
2016,126,JAGADGIRI GUTTA,26-GAJULARAMARAM,KUKATPALLY ZONE,0.15482413056453107
2016,129,SURARAM,26-GAJULARAMARAM,KUKATPALLY ZONE,0.22236700954433
2016,133,MACHABOLARUM,27-ALWAL,KUKATPALLY ZONE,0.22773920798841532
2016,138,MOULA-ALI,28-MALKAJGIRI,SECUNDERABAD ZONE,0.1494532495839142
2016,107,MADHAPUR,21-CHANDA NAGAR,SERILINGAMPALLY ZONE,0.2000232191986262
2016,OU,,OU,,0.37706738602657225
2016,149,BEGUMPET,30-BEGUMPET,SECUNDERABAD ZONE,0.20878189744375703
2016,135,VENKATAPURAM,27-ALWAL,KUKATPALLY ZONE,0.18075580278012696
2016,123,HYDER NAGAR,24-KUKATPALLY,KUKATPALLY ZONE,0.1656632222621127
2016,122,VIVEKANANDA NAGAR COLONY,24-KUKATPALLY,KUKATPALLY ZONE,0.11551665147317268
2016,113,PATANCHERUVU,22-RAMACHANDRAPURAM & PATANCHERUVU,SERILINGAMPALLY ZONE,0.26625104025847796
2016,108,MIYAPUR,21-CHANDA NAGAR,SERILINGAMPALLY ZONE,0.22335847983355847
2016,41,KANCHANBAGH,8-CHANDRAYANGUTTA,CHARMINAR ZONE,0.31541632394510843
2016,7,CHILUKA NAGAR,2-UPPAL,L.B.NAGAR ZONE,0.22513265771044083
2016,9,RAMANTHAPUR,2-UPPAL,L.B.NAGAR ZONE,0.21488845103610563
2016,25,MOOSARAMBAGH,6-MALAKPET,CHARMINAR ZONE,0.14737397758333995
2016,BANDLA GUDA,,BANDLAGUDA,,0.22686386990371918
2016,28,AZAMPURA,6-MALAKPET,CHARMINAR ZONE,0.1281332061717554
2016,56,KISHAN BAGH,10-FALAKNUMA,CHARMINAR ZONE,0.16584017847223403
2016,52,PURANAPOOL,9-CHARMINAR,CHARMINAR ZONE,0.0950620419960423
2016,59,MAILARDEVPALLY,11-RAJENDRA NAGAR,CHARMINAR ZONE,0.23597648759663425
2016,46,FALAKNUMA,10-FALAKNUMA,CHARMINAR ZONE,0.1414779105135869
2016,61,ATTAPUR,11-RAJENDRA NAGAR,CHARMINAR ZONE,0.19563122195318147
2016,60,RAJENDRANAGAR,11-RAJENDRA NAGAR,CHARMINAR ZONE,0.2993642400355587
2016,49,GANSIBAZAR,9-CHARMINAR,CHARMINAR ZONE,0.10805519099493542
2016,33,MOGHALPURA,9-CHARMINAR,CHARMINAR ZONE,0.09545697755609535
2016,47,NAWABSAHEBKUNTA,10-FALAKNUMA,CHARMINAR ZONE,0.1032059886200394
2016,58,SHASTRIPURAM,11-RAJENDRA NAGAR,CHARMINAR ZONE,0.17654421168892473
2016,54,JAHANUMA,10-FALAKNUMA,CHARMINAR ZONE,0.10598769925073558
2016,48,SHALIBANDA,9-CHARMINAR,CHARMINAR ZONE,0.10766724227644814
2016,53,DOODBOWLI,10-FALAKNUMA,CHARMINAR ZONE,0.12912954291863105
2016,55,RAMNASTPURA,10-FALAKNUMA,CHARMINAR ZONE,0.29652349494110636
2016,43,CHANDRAYANGUTTA,8-CHANDRAYANGUTTA,CHARMINAR ZONE,0.16660876642286915
2016,44,UPPUGUDA,8-CHANDRAYANGUTTA,CHARMINAR ZONE,0.11790292832118314
2016,35,GOWLIPURA,7-SANTOSH NAGAR,CHARMINAR ZONE,0.10135136639062889
2016,30,DABEERPURA,6-MALAKPET,CHARMINAR ZONE,0.11525152800527262
2016,32,PATHER GATTI,9-CHARMINAR,CHARMINAR ZONE,0.0954192127202333
2016,23,GADDIANNARAM,5-SAROOR NAGAR,L.B.NAGAR ZONE,0.10193341799784776
2016,24,SAIDABAD,6-MALAKPET,CHARMINAR ZONE,0.15761207138371305
2016,27,AKBERBAGH,6-MALAKPET,CHARMINAR ZONE,0.16717855741677057
2016,45,JANGAMMET,8-CHANDRAYANGUTTA,CHARMINAR ZONE,0.13975041226437207
2016,42,BARKAS,8-CHANDRAYANGUTTA,CHARMINAR ZONE,0.2341273640897392
2016,57,SULEMAN NAGAR,11-RAJENDRA NAGAR,CHARMINAR ZONE,0.20489111919523625
2016,74,AHMED NAGAR,12-MEDHDIPATNAM,KHAIRATHABAD ZONE,0.21512167479317698
2016,92,VENKATESHWARA COLONY,18-JUBILEE HILLS,KHAIRATHABAD ZONE,0.23177197233406077
2016,89,GANDHINAGAR,15-MUSHEERABAD,SECUNDERABAD ZONE,0.13086668066011214
2016,75,RED HILLS,12-MEDHDIPATNAM,KHAIRATHABAD ZONE,0.1581385375762679
2016,79,HIMAYATNAGAR,16-AMBERPET,SECUNDERABAD ZONE,0.11088186411547424
2016,88,BHOLAKPUR,15-MUSHEERABAD,SECUNDERABAD ZONE,0.10113445585639183
2016,86,MUSHEERABAD,15-MUSHEERABAD,SECUNDERABAD ZONE,0.12484608757815127
2016,85,ADIKMET,15-MUSHEERABAD,SECUNDERABAD ZONE,0.13555204793982725
2016,87,RAMNAGAR,15-MUSHEERABAD,SECUNDERABAD ZONE,0.14450498665893863
2016,90,KAVADIGUDA,15-MUSHEERABAD,SECUNDERABAD ZONE,0.2064152976929646
2016,93,BANJARA HILLS,18-JUBILEE HILLS,KHAIRATHABAD ZONE,0.1721615698658972
2016,91,KHAIRTABAD,17-KHAIRATABAD,KHAIRATHABAD ZONE,0.06903760280949513
2016,103,BORABANDA,19-YOUSUFGUDA,SERILINGAMPALLY ZONE,0.09099815994512081
2016,97,SOMAJIGUDA,17-KHAIRATABAD,KHAIRATHABAD ZONE,0.14424653963657746
2016,98,AMEERPET,17-KHAIRATABAD,KHAIRATHABAD ZONE,0.16363635593627066
2016,101,ERRAGADDA,19-YOUSUFGUDA,SERILINGAMPALLY ZONE,0.14120000071974945
2016,100,SANATH NAGAR,17-KHAIRATABAD,KHAIRATHABAD ZONE,0.1556641385012612
2016,99,VENGALRAO NAGAR,19-YOUSUFGUDA,SERILINGAMPALLY ZONE,0.20000276571427572
2016,102,RAHAMATH NAGAR,19-YOUSUFGUDA,SERILINGAMPALLY ZONE,0.10422101472566064
2016,6,NACHARAM,1-KAPRA,L.B.NAGAR ZONE,0.21057121553014543
2016,84,BAGH AMBERPET,16-AMBERPET,SECUNDERABAD ZONE,0.15775497441086309
2016,81,NALLAKUNTA,16-AMBERPET,SECUNDERABAD ZONE,0.12683664150315954
2016,80,KACHIGUDA(Barkathpura),16-AMBERPET,SECUNDERABAD ZONE,0.11328768801202725
2016,82,GOLNAKA,16-AMBERPET,SECUNDERABAD ZONE,0.1811383170890398
2016,83,AMBERPET,16-AMBERPET,SECUNDERABAD ZONE,0.22243490383569892
2016,51,GOSHA MAHAL,14-GOSHAMAHAL,KHAIRATHABAD ZONE,0.15188107489807498
2016,68,TOLICHOWKI,13-KARWAN,KHAIRATHABAD ZONE,0.27288518859318067
2016,67,GOLCONDA,13-KARWAN,KHAIRATHABAD ZONE,0.20559279626863047
2016,77,JAMBAGH(Nampally),14-GOSHAMAHAL,KHAIRATHABAD ZONE,0.11138346674838605
2016,63,MANGALHAT,14-GOSHAMAHAL,KHAIRATHABAD ZONE,0.15396157216755818
2016,71,GUDIMALKAPUR,12-MEDHDIPATNAM,KHAIRATHABAD ZONE,0.1708205715351071
2016,70,MEHDIPATNAM,12-MEDHDIPATNAM,KHAIRATHABAD ZONE,0.12794973883652588
2016,76,MALLEPALLY,12-MEDHDIPATNAM,KHAIRATHABAD ZONE,0.09703003430672831
2016,62,ZIAGUDA,13-KARWAN,KHAIRATHABAD ZONE,0.14597961088790673
2016,72,ASIF NAGAR,12-MEDHDIPATNAM,KHAIRATHABAD ZONE,0.103216654807293
2016,73,VIJAYANAGAR COLONY,12-MEDHDIPATNAM,KHAIRATHABAD ZONE,0.134644323270715
2016,5,MALLAPUR,1-KAPRA,L.B.NAGAR ZONE,0.2344703575798258
2016,3,CHERLAPALLY,1-KAPRA,L.B.NAGAR ZONE,0.23990444602709698
2016,96,YOUSUFGUDA,19-YOUSUFGUDA,SERILINGAMPALLY ZONE,0.17591203614596962
2016,95,JUBILEE HILLS,18-JUBILEE HILLS,KHAIRATHABAD ZONE,0.2253973090339855
2016,50,BEGUM BAZAR,14-GOSHAMAHAL,KHAIRATHABAD ZONE,0.11386160186542045
2016,78,GUNFOUNDRY(Abids),14-GOSHAMAHAL,KHAIRATHABAD ZONE,0.14898533047320062
2016,65,KARWAN,13-KARWAN,KHAIRATHABAD ZONE,0.15564253014581797
2016,2,DR.A.S.RAO NAGAR,1-KAPRA,L.B.NAGAR ZONE,0.21267026643569448
2016,4,MEERPET H.B.COLONY,1-KAPRA,L.B.NAGAR ZONE,0.22640962515018115
2016,1,KAPRA,1-KAPRA,L.B.NAGAR ZONE,0.23000824004430365
2016,94,SHAIKPET,18-JUBILEE HILLS,KHAIRATHABAD ZONE,0.1645979204015964
2016,64,DATTATHREYA NAGAR,14-GOSHAMAHAL,KHAIRATHABAD ZONE,0.10242695303720814
2016,69,NANALNAGAR,13-KARWAN,KHAIRATHABAD ZONE,0.2501032684645
2017,127,RANGAREDDY NAGAR,25-QUTUBULLAPUR,KUKATPALLY ZONE,0.16695761432124626
2017,119,OLD BOWENPALLY,24-KUKATPALLY,KUKATPALLY ZONE,0.17848229386598552
2017,145,SEETHAPHALMANDI,29-SECUNDERABAD,SECUNDERABAD ZONE,0.09861849235356614
2017,146,BOUDHA NAGAR,29-SECUNDERABAD,SECUNDERABAD ZONE,0.08740551393989028
2017,147,BANSILALPET,30-BEGUMPET,SECUNDERABAD ZONE,0.15106495312474336
2017,144,METTUGUDA,29-SECUNDERABAD,SECUNDERABAD ZONE,0.22167943678628185
2017,148,RAMGOPALPET,30-BEGUMPET,SECUNDERABAD ZONE,0.11004957444722006
2017,150,MONDA  MARKET,30-BEGUMPET,SECUNDERABAD ZONE,0.12396188655641091
2017,136,NEREDMET,28-MALKAJGIRI,SECUNDERABAD ZONE,0.2532678037600629
2017,141,GOUTHAM NAGAR,28-MALKAJGIRI,SECUNDERABAD ZONE,0.14490636247458982
2017,140,MALKAJGIRI,28-MALKAJGIRI,SECUNDERABAD ZONE,0.15266079385429782
2017,139,EAST ANAND BAGH,28-MALKAJGIRI,SECUNDERABAD ZONE,0.2231941317647086
2017,142,ADDAGUTTA,29-SECUNDERABAD,SECUNDERABAD ZONE,0.19069533219304813
2017,137,VINAYAK NAGAR,28-MALKAJGIRI,SECUNDERABAD ZONE,0.14781557556336075
2017,134,ALWAL,27-ALWAL,KUKATPALLY ZONE,0.18934562015544368
2017,132,JEEDIMETLA,25-QUTUBULLAPUR,KUKATPALLY ZONE,0.2613807836291831
2017,CONTONMENT AREA,,CANTONMENT AREA,,0.2793623370425195
2017,120,BALA NAGAR,24-KUKATPALLY,KUKATPALLY ZONE,0.3134525350701691
2017,130,SUBHASH NAGAR,25-QUTUBULLAPUR,KUKATPALLY ZONE,0.17222270276616292
2017,131,QUTHBULLAPUR,25-QUTUBULLAPUR,KUKATPALLY ZONE,0.2161391579895844
2017,121,KUKATPALLY,24-KUKATPALLY,KUKATPALLY ZONE,0.14717162435749734
2017,125,GAJULARAMARAM,26-GAJULARAMARAM,KUKATPALLY ZONE,0.20691329417941026
2017,124,ALLYWN COLONY,24-KUKATPALLY,KUKATPALLY ZONE,0.1676831227413446
2017,114,K.P.H.B.COLONY,23-MOOSAPET,KUKATPALLY ZONE,0.19457737699058417
2017,116,ALLAPUR,23-MOOSAPET,KUKATPALLY ZONE,0.16797321354417913
2017,115,BALAJI NAGAR,23-MOOSAPET,KUKATPALLY ZONE,0.2542069108922661
2017,117,MOOSAPET,23-MOOSAPET,KUKATPALLY ZONE,0.11196559462330517
2017,105,GACHIBOWLI,20-SERILINGAMPALLY,SERILINGAMPALLY ZONE,0.26138577129852275
2017,110,CHANDANAGAR,21-CHANDA NAGAR,SERILINGAMPALLY ZONE,0.19465179723402934
2017,111,BHARATHI NAGAR,22-RAMACHANDRAPURAM & PATANCHERUVU,SERILINGAMPALLY ZONE,0.18830383952182966
2017,106,SERILINGAMPALLY,20-SERILINGAMPALLY,SERILINGAMPALLY ZONE,0.23761460772470772
2017,104,KONDAPUR,20-SERILINGAMPALLY,SERILINGAMPALLY ZONE,0.16804979602848164
2017,109,HAFEEZPET,21-CHANDA NAGAR,SERILINGAMPALLY ZONE,0.16655333368798025
2017,118,FATEH NAGAR,23-MOOSAPET,KUKATPALLY ZONE,0.14417826846376755
2017,143,TARNAKA,29-SECUNDERABAD,SECUNDERABAD ZONE,0.19255546299477888
2017,8,HABSIGUDA,2-UPPAL,L.B.NAGAR ZONE,0.25168807970911833
2017,40,RIYASATNAGAR,8-CHANDRAYANGUTTA,CHARMINAR ZONE,0.09525334064129493
2017,36,LALITHABAGH,8-CHANDRAYANGUTTA,CHARMINAR ZONE,0.0923801872676855
2017,34,TALABCHANCHALAM,7-SANTOSH NAGAR,CHARMINAR ZONE,0.0450238794197479
2017,22,CHAITHANYAPURI,5-SAROOR NAGAR,L.B.NAGAR ZONE,0.14538644279865387
2017,37,KURMAGUDA,7-SANTOSH NAGAR,CHARMINAR ZONE,0.08299320451352427
2017,31,REIN BAZAR,7-SANTOSH NAGAR,CHARMINAR ZONE,0.05957141323349402
2017,29,CHAWANI,6-MALAKPET,CHARMINAR ZONE,0.09367291654195486
2017,38,I.S.SADAN,7-SANTOSH NAGAR,CHARMINAR ZONE,0.12955733508368963
2017,18,LINGOJIGUDA,4-LB. NAGAR,L.B.NAGAR ZONE,0.11397062266671847
2017,16,HASTHINAPURAM,4-LB. NAGAR,L.B.NAGAR ZONE,0.14965111119531235
2017,20,R.K.PURAM,5-SAROOR NAGAR,L.B.NAGAR ZONE,0.12418445579712023
2017,19,SAROORNAGAR,5-SAROOR NAGAR,L.B.NAGAR ZONE,0.11720961659495353
2017,14,B.N.REDDY NAGAR,3-HAYAT NAGAR,L.B.NAGAR ZONE,0.23788762270691222
2017,12,MANSOORABAD,3-HAYAT NAGAR,L.B.NAGAR ZONE,0.19803843562251486
2017,21,KOTHAPET,5-SAROOR NAGAR,L.B.NAGAR ZONE,0.14476096470289543
2017,11,NAGOLE,3-HAYAT NAGAR,L.B.NAGAR ZONE,0.23624746300354363
2017,10,UPPAL,2-UPPAL,L.B.NAGAR ZONE,0.23471408825746978
2017,GRAMPANCHAYAT PEERZADI GUDA,,GRAMPANCHAYAT PEERZADIGUDA,,0.15559208396795787
2017,KALAVANCHA GRAM PANCHAYATH,,KALAVANCHA GRAMPANCHAYATH,,0.16506406144930763
2017,13,HAYATHNAGAR,3-HAYAT NAGAR,L.B.NAGAR ZONE,0.2283560383448966
2017,15,VANASTHALIPURAM,4-LB. NAGAR,L.B.NAGAR ZONE,0.15254922072857702
2017,26,OLD MALAKPET,6-MALAKPET,CHARMINAR ZONE,0.16116599759849107
2017,17,CHAMPAPET,4-LB. NAGAR,L.B.NAGAR ZONE,0.1068714099024459
2017,39,SANTOSH NAGAR,7-SANTOSH NAGAR,CHARMINAR ZONE,0.10390053780448277
2017,66,LUNGER HOUSE,13-KARWAN,KHAIRATHABAD ZONE,0.26017072367007577
2017,112,RAMACHANDRAPURAM,22-RAMACHANDRAPURAM & PATANCHERUVU,SERILINGAMPALLY ZONE,0.19239834304345307
2017,128,CHINTAL,26-GAJULARAMARAM,KUKATPALLY ZONE,0.2940872304197493
2017,126,JAGADGIRI GUTTA,26-GAJULARAMARAM,KUKATPALLY ZONE,0.15461611698388625
2017,129,SURARAM,26-GAJULARAMARAM,KUKATPALLY ZONE,0.25522124856736783
2017,133,MACHABOLARUM,27-ALWAL,KUKATPALLY ZONE,0.2588924413846305
2017,138,MOULA-ALI,28-MALKAJGIRI,SECUNDERABAD ZONE,0.15011511008722853
2017,107,MADHAPUR,21-CHANDA NAGAR,SERILINGAMPALLY ZONE,0.18451788182169493
2017,OU,,OU,,0.3467330852099846
2017,149,BEGUMPET,30-BEGUMPET,SECUNDERABAD ZONE,0.1960256299353346
2017,135,VENKATAPURAM,27-ALWAL,KUKATPALLY ZONE,0.1872121600732583
2017,123,HYDER NAGAR,24-KUKATPALLY,KUKATPALLY ZONE,0.1728851285520448
2017,122,VIVEKANANDA NAGAR COLONY,24-KUKATPALLY,KUKATPALLY ZONE,0.11629077886439199
2017,113,PATANCHERUVU,22-RAMACHANDRAPURAM & PATANCHERUVU,SERILINGAMPALLY ZONE,0.28093450912319334
2017,108,MIYAPUR,21-CHANDA NAGAR,SERILINGAMPALLY ZONE,0.23137858395964314
2017,41,KANCHANBAGH,8-CHANDRAYANGUTTA,CHARMINAR ZONE,0.26407618767325763
2017,7,CHILUKA NAGAR,2-UPPAL,L.B.NAGAR ZONE,0.22429692542104626
2017,9,RAMANTHAPUR,2-UPPAL,L.B.NAGAR ZONE,0.201144662180791
2017,25,MOOSARAMBAGH,6-MALAKPET,CHARMINAR ZONE,0.13114567344892256
2017,BANDLA GUDA,,BANDLAGUDA,,0.23863603882272486
2017,28,AZAMPURA,6-MALAKPET,CHARMINAR ZONE,0.1035598742732516
2017,56,KISHAN BAGH,10-FALAKNUMA,CHARMINAR ZONE,0.1481531516485006
2017,52,PURANAPOOL,9-CHARMINAR,CHARMINAR ZONE,0.07281756436377587
2017,59,MAILARDEVPALLY,11-RAJENDRA NAGAR,CHARMINAR ZONE,0.2140364955841876
2017,46,FALAKNUMA,10-FALAKNUMA,CHARMINAR ZONE,0.11136393486049005
2017,61,ATTAPUR,11-RAJENDRA NAGAR,CHARMINAR ZONE,0.16462861136667525
2017,60,RAJENDRANAGAR,11-RAJENDRA NAGAR,CHARMINAR ZONE,0.2728079631942017
2017,49,GANSIBAZAR,9-CHARMINAR,CHARMINAR ZONE,0.09104724330599515
2017,33,MOGHALPURA,9-CHARMINAR,CHARMINAR ZONE,0.07361581523405875
2017,47,NAWABSAHEBKUNTA,10-FALAKNUMA,CHARMINAR ZONE,0.08476295691630462
2017,58,SHASTRIPURAM,11-RAJENDRA NAGAR,CHARMINAR ZONE,0.14262161915070404
2017,54,JAHANUMA,10-FALAKNUMA,CHARMINAR ZONE,0.08589552648503886
2017,48,SHALIBANDA,9-CHARMINAR,CHARMINAR ZONE,0.0902218907098238
2017,53,DOODBOWLI,10-FALAKNUMA,CHARMINAR ZONE,0.1035462686882961
2017,55,RAMNASTPURA,10-FALAKNUMA,CHARMINAR ZONE,0.19516555915234987
2017,43,CHANDRAYANGUTTA,8-CHANDRAYANGUTTA,CHARMINAR ZONE,0.13274249733924534
2017,44,UPPUGUDA,8-CHANDRAYANGUTTA,CHARMINAR ZONE,0.09365522114165903
2017,35,GOWLIPURA,7-SANTOSH NAGAR,CHARMINAR ZONE,0.08551829906049427
2017,30,DABEERPURA,6-MALAKPET,CHARMINAR ZONE,0.10044812410312348
2017,32,PATHER GATTI,9-CHARMINAR,CHARMINAR ZONE,0.0769271341636252
2017,23,GADDIANNARAM,5-SAROOR NAGAR,L.B.NAGAR ZONE,0.08336566170650214
2017,24,SAIDABAD,6-MALAKPET,CHARMINAR ZONE,0.1324354429236621
2017,27,AKBERBAGH,6-MALAKPET,CHARMINAR ZONE,0.14125683752480492
2017,45,JANGAMMET,8-CHANDRAYANGUTTA,CHARMINAR ZONE,0.11766922096517451
2017,42,BARKAS,8-CHANDRAYANGUTTA,CHARMINAR ZONE,0.1936630271599875
2017,57,SULEMAN NAGAR,11-RAJENDRA NAGAR,CHARMINAR ZONE,0.1668007171975864
2017,74,AHMED NAGAR,12-MEDHDIPATNAM,KHAIRATHABAD ZONE,0.1861065154098576
2017,92,VENKATESHWARA COLONY,18-JUBILEE HILLS,KHAIRATHABAD ZONE,0.20134046369776934
2017,89,GANDHINAGAR,15-MUSHEERABAD,SECUNDERABAD ZONE,0.11360630132252184
2017,75,RED HILLS,12-MEDHDIPATNAM,KHAIRATHABAD ZONE,0.14162824451148245
2017,79,HIMAYATNAGAR,16-AMBERPET,SECUNDERABAD ZONE,0.09296243888919936
2017,88,BHOLAKPUR,15-MUSHEERABAD,SECUNDERABAD ZONE,0.09166598548528186
2017,86,MUSHEERABAD,15-MUSHEERABAD,SECUNDERABAD ZONE,0.12111891316202045
2017,85,ADIKMET,15-MUSHEERABAD,SECUNDERABAD ZONE,0.11439066952206049
2017,87,RAMNAGAR,15-MUSHEERABAD,SECUNDERABAD ZONE,0.12278571238378408
2017,90,KAVADIGUDA,15-MUSHEERABAD,SECUNDERABAD ZONE,0.1843925870594837
2017,93,BANJARA HILLS,18-JUBILEE HILLS,KHAIRATHABAD ZONE,0.15371302669544443
2017,91,KHAIRTABAD,17-KHAIRATABAD,KHAIRATHABAD ZONE,0.052313491539923936
2017,103,BORABANDA,19-YOUSUFGUDA,SERILINGAMPALLY ZONE,0.08726154045904254
2017,97,SOMAJIGUDA,17-KHAIRATABAD,KHAIRATHABAD ZONE,0.1357941773188209
2017,98,AMEERPET,17-KHAIRATABAD,KHAIRATHABAD ZONE,0.15312715694205156
2017,101,ERRAGADDA,19-YOUSUFGUDA,SERILINGAMPALLY ZONE,0.13050055095016347
2017,100,SANATH NAGAR,17-KHAIRATABAD,KHAIRATHABAD ZONE,0.14250998952359714
2017,99,VENGALRAO NAGAR,19-YOUSUFGUDA,SERILINGAMPALLY ZONE,0.18629176804630532
2017,102,RAHAMATH NAGAR,19-YOUSUFGUDA,SERILINGAMPALLY ZONE,0.10522013370064712
2017,6,NACHARAM,1-KAPRA,L.B.NAGAR ZONE,0.20310725573647725
2017,84,BAGH AMBERPET,16-AMBERPET,SECUNDERABAD ZONE,0.13442875299804596
2017,81,NALLAKUNTA,16-AMBERPET,SECUNDERABAD ZONE,0.10474659543653062
2017,80,KACHIGUDA(Barkathpura),16-AMBERPET,SECUNDERABAD ZONE,0.09355473539135088
2017,82,GOLNAKA,16-AMBERPET,SECUNDERABAD ZONE,0.16745200965786172
2017,83,AMBERPET,16-AMBERPET,SECUNDERABAD ZONE,0.20429323133632446
2017,51,GOSHA MAHAL,14-GOSHAMAHAL,KHAIRATHABAD ZONE,0.1336140166836978
2017,68,TOLICHOWKI,13-KARWAN,KHAIRATHABAD ZONE,0.23317652531705998
2017,67,GOLCONDA,13-KARWAN,KHAIRATHABAD ZONE,0.18634193201272367
2017,77,JAMBAGH(Nampally),14-GOSHAMAHAL,KHAIRATHABAD ZONE,0.0899964757999785
2017,63,MANGALHAT,14-GOSHAMAHAL,KHAIRATHABAD ZONE,0.128337858425396
2017,71,GUDIMALKAPUR,12-MEDHDIPATNAM,KHAIRATHABAD ZONE,0.1476075433066334
2017,70,MEHDIPATNAM,12-MEDHDIPATNAM,KHAIRATHABAD ZONE,0.10336783647961226
2017,76,MALLEPALLY,12-MEDHDIPATNAM,KHAIRATHABAD ZONE,0.08095947085308373
2017,62,ZIAGUDA,13-KARWAN,KHAIRATHABAD ZONE,0.13038468841893155
2017,72,ASIF NAGAR,12-MEDHDIPATNAM,KHAIRATHABAD ZONE,0.08602121523987967
2017,73,VIJAYANAGAR COLONY,12-MEDHDIPATNAM,KHAIRATHABAD ZONE,0.11818111110485571
2017,5,MALLAPUR,1-KAPRA,L.B.NAGAR ZONE,0.23938070812099457
2017,3,CHERLAPALLY,1-KAPRA,L.B.NAGAR ZONE,0.2513308798069724
2017,96,YOUSUFGUDA,19-YOUSUFGUDA,SERILINGAMPALLY ZONE,0.16491799160552548
2017,95,JUBILEE HILLS,18-JUBILEE HILLS,KHAIRATHABAD ZONE,0.20661867122823036
2017,50,BEGUM BAZAR,14-GOSHAMAHAL,KHAIRATHABAD ZONE,0.09562297729613736
2017,78,GUNFOUNDRY(Abids),14-GOSHAMAHAL,KHAIRATHABAD ZONE,0.13007342798379648
2017,65,KARWAN,13-KARWAN,KHAIRATHABAD ZONE,0.13523250850152413
2017,2,DR.A.S.RAO NAGAR,1-KAPRA,L.B.NAGAR ZONE,0.21782366049345858
2017,4,MEERPET H.B.COLONY,1-KAPRA,L.B.NAGAR ZONE,0.22103568079113645
2017,1,KAPRA,1-KAPRA,L.B.NAGAR ZONE,0.25164307648713186
2017,94,SHAIKPET,18-JUBILEE HILLS,KHAIRATHABAD ZONE,0.14257084216834642
2017,64,DATTATHREYA NAGAR,14-GOSHAMAHAL,KHAIRATHABAD ZONE,0.08626540964087853
2017,69,NANALNAGAR,13-KARWAN,KHAIRATHABAD ZONE,0.21547154387055306
2018,127,RANGAREDDY NAGAR,25-QUTUBULLAPUR,KUKATPALLY ZONE,0.13330703841034156
2018,119,OLD BOWENPALLY,24-KUKATPALLY,KUKATPALLY ZONE,0.14252795020149103
2018,145,SEETHAPHALMANDI,29-SECUNDERABAD,SECUNDERABAD ZONE,0.08780811504970831
2018,146,BOUDHA NAGAR,29-SECUNDERABAD,SECUNDERABAD ZONE,0.07900098098297358
2018,147,BANSILALPET,30-BEGUMPET,SECUNDERABAD ZONE,0.1293221073644681
2018,144,METTUGUDA,29-SECUNDERABAD,SECUNDERABAD ZONE,0.1868218420757188
2018,148,RAMGOPALPET,30-BEGUMPET,SECUNDERABAD ZONE,0.09537181516600657
2018,150,MONDA  MARKET,30-BEGUMPET,SECUNDERABAD ZONE,0.10809006758383657
2018,136,NEREDMET,28-MALKAJGIRI,SECUNDERABAD ZONE,0.20605573683523562
2018,141,GOUTHAM NAGAR,28-MALKAJGIRI,SECUNDERABAD ZONE,0.12740345385019192
2018,140,MALKAJGIRI,28-MALKAJGIRI,SECUNDERABAD ZONE,0.1325584300838261
2018,139,EAST ANAND BAGH,28-MALKAJGIRI,SECUNDERABAD ZONE,0.18098033378263245
2018,142,ADDAGUTTA,29-SECUNDERABAD,SECUNDERABAD ZONE,0.16437386120387526
2018,137,VINAYAK NAGAR,28-MALKAJGIRI,SECUNDERABAD ZONE,0.1280541387865384
2018,134,ALWAL,27-ALWAL,KUKATPALLY ZONE,0.15274058756936573
2018,132,JEEDIMETLA,25-QUTUBULLAPUR,KUKATPALLY ZONE,0.18091554816187008
2018,CONTONMENT AREA,,CANTONMENT AREA,,0.21438411165725535
2018,120,BALA NAGAR,24-KUKATPALLY,KUKATPALLY ZONE,0.24689059641064984
2018,130,SUBHASH NAGAR,25-QUTUBULLAPUR,KUKATPALLY ZONE,0.13363158399234404
2018,131,QUTHBULLAPUR,25-QUTUBULLAPUR,KUKATPALLY ZONE,0.16921028285697418
2018,121,KUKATPALLY,24-KUKATPALLY,KUKATPALLY ZONE,0.1231552045072449
2018,125,GAJULARAMARAM,26-GAJULARAMARAM,KUKATPALLY ZONE,0.14801332167591266
2018,124,ALLYWN COLONY,24-KUKATPALLY,KUKATPALLY ZONE,0.13537969639596784
2018,114,K.P.H.B.COLONY,23-MOOSAPET,KUKATPALLY ZONE,0.1583888360677754
2018,116,ALLAPUR,23-MOOSAPET,KUKATPALLY ZONE,0.13902288671330415
2018,115,BALAJI NAGAR,23-MOOSAPET,KUKATPALLY ZONE,0.21119847682481055
2018,117,MOOSAPET,23-MOOSAPET,KUKATPALLY ZONE,0.10399829038206265
2018,105,GACHIBOWLI,20-SERILINGAMPALLY,SERILINGAMPALLY ZONE,0.19915541001987486
2018,110,CHANDANAGAR,21-CHANDA NAGAR,SERILINGAMPALLY ZONE,0.16105616901272243
2018,111,BHARATHI NAGAR,22-RAMACHANDRAPURAM & PATANCHERUVU,SERILINGAMPALLY ZONE,0.1707468114144433
2018,106,SERILINGAMPALLY,20-SERILINGAMPALLY,SERILINGAMPALLY ZONE,0.18416264779427238
2018,104,KONDAPUR,20-SERILINGAMPALLY,SERILINGAMPALLY ZONE,0.13766689192101855
2018,109,HAFEEZPET,21-CHANDA NAGAR,SERILINGAMPALLY ZONE,0.13872748005971464
2018,118,FATEH NAGAR,23-MOOSAPET,KUKATPALLY ZONE,0.11947066122249471
2018,143,TARNAKA,29-SECUNDERABAD,SECUNDERABAD ZONE,0.16431736068071232
2018,8,HABSIGUDA,2-UPPAL,L.B.NAGAR ZONE,0.2160710073844628
2018,40,RIYASATNAGAR,8-CHANDRAYANGUTTA,CHARMINAR ZONE,0.09645860995039428
2018,36,LALITHABAGH,8-CHANDRAYANGUTTA,CHARMINAR ZONE,0.0920566232323917
2018,34,TALABCHANCHALAM,7-SANTOSH NAGAR,CHARMINAR ZONE,0.05120533409418253
2018,22,CHAITHANYAPURI,5-SAROOR NAGAR,L.B.NAGAR ZONE,0.15225869580599083
2018,37,KURMAGUDA,7-SANTOSH NAGAR,CHARMINAR ZONE,0.08665300406841195
2018,31,REIN BAZAR,7-SANTOSH NAGAR,CHARMINAR ZONE,0.0632216025079625
2018,29,CHAWANI,6-MALAKPET,CHARMINAR ZONE,0.09431430291928569
2018,38,I.S.SADAN,7-SANTOSH NAGAR,CHARMINAR ZONE,0.14265139500615678
2018,18,LINGOJIGUDA,4-LB. NAGAR,L.B.NAGAR ZONE,0.10956019665291597
2018,16,HASTHINAPURAM,4-LB. NAGAR,L.B.NAGAR ZONE,0.1361268963112631
2018,20,R.K.PURAM,5-SAROOR NAGAR,L.B.NAGAR ZONE,0.1149554386638262
2018,19,SAROORNAGAR,5-SAROOR NAGAR,L.B.NAGAR ZONE,0.11477048660717501
2018,14,B.N.REDDY NAGAR,3-HAYAT NAGAR,L.B.NAGAR ZONE,0.17890043618141446
2018,12,MANSOORABAD,3-HAYAT NAGAR,L.B.NAGAR ZONE,0.1713009750323721
2018,21,KOTHAPET,5-SAROOR NAGAR,L.B.NAGAR ZONE,0.14018813323224807
2018,11,NAGOLE,3-HAYAT NAGAR,L.B.NAGAR ZONE,0.19672040326865417
2018,10,UPPAL,2-UPPAL,L.B.NAGAR ZONE,0.19872486659618305
2018,GRAMPANCHAYAT PEERZADI GUDA,,GRAMPANCHAYAT PEERZADIGUDA,,0.13736405059473733
2018,KALAVANCHA GRAM PANCHAYATH,,KALAVANCHA GRAMPANCHAYATH,,0.1365763222613108
2018,13,HAYATHNAGAR,3-HAYAT NAGAR,L.B.NAGAR ZONE,0.18453021383306822
2018,15,VANASTHALIPURAM,4-LB. NAGAR,L.B.NAGAR ZONE,0.12351853421141736
2018,26,OLD MALAKPET,6-MALAKPET,CHARMINAR ZONE,0.15539162029336023
2018,17,CHAMPAPET,4-LB. NAGAR,L.B.NAGAR ZONE,0.10484694144077822
2018,39,SANTOSH NAGAR,7-SANTOSH NAGAR,CHARMINAR ZONE,0.10563678462163499
2018,66,LUNGER HOUSE,13-KARWAN,KHAIRATHABAD ZONE,0.2249586619034476
2018,112,RAMACHANDRAPURAM,22-RAMACHANDRAPURAM & PATANCHERUVU,SERILINGAMPALLY ZONE,0.15815858706686906
2018,128,CHINTAL,26-GAJULARAMARAM,KUKATPALLY ZONE,0.2137068214662171
2018,126,JAGADGIRI GUTTA,26-GAJULARAMARAM,KUKATPALLY ZONE,0.13238792264473806
2018,129,SURARAM,26-GAJULARAMARAM,KUKATPALLY ZONE,0.17809069748009612
2018,133,MACHABOLARUM,27-ALWAL,KUKATPALLY ZONE,0.1977028495162159
2018,138,MOULA-ALI,28-MALKAJGIRI,SECUNDERABAD ZONE,0.12736437902351208
2018,107,MADHAPUR,21-CHANDA NAGAR,SERILINGAMPALLY ZONE,0.14666552602570798
2018,OU,,OU,,0.2913705675066265
2018,149,BEGUMPET,30-BEGUMPET,SECUNDERABAD ZONE,0.17483608789862048
2018,135,VENKATAPURAM,27-ALWAL,KUKATPALLY ZONE,0.1551089548854089
2018,123,HYDER NAGAR,24-KUKATPALLY,KUKATPALLY ZONE,0.13698630882652787
2018,122,VIVEKANANDA NAGAR COLONY,24-KUKATPALLY,KUKATPALLY ZONE,0.10502996575074032
2018,113,PATANCHERUVU,22-RAMACHANDRAPURAM & PATANCHERUVU,SERILINGAMPALLY ZONE,0.20839954919279163
2018,108,MIYAPUR,21-CHANDA NAGAR,SERILINGAMPALLY ZONE,0.17860815789194434
2018,41,KANCHANBAGH,8-CHANDRAYANGUTTA,CHARMINAR ZONE,0.2411051786582432
2018,7,CHILUKA NAGAR,2-UPPAL,L.B.NAGAR ZONE,0.18474891027679155
2018,9,RAMANTHAPUR,2-UPPAL,L.B.NAGAR ZONE,0.18179512386204688
2018,25,MOOSARAMBAGH,6-MALAKPET,CHARMINAR ZONE,0.1336801696828949
2018,BANDLA GUDA,,BANDLAGUDA,,0.182370686951893
2018,28,AZAMPURA,6-MALAKPET,CHARMINAR ZONE,0.10574093633382572
2018,56,KISHAN BAGH,10-FALAKNUMA,CHARMINAR ZONE,0.14626849139397274
2018,52,PURANAPOOL,9-CHARMINAR,CHARMINAR ZONE,0.07587805709108819
2018,59,MAILARDEVPALLY,11-RAJENDRA NAGAR,CHARMINAR ZONE,0.18364030397245035
2018,46,FALAKNUMA,10-FALAKNUMA,CHARMINAR ZONE,0.10866047757591485
2018,61,ATTAPUR,11-RAJENDRA NAGAR,CHARMINAR ZONE,0.14831834205642752
2018,60,RAJENDRANAGAR,11-RAJENDRA NAGAR,CHARMINAR ZONE,0.2217229144447698
2018,49,GANSIBAZAR,9-CHARMINAR,CHARMINAR ZONE,0.09421498762370345
2018,33,MOGHALPURA,9-CHARMINAR,CHARMINAR ZONE,0.07524194481510456
2018,47,NAWABSAHEBKUNTA,10-FALAKNUMA,CHARMINAR ZONE,0.08668221849588705
2018,58,SHASTRIPURAM,11-RAJENDRA NAGAR,CHARMINAR ZONE,0.13404345857712316
2018,54,JAHANUMA,10-FALAKNUMA,CHARMINAR ZONE,0.08642976185747717
2018,48,SHALIBANDA,9-CHARMINAR,CHARMINAR ZONE,0.09273000948803087
2018,53,DOODBOWLI,10-FALAKNUMA,CHARMINAR ZONE,0.10149813123966311
2018,55,RAMNASTPURA,10-FALAKNUMA,CHARMINAR ZONE,0.16078476408521186
2018,43,CHANDRAYANGUTTA,8-CHANDRAYANGUTTA,CHARMINAR ZONE,0.13030710482344252
2018,44,UPPUGUDA,8-CHANDRAYANGUTTA,CHARMINAR ZONE,0.0898914356359
2018,35,GOWLIPURA,7-SANTOSH NAGAR,CHARMINAR ZONE,0.08639327361368905
2018,30,DABEERPURA,6-MALAKPET,CHARMINAR ZONE,0.10201793744001435
2018,32,PATHER GATTI,9-CHARMINAR,CHARMINAR ZONE,0.08083564702871883
2018,23,GADDIANNARAM,5-SAROOR NAGAR,L.B.NAGAR ZONE,0.09434643507794703
2018,24,SAIDABAD,6-MALAKPET,CHARMINAR ZONE,0.13532372381391838
2018,27,AKBERBAGH,6-MALAKPET,CHARMINAR ZONE,0.13895730304351564
2018,45,JANGAMMET,8-CHANDRAYANGUTTA,CHARMINAR ZONE,0.11346546869150703
2018,42,BARKAS,8-CHANDRAYANGUTTA,CHARMINAR ZONE,0.19107922443018666
2018,57,SULEMAN NAGAR,11-RAJENDRA NAGAR,CHARMINAR ZONE,0.15097392059548492
2018,74,AHMED NAGAR,12-MEDHDIPATNAM,KHAIRATHABAD ZONE,0.16864772646614837
2018,92,VENKATESHWARA COLONY,18-JUBILEE HILLS,KHAIRATHABAD ZONE,0.18246675677563343
2018,89,GANDHINAGAR,15-MUSHEERABAD,SECUNDERABAD ZONE,0.11225776347941493
2018,75,RED HILLS,12-MEDHDIPATNAM,KHAIRATHABAD ZONE,0.13522607367386746
2018,79,HIMAYATNAGAR,16-AMBERPET,SECUNDERABAD ZONE,0.0950752641171105
2018,88,BHOLAKPUR,15-MUSHEERABAD,SECUNDERABAD ZONE,0.0857305665407519
2018,86,MUSHEERABAD,15-MUSHEERABAD,SECUNDERABAD ZONE,0.09792859495899259
2018,85,ADIKMET,15-MUSHEERABAD,SECUNDERABAD ZONE,0.10984513177249423
2018,87,RAMNAGAR,15-MUSHEERABAD,SECUNDERABAD ZONE,0.11568947383211448
2018,90,KAVADIGUDA,15-MUSHEERABAD,SECUNDERABAD ZONE,0.17048249122144557
2018,93,BANJARA HILLS,18-JUBILEE HILLS,KHAIRATHABAD ZONE,0.14519698662407857
2018,91,KHAIRTABAD,17-KHAIRATABAD,KHAIRATHABAD ZONE,0.05174742823682497
2018,103,BORABANDA,19-YOUSUFGUDA,SERILINGAMPALLY ZONE,0.08039775188205149
2018,97,SOMAJIGUDA,17-KHAIRATABAD,KHAIRATHABAD ZONE,0.12644589680933405
2018,98,AMEERPET,17-KHAIRATABAD,KHAIRATHABAD ZONE,0.13920084130769148
2018,101,ERRAGADDA,19-YOUSUFGUDA,SERILINGAMPALLY ZONE,0.11726219657591185
2018,100,SANATH NAGAR,17-KHAIRATABAD,KHAIRATHABAD ZONE,0.13123894765510738
2018,99,VENGALRAO NAGAR,19-YOUSUFGUDA,SERILINGAMPALLY ZONE,0.16914096565358336
2018,102,RAHAMATH NAGAR,19-YOUSUFGUDA,SERILINGAMPALLY ZONE,0.0917631430854305
2018,6,NACHARAM,1-KAPRA,L.B.NAGAR ZONE,0.16998489990021728
2018,84,BAGH AMBERPET,16-AMBERPET,SECUNDERABAD ZONE,0.13046006956825507
2018,81,NALLAKUNTA,16-AMBERPET,SECUNDERABAD ZONE,0.10488284095840722
2018,80,KACHIGUDA(Barkathpura),16-AMBERPET,SECUNDERABAD ZONE,0.0983087848406542
2018,82,GOLNAKA,16-AMBERPET,SECUNDERABAD ZONE,0.16197004169027546
2018,83,AMBERPET,16-AMBERPET,SECUNDERABAD ZONE,0.17863750028880074
2018,51,GOSHA MAHAL,14-GOSHAMAHAL,KHAIRATHABAD ZONE,0.12737445270770462
2018,68,TOLICHOWKI,13-KARWAN,KHAIRATHABAD ZONE,0.22335524115297917
2018,67,GOLCONDA,13-KARWAN,KHAIRATHABAD ZONE,0.16698862057749175
2018,77,JAMBAGH(Nampally),14-GOSHAMAHAL,KHAIRATHABAD ZONE,0.09347507759330213
2018,63,MANGALHAT,14-GOSHAMAHAL,KHAIRATHABAD ZONE,0.12306394910799669
2018,71,GUDIMALKAPUR,12-MEDHDIPATNAM,KHAIRATHABAD ZONE,0.13264223250437285
2018,70,MEHDIPATNAM,12-MEDHDIPATNAM,KHAIRATHABAD ZONE,0.10527793555269786
2018,76,MALLEPALLY,12-MEDHDIPATNAM,KHAIRATHABAD ZONE,0.08459312781331682
2018,62,ZIAGUDA,13-KARWAN,KHAIRATHABAD ZONE,0.12778265500932234
2018,72,ASIF NAGAR,12-MEDHDIPATNAM,KHAIRATHABAD ZONE,0.08979217040991803
2018,73,VIJAYANAGAR COLONY,12-MEDHDIPATNAM,KHAIRATHABAD ZONE,0.11657729913492772
2018,5,MALLAPUR,1-KAPRA,L.B.NAGAR ZONE,0.18939388054224868
2018,3,CHERLAPALLY,1-KAPRA,L.B.NAGAR ZONE,0.20303720084970003
2018,96,YOUSUFGUDA,19-YOUSUFGUDA,SERILINGAMPALLY ZONE,0.1506236821320919
2018,95,JUBILEE HILLS,18-JUBILEE HILLS,KHAIRATHABAD ZONE,0.19045850173417087
2018,50,BEGUM BAZAR,14-GOSHAMAHAL,KHAIRATHABAD ZONE,0.09601024202314813
2018,78,GUNFOUNDRY(Abids),14-GOSHAMAHAL,KHAIRATHABAD ZONE,0.12551220989706394
2018,65,KARWAN,13-KARWAN,KHAIRATHABAD ZONE,0.12855889252253894
2018,2,DR.A.S.RAO NAGAR,1-KAPRA,L.B.NAGAR ZONE,0.17420657872159856
2018,4,MEERPET H.B.COLONY,1-KAPRA,L.B.NAGAR ZONE,0.18388561488325444
2018,1,KAPRA,1-KAPRA,L.B.NAGAR ZONE,0.18552831850504986
2018,94,SHAIKPET,18-JUBILEE HILLS,KHAIRATHABAD ZONE,0.13267578341173053
2018,64,DATTATHREYA NAGAR,14-GOSHAMAHAL,KHAIRATHABAD ZONE,0.08832594023215487
2018,69,NANALNAGAR,13-KARWAN,KHAIRATHABAD ZONE,0.19323228832783998
2019,127,RANGAREDDY NAGAR,25-QUTUBULLAPUR,KUKATPALLY ZONE,0.13894923450442714
2019,119,OLD BOWENPALLY,24-KUKATPALLY,KUKATPALLY ZONE,0.15467846511472608
2019,145,SEETHAPHALMANDI,29-SECUNDERABAD,SECUNDERABAD ZONE,0.0916944974868817
2019,146,BOUDHA NAGAR,29-SECUNDERABAD,SECUNDERABAD ZONE,0.08097239599261041
2019,147,BANSILALPET,30-BEGUMPET,SECUNDERABAD ZONE,0.1379919558252124
2019,144,METTUGUDA,29-SECUNDERABAD,SECUNDERABAD ZONE,0.20762327791059257
2019,148,RAMGOPALPET,30-BEGUMPET,SECUNDERABAD ZONE,0.10243394934451124
2019,150,MONDA  MARKET,30-BEGUMPET,SECUNDERABAD ZONE,0.11818749063200237
2019,136,NEREDMET,28-MALKAJGIRI,SECUNDERABAD ZONE,0.2005382107031329
2019,141,GOUTHAM NAGAR,28-MALKAJGIRI,SECUNDERABAD ZONE,0.13495248241295915
2019,140,MALKAJGIRI,28-MALKAJGIRI,SECUNDERABAD ZONE,0.13682611670928543
2019,139,EAST ANAND BAGH,28-MALKAJGIRI,SECUNDERABAD ZONE,0.18361611359751026
2019,142,ADDAGUTTA,29-SECUNDERABAD,SECUNDERABAD ZONE,0.17967260281669817
2019,137,VINAYAK NAGAR,28-MALKAJGIRI,SECUNDERABAD ZONE,0.13516261133349944
2019,134,ALWAL,27-ALWAL,KUKATPALLY ZONE,0.16161138767792357
2019,132,JEEDIMETLA,25-QUTUBULLAPUR,KUKATPALLY ZONE,0.1846426628988613
2019,CONTONMENT AREA,,CANTONMENT AREA,,0.24977535517247956
2019,120,BALA NAGAR,24-KUKATPALLY,KUKATPALLY ZONE,0.24165228160050847
2019,130,SUBHASH NAGAR,25-QUTUBULLAPUR,KUKATPALLY ZONE,0.14438493732504842
2019,131,QUTHBULLAPUR,25-QUTUBULLAPUR,KUKATPALLY ZONE,0.17691003598342805
2019,121,KUKATPALLY,24-KUKATPALLY,KUKATPALLY ZONE,0.13074663003861123
2019,125,GAJULARAMARAM,26-GAJULARAMARAM,KUKATPALLY ZONE,0.1613902613986681
2019,124,ALLYWN COLONY,24-KUKATPALLY,KUKATPALLY ZONE,0.14683638445969885
2019,114,K.P.H.B.COLONY,23-MOOSAPET,KUKATPALLY ZONE,0.17005455377347994
2019,116,ALLAPUR,23-MOOSAPET,KUKATPALLY ZONE,0.1352390900859886
2019,115,BALAJI NAGAR,23-MOOSAPET,KUKATPALLY ZONE,0.21902153050291712
2019,117,MOOSAPET,23-MOOSAPET,KUKATPALLY ZONE,0.11326935925568135
2019,105,GACHIBOWLI,20-SERILINGAMPALLY,SERILINGAMPALLY ZONE,0.19999062327643546
2019,110,CHANDANAGAR,21-CHANDA NAGAR,SERILINGAMPALLY ZONE,0.17305859286045977
2019,111,BHARATHI NAGAR,22-RAMACHANDRAPURAM & PATANCHERUVU,SERILINGAMPALLY ZONE,0.1772160590516684
2019,106,SERILINGAMPALLY,20-SERILINGAMPALLY,SERILINGAMPALLY ZONE,0.1832650402341549
2019,104,KONDAPUR,20-SERILINGAMPALLY,SERILINGAMPALLY ZONE,0.13653876898541478
2019,109,HAFEEZPET,21-CHANDA NAGAR,SERILINGAMPALLY ZONE,0.13912128030902
2019,118,FATEH NAGAR,23-MOOSAPET,KUKATPALLY ZONE,0.13146282563233405
2019,143,TARNAKA,29-SECUNDERABAD,SECUNDERABAD ZONE,0.17533989075760734
2019,8,HABSIGUDA,2-UPPAL,L.B.NAGAR ZONE,0.213197984853375
2019,40,RIYASATNAGAR,8-CHANDRAYANGUTTA,CHARMINAR ZONE,0.09792028962139385
2019,36,LALITHABAGH,8-CHANDRAYANGUTTA,CHARMINAR ZONE,0.08615240083734287
2019,34,TALABCHANCHALAM,7-SANTOSH NAGAR,CHARMINAR ZONE,0.04905869584472339
2019,22,CHAITHANYAPURI,5-SAROOR NAGAR,L.B.NAGAR ZONE,0.15671522850247396
2019,37,KURMAGUDA,7-SANTOSH NAGAR,CHARMINAR ZONE,0.08940798403591668
2019,31,REIN BAZAR,7-SANTOSH NAGAR,CHARMINAR ZONE,0.06515989826902253
2019,29,CHAWANI,6-MALAKPET,CHARMINAR ZONE,0.09977328045282889
2019,38,I.S.SADAN,7-SANTOSH NAGAR,CHARMINAR ZONE,0.13582343228904367
2019,18,LINGOJIGUDA,4-LB. NAGAR,L.B.NAGAR ZONE,0.1152184423555668
2019,16,HASTHINAPURAM,4-LB. NAGAR,L.B.NAGAR ZONE,0.12495956340791506
2019,20,R.K.PURAM,5-SAROOR NAGAR,L.B.NAGAR ZONE,0.11922698959214816
2019,19,SAROORNAGAR,5-SAROOR NAGAR,L.B.NAGAR ZONE,0.12119167455776031
2019,14,B.N.REDDY NAGAR,3-HAYAT NAGAR,L.B.NAGAR ZONE,0.15779037779694838
2019,12,MANSOORABAD,3-HAYAT NAGAR,L.B.NAGAR ZONE,0.14896457198476556
2019,21,KOTHAPET,5-SAROOR NAGAR,L.B.NAGAR ZONE,0.14413579122008546
2019,11,NAGOLE,3-HAYAT NAGAR,L.B.NAGAR ZONE,0.18265159099846318
2019,10,UPPAL,2-UPPAL,L.B.NAGAR ZONE,0.1975197671706977
2019,GRAMPANCHAYAT PEERZADI GUDA,,GRAMPANCHAYAT PEERZADIGUDA,,0.13460331752994145
2019,KALAVANCHA GRAM PANCHAYATH,,KALAVANCHA GRAMPANCHAYATH,,0.12597952626172007
2019,13,HAYATHNAGAR,3-HAYAT NAGAR,L.B.NAGAR ZONE,0.1689586537996373
2019,15,VANASTHALIPURAM,4-LB. NAGAR,L.B.NAGAR ZONE,0.12426092395551168
2019,26,OLD MALAKPET,6-MALAKPET,CHARMINAR ZONE,0.1620083129707628
2019,17,CHAMPAPET,4-LB. NAGAR,L.B.NAGAR ZONE,0.10787046067996137
2019,39,SANTOSH NAGAR,7-SANTOSH NAGAR,CHARMINAR ZONE,0.10964935129998253
2019,66,LUNGER HOUSE,13-KARWAN,KHAIRATHABAD ZONE,0.23530863771698807
2019,112,RAMACHANDRAPURAM,22-RAMACHANDRAPURAM & PATANCHERUVU,SERILINGAMPALLY ZONE,0.15750825127616158
2019,128,CHINTAL,26-GAJULARAMARAM,KUKATPALLY ZONE,0.24060281096026317
2019,126,JAGADGIRI GUTTA,26-GAJULARAMARAM,KUKATPALLY ZONE,0.14499241673288088
2019,129,SURARAM,26-GAJULARAMARAM,KUKATPALLY ZONE,0.19903003752014145
2019,133,MACHABOLARUM,27-ALWAL,KUKATPALLY ZONE,0.19907958584992008
2019,138,MOULA-ALI,28-MALKAJGIRI,SECUNDERABAD ZONE,0.13171963448866553
2019,107,MADHAPUR,21-CHANDA NAGAR,SERILINGAMPALLY ZONE,0.15138873631258498
2019,OU,,OU,,0.2898303695093696
2019,149,BEGUMPET,30-BEGUMPET,SECUNDERABAD ZONE,0.18386031955390877
2019,135,VENKATAPURAM,27-ALWAL,KUKATPALLY ZONE,0.16100730349581202
2019,123,HYDER NAGAR,24-KUKATPALLY,KUKATPALLY ZONE,0.14921315298273705
2019,122,VIVEKANANDA NAGAR COLONY,24-KUKATPALLY,KUKATPALLY ZONE,0.11168147360432235
2019,113,PATANCHERUVU,22-RAMACHANDRAPURAM & PATANCHERUVU,SERILINGAMPALLY ZONE,0.21929328700345815
2019,108,MIYAPUR,21-CHANDA NAGAR,SERILINGAMPALLY ZONE,0.18908583135617066
2019,41,KANCHANBAGH,8-CHANDRAYANGUTTA,CHARMINAR ZONE,0.23664854033827518
2019,7,CHILUKA NAGAR,2-UPPAL,L.B.NAGAR ZONE,0.18363471335377823
2019,9,RAMANTHAPUR,2-UPPAL,L.B.NAGAR ZONE,0.18210367508778985
2019,25,MOOSARAMBAGH,6-MALAKPET,CHARMINAR ZONE,0.1457948341516564
2019,BANDLA GUDA,,BANDLAGUDA,,0.18491371923887673
2019,28,AZAMPURA,6-MALAKPET,CHARMINAR ZONE,0.11359745039739315
2019,56,KISHAN BAGH,10-FALAKNUMA,CHARMINAR ZONE,0.15182193711024586
2019,52,PURANAPOOL,9-CHARMINAR,CHARMINAR ZONE,0.07985026423024576
2019,59,MAILARDEVPALLY,11-RAJENDRA NAGAR,CHARMINAR ZONE,0.17827128486482471
2019,46,FALAKNUMA,10-FALAKNUMA,CHARMINAR ZONE,0.11069713406632076
2019,61,ATTAPUR,11-RAJENDRA NAGAR,CHARMINAR ZONE,0.15441534991962205
2019,60,RAJENDRANAGAR,11-RAJENDRA NAGAR,CHARMINAR ZONE,0.2185493524064462
2019,49,GANSIBAZAR,9-CHARMINAR,CHARMINAR ZONE,0.10234501950095005
2019,33,MOGHALPURA,9-CHARMINAR,CHARMINAR ZONE,0.07763341277038795
2019,47,NAWABSAHEBKUNTA,10-FALAKNUMA,CHARMINAR ZONE,0.09100651614409358
2019,58,SHASTRIPURAM,11-RAJENDRA NAGAR,CHARMINAR ZONE,0.13454188721085797
2019,54,JAHANUMA,10-FALAKNUMA,CHARMINAR ZONE,0.09047496285948461
2019,48,SHALIBANDA,9-CHARMINAR,CHARMINAR ZONE,0.0958111852040349
2019,53,DOODBOWLI,10-FALAKNUMA,CHARMINAR ZONE,0.10813920375732577
2019,55,RAMNASTPURA,10-FALAKNUMA,CHARMINAR ZONE,0.20083795409172772
2019,43,CHANDRAYANGUTTA,8-CHANDRAYANGUTTA,CHARMINAR ZONE,0.12733278238622725
2019,44,UPPUGUDA,8-CHANDRAYANGUTTA,CHARMINAR ZONE,0.08814443323908096
2019,35,GOWLIPURA,7-SANTOSH NAGAR,CHARMINAR ZONE,0.0859676025891452
2019,30,DABEERPURA,6-MALAKPET,CHARMINAR ZONE,0.10585714256449894
2019,32,PATHER GATTI,9-CHARMINAR,CHARMINAR ZONE,0.08685610422427247
2019,23,GADDIANNARAM,5-SAROOR NAGAR,L.B.NAGAR ZONE,0.09568585710167883
2019,24,SAIDABAD,6-MALAKPET,CHARMINAR ZONE,0.1457034733632004
2019,27,AKBERBAGH,6-MALAKPET,CHARMINAR ZONE,0.15436981704983366
2019,45,JANGAMMET,8-CHANDRAYANGUTTA,CHARMINAR ZONE,0.11327549055537675
2019,42,BARKAS,8-CHANDRAYANGUTTA,CHARMINAR ZONE,0.18990729689830446
2019,57,SULEMAN NAGAR,11-RAJENDRA NAGAR,CHARMINAR ZONE,0.15985235950873808
2019,74,AHMED NAGAR,12-MEDHDIPATNAM,KHAIRATHABAD ZONE,0.18274049866716544
2019,92,VENKATESHWARA COLONY,18-JUBILEE HILLS,KHAIRATHABAD ZONE,0.19568322524001808
2019,89,GANDHINAGAR,15-MUSHEERABAD,SECUNDERABAD ZONE,0.1234256206632302
2019,75,RED HILLS,12-MEDHDIPATNAM,KHAIRATHABAD ZONE,0.14515339126371174
2019,79,HIMAYATNAGAR,16-AMBERPET,SECUNDERABAD ZONE,0.10062207449531582
2019,88,BHOLAKPUR,15-MUSHEERABAD,SECUNDERABAD ZONE,0.09176054036763182
2019,86,MUSHEERABAD,15-MUSHEERABAD,SECUNDERABAD ZONE,0.10045083612141203
2019,85,ADIKMET,15-MUSHEERABAD,SECUNDERABAD ZONE,0.12038424744126922
2019,87,RAMNAGAR,15-MUSHEERABAD,SECUNDERABAD ZONE,0.12472141922488476
2019,90,KAVADIGUDA,15-MUSHEERABAD,SECUNDERABAD ZONE,0.1839678967188998
2019,93,BANJARA HILLS,18-JUBILEE HILLS,KHAIRATHABAD ZONE,0.15704266788614052
2019,91,KHAIRTABAD,17-KHAIRATABAD,KHAIRATHABAD ZONE,0.06691609462867021
2019,103,BORABANDA,19-YOUSUFGUDA,SERILINGAMPALLY ZONE,0.07942705701606505
2019,97,SOMAJIGUDA,17-KHAIRATABAD,KHAIRATHABAD ZONE,0.13765437418352577
2019,98,AMEERPET,17-KHAIRATABAD,KHAIRATHABAD ZONE,0.15368204633038773
2019,101,ERRAGADDA,19-YOUSUFGUDA,SERILINGAMPALLY ZONE,0.1272337488150056
2019,100,SANATH NAGAR,17-KHAIRATABAD,KHAIRATHABAD ZONE,0.14153752051979343
2019,99,VENGALRAO NAGAR,19-YOUSUFGUDA,SERILINGAMPALLY ZONE,0.18739825372337757
2019,102,RAHAMATH NAGAR,19-YOUSUFGUDA,SERILINGAMPALLY ZONE,0.09788180041828644
2019,6,NACHARAM,1-KAPRA,L.B.NAGAR ZONE,0.16491337416642818
2019,84,BAGH AMBERPET,16-AMBERPET,SECUNDERABAD ZONE,0.1389966628881117
2019,81,NALLAKUNTA,16-AMBERPET,SECUNDERABAD ZONE,0.11533763592739578
2019,80,KACHIGUDA(Barkathpura),16-AMBERPET,SECUNDERABAD ZONE,0.10936377694407065
2019,82,GOLNAKA,16-AMBERPET,SECUNDERABAD ZONE,0.17038895920012456
2019,83,AMBERPET,16-AMBERPET,SECUNDERABAD ZONE,0.18463714490634958
2019,51,GOSHA MAHAL,14-GOSHAMAHAL,KHAIRATHABAD ZONE,0.13520058160362225
2019,68,TOLICHOWKI,13-KARWAN,KHAIRATHABAD ZONE,0.25363327097736627
2019,67,GOLCONDA,13-KARWAN,KHAIRATHABAD ZONE,0.18918230456099547
2019,77,JAMBAGH(Nampally),14-GOSHAMAHAL,KHAIRATHABAD ZONE,0.09918743275916014
2019,63,MANGALHAT,14-GOSHAMAHAL,KHAIRATHABAD ZONE,0.12608673280438215
2019,71,GUDIMALKAPUR,12-MEDHDIPATNAM,KHAIRATHABAD ZONE,0.1410505845554835
2019,70,MEHDIPATNAM,12-MEDHDIPATNAM,KHAIRATHABAD ZONE,0.11305087429256001
2019,76,MALLEPALLY,12-MEDHDIPATNAM,KHAIRATHABAD ZONE,0.08706551647949654
2019,62,ZIAGUDA,13-KARWAN,KHAIRATHABAD ZONE,0.1292318470421861
2019,72,ASIF NAGAR,12-MEDHDIPATNAM,KHAIRATHABAD ZONE,0.09038801599311977
2019,73,VIJAYANAGAR COLONY,12-MEDHDIPATNAM,KHAIRATHABAD ZONE,0.12319854226821286
2019,5,MALLAPUR,1-KAPRA,L.B.NAGAR ZONE,0.1777960486233646
2019,3,CHERLAPALLY,1-KAPRA,L.B.NAGAR ZONE,0.18151062623991301
2019,96,YOUSUFGUDA,19-YOUSUFGUDA,SERILINGAMPALLY ZONE,0.16230899413861244
2019,95,JUBILEE HILLS,18-JUBILEE HILLS,KHAIRATHABAD ZONE,0.2043629545372116
2019,50,BEGUM BAZAR,14-GOSHAMAHAL,KHAIRATHABAD ZONE,0.10588960230422786
2019,78,GUNFOUNDRY(Abids),14-GOSHAMAHAL,KHAIRATHABAD ZONE,0.13726922366787367
2019,65,KARWAN,13-KARWAN,KHAIRATHABAD ZONE,0.13620699179545903
2019,2,DR.A.S.RAO NAGAR,1-KAPRA,L.B.NAGAR ZONE,0.17043389225080785
2019,4,MEERPET H.B.COLONY,1-KAPRA,L.B.NAGAR ZONE,0.17818902484580698
2019,1,KAPRA,1-KAPRA,L.B.NAGAR ZONE,0.18911388700978737
2019,94,SHAIKPET,18-JUBILEE HILLS,KHAIRATHABAD ZONE,0.13841442187542796
2019,64,DATTATHREYA NAGAR,14-GOSHAMAHAL,KHAIRATHABAD ZONE,0.09142578375283779
2019,69,NANALNAGAR,13-KARWAN,KHAIRATHABAD ZONE,0.2117568599543727
2020,127,RANGAREDDY NAGAR,25-QUTUBULLAPUR,KUKATPALLY ZONE,0.1577904786823769
2020,119,OLD BOWENPALLY,24-KUKATPALLY,KUKATPALLY ZONE,0.16556231618391887
2020,145,SEETHAPHALMANDI,29-SECUNDERABAD,SECUNDERABAD ZONE,0.10104144897891416
2020,146,BOUDHA NAGAR,29-SECUNDERABAD,SECUNDERABAD ZONE,0.08794849852535319
2020,147,BANSILALPET,30-BEGUMPET,SECUNDERABAD ZONE,0.15976905075972112
2020,144,METTUGUDA,29-SECUNDERABAD,SECUNDERABAD ZONE,0.2346368027284891
2020,148,RAMGOPALPET,30-BEGUMPET,SECUNDERABAD ZONE,0.12148271669643128
2020,150,MONDA  MARKET,30-BEGUMPET,SECUNDERABAD ZONE,0.13480059991501728
2020,136,NEREDMET,28-MALKAJGIRI,SECUNDERABAD ZONE,0.223609669967737
2020,141,GOUTHAM NAGAR,28-MALKAJGIRI,SECUNDERABAD ZONE,0.14699065643453205
2020,140,MALKAJGIRI,28-MALKAJGIRI,SECUNDERABAD ZONE,0.16552766140730896
2020,139,EAST ANAND BAGH,28-MALKAJGIRI,SECUNDERABAD ZONE,0.20996415135291346
2020,142,ADDAGUTTA,29-SECUNDERABAD,SECUNDERABAD ZONE,0.2055413577129898
2020,137,VINAYAK NAGAR,28-MALKAJGIRI,SECUNDERABAD ZONE,0.14166341127746837
2020,134,ALWAL,27-ALWAL,KUKATPALLY ZONE,0.18411710074210408
2020,132,JEEDIMETLA,25-QUTUBULLAPUR,KUKATPALLY ZONE,0.20082814183653958
2020,CONTONMENT AREA,,CANTONMENT AREA,,0.354651416061508
2020,120,BALA NAGAR,24-KUKATPALLY,KUKATPALLY ZONE,0.288418630262636
2020,130,SUBHASH NAGAR,25-QUTUBULLAPUR,KUKATPALLY ZONE,0.15830072020002006
2020,131,QUTHBULLAPUR,25-QUTUBULLAPUR,KUKATPALLY ZONE,0.19187919666672223
2020,121,KUKATPALLY,24-KUKATPALLY,KUKATPALLY ZONE,0.1394167454540175
2020,125,GAJULARAMARAM,26-GAJULARAMARAM,KUKATPALLY ZONE,0.1628830815817659
2020,124,ALLYWN COLONY,24-KUKATPALLY,KUKATPALLY ZONE,0.14519716394104334
2020,114,K.P.H.B.COLONY,23-MOOSAPET,KUKATPALLY ZONE,0.18205991513926578
2020,116,ALLAPUR,23-MOOSAPET,KUKATPALLY ZONE,0.14268000670825098
2020,115,BALAJI NAGAR,23-MOOSAPET,KUKATPALLY ZONE,0.24365696221869806
2020,117,MOOSAPET,23-MOOSAPET,KUKATPALLY ZONE,0.11798964374689357
2020,105,GACHIBOWLI,20-SERILINGAMPALLY,SERILINGAMPALLY ZONE,0.21536012500901747
2020,110,CHANDANAGAR,21-CHANDA NAGAR,SERILINGAMPALLY ZONE,0.18117889222916125
2020,111,BHARATHI NAGAR,22-RAMACHANDRAPURAM & PATANCHERUVU,SERILINGAMPALLY ZONE,0.18578318525339432
2020,106,SERILINGAMPALLY,20-SERILINGAMPALLY,SERILINGAMPALLY ZONE,0.18768414185787646
2020,104,KONDAPUR,20-SERILINGAMPALLY,SERILINGAMPALLY ZONE,0.143413435005908
2020,109,HAFEEZPET,21-CHANDA NAGAR,SERILINGAMPALLY ZONE,0.146513614402446
2020,118,FATEH NAGAR,23-MOOSAPET,KUKATPALLY ZONE,0.14412491565384705
2020,143,TARNAKA,29-SECUNDERABAD,SECUNDERABAD ZONE,0.1941249551357372
2020,8,HABSIGUDA,2-UPPAL,L.B.NAGAR ZONE,0.2560005660913005
2020,40,RIYASATNAGAR,8-CHANDRAYANGUTTA,CHARMINAR ZONE,0.10050308877261357
2020,36,LALITHABAGH,8-CHANDRAYANGUTTA,CHARMINAR ZONE,0.09459877735774627
2020,34,TALABCHANCHALAM,7-SANTOSH NAGAR,CHARMINAR ZONE,0.05286680262973596
2020,22,CHAITHANYAPURI,5-SAROOR NAGAR,L.B.NAGAR ZONE,0.15265063015249541
2020,37,KURMAGUDA,7-SANTOSH NAGAR,CHARMINAR ZONE,0.0890190616643478
2020,31,REIN BAZAR,7-SANTOSH NAGAR,CHARMINAR ZONE,0.06927202654977457
2020,29,CHAWANI,6-MALAKPET,CHARMINAR ZONE,0.10375281943343216
2020,38,I.S.SADAN,7-SANTOSH NAGAR,CHARMINAR ZONE,0.13533957081651257
2020,18,LINGOJIGUDA,4-LB. NAGAR,L.B.NAGAR ZONE,0.12131215067864963
2020,16,HASTHINAPURAM,4-LB. NAGAR,L.B.NAGAR ZONE,0.14007935485043
2020,20,R.K.PURAM,5-SAROOR NAGAR,L.B.NAGAR ZONE,0.1231777016283644
2020,19,SAROORNAGAR,5-SAROOR NAGAR,L.B.NAGAR ZONE,0.12841016083499124
2020,14,B.N.REDDY NAGAR,3-HAYAT NAGAR,L.B.NAGAR ZONE,0.1915982958913756
2020,12,MANSOORABAD,3-HAYAT NAGAR,L.B.NAGAR ZONE,0.18118468767262658
2020,21,KOTHAPET,5-SAROOR NAGAR,L.B.NAGAR ZONE,0.1443766660796573
2020,11,NAGOLE,3-HAYAT NAGAR,L.B.NAGAR ZONE,0.20719900322708984
2020,10,UPPAL,2-UPPAL,L.B.NAGAR ZONE,0.21908895738401576
2020,GRAMPANCHAYAT PEERZADI GUDA,,GRAMPANCHAYAT PEERZADIGUDA,,0.14558595012033765
2020,KALAVANCHA GRAM PANCHAYATH,,KALAVANCHA GRAMPANCHAYATH,,0.14361095951523756
2020,13,HAYATHNAGAR,3-HAYAT NAGAR,L.B.NAGAR ZONE,0.20027920562415547
2020,15,VANASTHALIPURAM,4-LB. NAGAR,L.B.NAGAR ZONE,0.13992483362477323
2020,26,OLD MALAKPET,6-MALAKPET,CHARMINAR ZONE,0.16467062851929778
2020,17,CHAMPAPET,4-LB. NAGAR,L.B.NAGAR ZONE,0.11242426314466988
2020,39,SANTOSH NAGAR,7-SANTOSH NAGAR,CHARMINAR ZONE,0.10976409999802185
2020,66,LUNGER HOUSE,13-KARWAN,KHAIRATHABAD ZONE,0.24358239622758357
2020,112,RAMACHANDRAPURAM,22-RAMACHANDRAPURAM & PATANCHERUVU,SERILINGAMPALLY ZONE,0.16038068598128666
2020,128,CHINTAL,26-GAJULARAMARAM,KUKATPALLY ZONE,0.25075836836767407
2020,126,JAGADGIRI GUTTA,26-GAJULARAMARAM,KUKATPALLY ZONE,0.1420483240581702
2020,129,SURARAM,26-GAJULARAMARAM,KUKATPALLY ZONE,0.20083968102986088
2020,133,MACHABOLARUM,27-ALWAL,KUKATPALLY ZONE,0.21464519215686678
2020,138,MOULA-ALI,28-MALKAJGIRI,SECUNDERABAD ZONE,0.14686758589777443
2020,107,MADHAPUR,21-CHANDA NAGAR,SERILINGAMPALLY ZONE,0.15798687871221695
2020,OU,,OU,,0.34684823757394456
2020,149,BEGUMPET,30-BEGUMPET,SECUNDERABAD ZONE,0.20305946751765955
2020,135,VENKATAPURAM,27-ALWAL,KUKATPALLY ZONE,0.17408706037836402
2020,123,HYDER NAGAR,24-KUKATPALLY,KUKATPALLY ZONE,0.15234472732263896
2020,122,VIVEKANANDA NAGAR COLONY,24-KUKATPALLY,KUKATPALLY ZONE,0.11486865909778388
2020,113,PATANCHERUVU,22-RAMACHANDRAPURAM & PATANCHERUVU,SERILINGAMPALLY ZONE,0.20812915817539973
2020,108,MIYAPUR,21-CHANDA NAGAR,SERILINGAMPALLY ZONE,0.2049833003020627
2020,41,KANCHANBAGH,8-CHANDRAYANGUTTA,CHARMINAR ZONE,0.2526758096021043
2020,7,CHILUKA NAGAR,2-UPPAL,L.B.NAGAR ZONE,0.20835349262543662
2020,9,RAMANTHAPUR,2-UPPAL,L.B.NAGAR ZONE,0.18946942711510212
2020,25,MOOSARAMBAGH,6-MALAKPET,CHARMINAR ZONE,0.14366407825234045
2020,BANDLA GUDA,,BANDLAGUDA,,0.18870117428210859
2020,28,AZAMPURA,6-MALAKPET,CHARMINAR ZONE,0.11568829510418233
2020,56,KISHAN BAGH,10-FALAKNUMA,CHARMINAR ZONE,0.15438932761193166
2020,52,PURANAPOOL,9-CHARMINAR,CHARMINAR ZONE,0.07912543621419614
2020,59,MAILARDEVPALLY,11-RAJENDRA NAGAR,CHARMINAR ZONE,0.20010905265990453
2020,46,FALAKNUMA,10-FALAKNUMA,CHARMINAR ZONE,0.11731298979837192
2020,61,ATTAPUR,11-RAJENDRA NAGAR,CHARMINAR ZONE,0.16171717499252944
2020,60,RAJENDRANAGAR,11-RAJENDRA NAGAR,CHARMINAR ZONE,0.25505986465716884
2020,49,GANSIBAZAR,9-CHARMINAR,CHARMINAR ZONE,0.10398040349716466
2020,33,MOGHALPURA,9-CHARMINAR,CHARMINAR ZONE,0.08140390769022574
2020,47,NAWABSAHEBKUNTA,10-FALAKNUMA,CHARMINAR ZONE,0.09679259839733764
2020,58,SHASTRIPURAM,11-RAJENDRA NAGAR,CHARMINAR ZONE,0.14796663843506933
2020,54,JAHANUMA,10-FALAKNUMA,CHARMINAR ZONE,0.0963442473882224
2020,48,SHALIBANDA,9-CHARMINAR,CHARMINAR ZONE,0.10124281049924867
2020,53,DOODBOWLI,10-FALAKNUMA,CHARMINAR ZONE,0.11493080526153852
2020,55,RAMNASTPURA,10-FALAKNUMA,CHARMINAR ZONE,0.2119248753417497
2020,43,CHANDRAYANGUTTA,8-CHANDRAYANGUTTA,CHARMINAR ZONE,0.13858832165198443
2020,44,UPPUGUDA,8-CHANDRAYANGUTTA,CHARMINAR ZONE,0.09325046118019768
2020,35,GOWLIPURA,7-SANTOSH NAGAR,CHARMINAR ZONE,0.09070071362094688
2020,30,DABEERPURA,6-MALAKPET,CHARMINAR ZONE,0.10775203807590278
2020,32,PATHER GATTI,9-CHARMINAR,CHARMINAR ZONE,0.09112644164695152
2020,23,GADDIANNARAM,5-SAROOR NAGAR,L.B.NAGAR ZONE,0.09916216879239159
2020,24,SAIDABAD,6-MALAKPET,CHARMINAR ZONE,0.14137401620351908
2020,27,AKBERBAGH,6-MALAKPET,CHARMINAR ZONE,0.15510441287997287
2020,45,JANGAMMET,8-CHANDRAYANGUTTA,CHARMINAR ZONE,0.1227351883267163
2020,42,BARKAS,8-CHANDRAYANGUTTA,CHARMINAR ZONE,0.19447299407739715
2020,57,SULEMAN NAGAR,11-RAJENDRA NAGAR,CHARMINAR ZONE,0.1710363522641458
2020,74,AHMED NAGAR,12-MEDHDIPATNAM,KHAIRATHABAD ZONE,0.20114911600666263
2020,92,VENKATESHWARA COLONY,18-JUBILEE HILLS,KHAIRATHABAD ZONE,0.21432701804464438
2020,89,GANDHINAGAR,15-MUSHEERABAD,SECUNDERABAD ZONE,0.12957680018747103
2020,75,RED HILLS,12-MEDHDIPATNAM,KHAIRATHABAD ZONE,0.15573542711289737
2020,79,HIMAYATNAGAR,16-AMBERPET,SECUNDERABAD ZONE,0.10973392441641874
2020,88,BHOLAKPUR,15-MUSHEERABAD,SECUNDERABAD ZONE,0.10325021256885868
2020,86,MUSHEERABAD,15-MUSHEERABAD,SECUNDERABAD ZONE,0.1187271415008333
2020,85,ADIKMET,15-MUSHEERABAD,SECUNDERABAD ZONE,0.13104786495181203
2020,87,RAMNAGAR,15-MUSHEERABAD,SECUNDERABAD ZONE,0.1395042776732051
2020,90,KAVADIGUDA,15-MUSHEERABAD,SECUNDERABAD ZONE,0.2066114451003008
2020,93,BANJARA HILLS,18-JUBILEE HILLS,KHAIRATHABAD ZONE,0.1694633818894059
2020,91,KHAIRTABAD,17-KHAIRATABAD,KHAIRATHABAD ZONE,0.07114916128025575
2020,103,BORABANDA,19-YOUSUFGUDA,SERILINGAMPALLY ZONE,0.08255361326489787
2020,97,SOMAJIGUDA,17-KHAIRATABAD,KHAIRATHABAD ZONE,0.14661233891982783
2020,98,AMEERPET,17-KHAIRATABAD,KHAIRATHABAD ZONE,0.16778787809975296
2020,101,ERRAGADDA,19-YOUSUFGUDA,SERILINGAMPALLY ZONE,0.13651177326433095
2020,100,SANATH NAGAR,17-KHAIRATABAD,KHAIRATHABAD ZONE,0.1533414347551462
2020,99,VENGALRAO NAGAR,19-YOUSUFGUDA,SERILINGAMPALLY ZONE,0.19323184449128686
2020,102,RAHAMATH NAGAR,19-YOUSUFGUDA,SERILINGAMPALLY ZONE,0.09564333741460179
2020,6,NACHARAM,1-KAPRA,L.B.NAGAR ZONE,0.1915671228203381
2020,84,BAGH AMBERPET,16-AMBERPET,SECUNDERABAD ZONE,0.14613303295160643
2020,81,NALLAKUNTA,16-AMBERPET,SECUNDERABAD ZONE,0.1226028296015016
2020,80,KACHIGUDA(Barkathpura),16-AMBERPET,SECUNDERABAD ZONE,0.1155768379157675
2020,82,GOLNAKA,16-AMBERPET,SECUNDERABAD ZONE,0.176463972710811
2020,83,AMBERPET,16-AMBERPET,SECUNDERABAD ZONE,0.19556502171395906
2020,51,GOSHA MAHAL,14-GOSHAMAHAL,KHAIRATHABAD ZONE,0.14374412149140214
2020,68,TOLICHOWKI,13-KARWAN,KHAIRATHABAD ZONE,0.24712106047149915
2020,67,GOLCONDA,13-KARWAN,KHAIRATHABAD ZONE,0.18836237084274066
2020,77,JAMBAGH(Nampally),14-GOSHAMAHAL,KHAIRATHABAD ZONE,0.10831799933565796
2020,63,MANGALHAT,14-GOSHAMAHAL,KHAIRATHABAD ZONE,0.14103859002033442
2020,71,GUDIMALKAPUR,12-MEDHDIPATNAM,KHAIRATHABAD ZONE,0.1546670020886994
2020,70,MEHDIPATNAM,12-MEDHDIPATNAM,KHAIRATHABAD ZONE,0.1163033311013087
2020,76,MALLEPALLY,12-MEDHDIPATNAM,KHAIRATHABAD ZONE,0.09543936028235832
2020,62,ZIAGUDA,13-KARWAN,KHAIRATHABAD ZONE,0.13551638639012517
2020,72,ASIF NAGAR,12-MEDHDIPATNAM,KHAIRATHABAD ZONE,0.09542404048925482
2020,73,VIJAYANAGAR COLONY,12-MEDHDIPATNAM,KHAIRATHABAD ZONE,0.13552069419467366
2020,5,MALLAPUR,1-KAPRA,L.B.NAGAR ZONE,0.22492669126001247
2020,3,CHERLAPALLY,1-KAPRA,L.B.NAGAR ZONE,0.23065815798469205
2020,96,YOUSUFGUDA,19-YOUSUFGUDA,SERILINGAMPALLY ZONE,0.1687287613338982
2020,95,JUBILEE HILLS,18-JUBILEE HILLS,KHAIRATHABAD ZONE,0.21120714103322355
2020,50,BEGUM BAZAR,14-GOSHAMAHAL,KHAIRATHABAD ZONE,0.11260796676353371
2020,78,GUNFOUNDRY(Abids),14-GOSHAMAHAL,KHAIRATHABAD ZONE,0.14730256847357337
2020,65,KARWAN,13-KARWAN,KHAIRATHABAD ZONE,0.14420230994179103
2020,2,DR.A.S.RAO NAGAR,1-KAPRA,L.B.NAGAR ZONE,0.2030177989950778
2020,4,MEERPET H.B.COLONY,1-KAPRA,L.B.NAGAR ZONE,0.20083136827357687
2020,1,KAPRA,1-KAPRA,L.B.NAGAR ZONE,0.2214792045840098
2020,94,SHAIKPET,18-JUBILEE HILLS,KHAIRATHABAD ZONE,0.14143955165396263
2020,64,DATTATHREYA NAGAR,14-GOSHAMAHAL,KHAIRATHABAD ZONE,0.0963639119393408
2020,69,NANALNAGAR,13-KARWAN,KHAIRATHABAD ZONE,0.22911191318962928
2021,127,RANGAREDDY NAGAR,25-QUTUBULLAPUR,KUKATPALLY ZONE,0.1455487441024653
2021,119,OLD BOWENPALLY,24-KUKATPALLY,KUKATPALLY ZONE,0.14066160206247785
2021,145,SEETHAPHALMANDI,29-SECUNDERABAD,SECUNDERABAD ZONE,0.10044044330746234
2021,146,BOUDHA NAGAR,29-SECUNDERABAD,SECUNDERABAD ZONE,0.08852062878208562
2021,147,BANSILALPET,30-BEGUMPET,SECUNDERABAD ZONE,0.14802435197742153
2021,144,METTUGUDA,29-SECUNDERABAD,SECUNDERABAD ZONE,0.208037625273094
2021,148,RAMGOPALPET,30-BEGUMPET,SECUNDERABAD ZONE,0.11210205896871563
2021,150,MONDA  MARKET,30-BEGUMPET,SECUNDERABAD ZONE,0.12875512254931856
2021,136,NEREDMET,28-MALKAJGIRI,SECUNDERABAD ZONE,0.2048631677444059
2021,141,GOUTHAM NAGAR,28-MALKAJGIRI,SECUNDERABAD ZONE,0.1370971039796724
2021,140,MALKAJGIRI,28-MALKAJGIRI,SECUNDERABAD ZONE,0.154135892052931
2021,139,EAST ANAND BAGH,28-MALKAJGIRI,SECUNDERABAD ZONE,0.1860472255530929
2021,142,ADDAGUTTA,29-SECUNDERABAD,SECUNDERABAD ZONE,0.18277984380405568
2021,137,VINAYAK NAGAR,28-MALKAJGIRI,SECUNDERABAD ZONE,0.13136557307337118
2021,134,ALWAL,27-ALWAL,KUKATPALLY ZONE,0.1605541182078228
2021,132,JEEDIMETLA,25-QUTUBULLAPUR,KUKATPALLY ZONE,0.1782968530236131
2021,CONTONMENT AREA,,CANTONMENT AREA,,0.30450557416810026
2021,120,BALA NAGAR,24-KUKATPALLY,KUKATPALLY ZONE,0.2563616033423059
2021,130,SUBHASH NAGAR,25-QUTUBULLAPUR,KUKATPALLY ZONE,0.14002292479879014
2021,131,QUTHBULLAPUR,25-QUTUBULLAPUR,KUKATPALLY ZONE,0.1734731856955141
2021,121,KUKATPALLY,24-KUKATPALLY,KUKATPALLY ZONE,0.12934370951710417
2021,125,GAJULARAMARAM,26-GAJULARAMARAM,KUKATPALLY ZONE,0.15398649472055276
2021,124,ALLYWN COLONY,24-KUKATPALLY,KUKATPALLY ZONE,0.14304368150626862
2021,114,K.P.H.B.COLONY,23-MOOSAPET,KUKATPALLY ZONE,0.1684252770347028
2021,116,ALLAPUR,23-MOOSAPET,KUKATPALLY ZONE,0.13465248634582272
2021,115,BALAJI NAGAR,23-MOOSAPET,KUKATPALLY ZONE,0.2155916060976688
2021,117,MOOSAPET,23-MOOSAPET,KUKATPALLY ZONE,0.10916466970549178
2021,105,GACHIBOWLI,20-SERILINGAMPALLY,SERILINGAMPALLY ZONE,0.20345130688841884
2021,110,CHANDANAGAR,21-CHANDA NAGAR,SERILINGAMPALLY ZONE,0.17106209772449907
2021,111,BHARATHI NAGAR,22-RAMACHANDRAPURAM & PATANCHERUVU,SERILINGAMPALLY ZONE,0.17776977857132958
2021,106,SERILINGAMPALLY,20-SERILINGAMPALLY,SERILINGAMPALLY ZONE,0.17530336148632816
2021,104,KONDAPUR,20-SERILINGAMPALLY,SERILINGAMPALLY ZONE,0.13704249768815233
2021,109,HAFEEZPET,21-CHANDA NAGAR,SERILINGAMPALLY ZONE,0.1400545753385928
2021,118,FATEH NAGAR,23-MOOSAPET,KUKATPALLY ZONE,0.12739273722256447
2021,143,TARNAKA,29-SECUNDERABAD,SECUNDERABAD ZONE,0.17284781935065874
2021,8,HABSIGUDA,2-UPPAL,L.B.NAGAR ZONE,0.22967197978274223
2021,40,RIYASATNAGAR,8-CHANDRAYANGUTTA,CHARMINAR ZONE,0.09837292076416417
2021,36,LALITHABAGH,8-CHANDRAYANGUTTA,CHARMINAR ZONE,0.09287332710502616
2021,34,TALABCHANCHALAM,7-SANTOSH NAGAR,CHARMINAR ZONE,0.05549788545857348
2021,22,CHAITHANYAPURI,5-SAROOR NAGAR,L.B.NAGAR ZONE,0.13834564996399581
2021,37,KURMAGUDA,7-SANTOSH NAGAR,CHARMINAR ZONE,0.08883184377290797
2021,31,REIN BAZAR,7-SANTOSH NAGAR,CHARMINAR ZONE,0.06749792672054022
2021,29,CHAWANI,6-MALAKPET,CHARMINAR ZONE,0.10156062311196654
2021,38,I.S.SADAN,7-SANTOSH NAGAR,CHARMINAR ZONE,0.12125117712362878
2021,18,LINGOJIGUDA,4-LB. NAGAR,L.B.NAGAR ZONE,0.11507853308810385
2021,16,HASTHINAPURAM,4-LB. NAGAR,L.B.NAGAR ZONE,0.1351099881569565
2021,20,R.K.PURAM,5-SAROOR NAGAR,L.B.NAGAR ZONE,0.12008601753176203
2021,19,SAROORNAGAR,5-SAROOR NAGAR,L.B.NAGAR ZONE,0.1259791685379579
2021,14,B.N.REDDY NAGAR,3-HAYAT NAGAR,L.B.NAGAR ZONE,0.19112423915349316
2021,12,MANSOORABAD,3-HAYAT NAGAR,L.B.NAGAR ZONE,0.182636707311041
2021,21,KOTHAPET,5-SAROOR NAGAR,L.B.NAGAR ZONE,0.12661574534401038
2021,11,NAGOLE,3-HAYAT NAGAR,L.B.NAGAR ZONE,0.20023496532541604
2021,10,UPPAL,2-UPPAL,L.B.NAGAR ZONE,0.19550132251778268
2021,GRAMPANCHAYAT PEERZADI GUDA,,GRAMPANCHAYAT PEERZADIGUDA,,0.12927511176782633
2021,KALAVANCHA GRAM PANCHAYATH,,KALAVANCHA GRAMPANCHAYATH,,0.1442855908651084
2021,13,HAYATHNAGAR,3-HAYAT NAGAR,L.B.NAGAR ZONE,0.18976199787853115
2021,15,VANASTHALIPURAM,4-LB. NAGAR,L.B.NAGAR ZONE,0.13168394594648047
2021,26,OLD MALAKPET,6-MALAKPET,CHARMINAR ZONE,0.1566184840352383
2021,17,CHAMPAPET,4-LB. NAGAR,L.B.NAGAR ZONE,0.1078545646956062
2021,39,SANTOSH NAGAR,7-SANTOSH NAGAR,CHARMINAR ZONE,0.10602305579383578
2021,66,LUNGER HOUSE,13-KARWAN,KHAIRATHABAD ZONE,0.2485453252883446
2021,112,RAMACHANDRAPURAM,22-RAMACHANDRAPURAM & PATANCHERUVU,SERILINGAMPALLY ZONE,0.15432347060033677
2021,128,CHINTAL,26-GAJULARAMARAM,KUKATPALLY ZONE,0.22713792845255104
2021,126,JAGADGIRI GUTTA,26-GAJULARAMARAM,KUKATPALLY ZONE,0.12454921046573524
2021,129,SURARAM,26-GAJULARAMARAM,KUKATPALLY ZONE,0.17415352799599917
2021,133,MACHABOLARUM,27-ALWAL,KUKATPALLY ZONE,0.20070396713656044
2021,138,MOULA-ALI,28-MALKAJGIRI,SECUNDERABAD ZONE,0.13210672869401743
2021,107,MADHAPUR,21-CHANDA NAGAR,SERILINGAMPALLY ZONE,0.14376579702187492
2021,OU,,OU,,0.3258507937809192
2021,149,BEGUMPET,30-BEGUMPET,SECUNDERABAD ZONE,0.18246409214887555
2021,135,VENKATAPURAM,27-ALWAL,KUKATPALLY ZONE,0.15896437927680865
2021,123,HYDER NAGAR,24-KUKATPALLY,KUKATPALLY ZONE,0.14026635953908434
2021,122,VIVEKANANDA NAGAR COLONY,24-KUKATPALLY,KUKATPALLY ZONE,0.11051336792760043
2021,113,PATANCHERUVU,22-RAMACHANDRAPURAM & PATANCHERUVU,SERILINGAMPALLY ZONE,0.2007017545101245
2021,108,MIYAPUR,21-CHANDA NAGAR,SERILINGAMPALLY ZONE,0.17895798499759705
2021,41,KANCHANBAGH,8-CHANDRAYANGUTTA,CHARMINAR ZONE,0.24023021359237443
2021,7,CHILUKA NAGAR,2-UPPAL,L.B.NAGAR ZONE,0.18441348825408985
2021,9,RAMANTHAPUR,2-UPPAL,L.B.NAGAR ZONE,0.17760042909955928
2021,25,MOOSARAMBAGH,6-MALAKPET,CHARMINAR ZONE,0.13623368004966288
2021,BANDLA GUDA,,BANDLAGUDA,,0.17527948708101018
2021,28,AZAMPURA,6-MALAKPET,CHARMINAR ZONE,0.10351591156384633
2021,56,KISHAN BAGH,10-FALAKNUMA,CHARMINAR ZONE,0.14452807832270564
2021,52,PURANAPOOL,9-CHARMINAR,CHARMINAR ZONE,0.08170655070965048
2021,59,MAILARDEVPALLY,11-RAJENDRA NAGAR,CHARMINAR ZONE,0.18239057158917726
2021,46,FALAKNUMA,10-FALAKNUMA,CHARMINAR ZONE,0.10761047005056837
2021,61,ATTAPUR,11-RAJENDRA NAGAR,CHARMINAR ZONE,0.14979498612544678
2021,60,RAJENDRANAGAR,11-RAJENDRA NAGAR,CHARMINAR ZONE,0.23448882006017957
2021,49,GANSIBAZAR,9-CHARMINAR,CHARMINAR ZONE,0.10381166725437357
2021,33,MOGHALPURA,9-CHARMINAR,CHARMINAR ZONE,0.0849856566926953
2021,47,NAWABSAHEBKUNTA,10-FALAKNUMA,CHARMINAR ZONE,0.0915352613101541
2021,58,SHASTRIPURAM,11-RAJENDRA NAGAR,CHARMINAR ZONE,0.13297843490225622
2021,54,JAHANUMA,10-FALAKNUMA,CHARMINAR ZONE,0.09512584455966414
2021,48,SHALIBANDA,9-CHARMINAR,CHARMINAR ZONE,0.09885026300520598
2021,53,DOODBOWLI,10-FALAKNUMA,CHARMINAR ZONE,0.10864624889241169
2021,55,RAMNASTPURA,10-FALAKNUMA,CHARMINAR ZONE,0.24156727869320097
2021,43,CHANDRAYANGUTTA,8-CHANDRAYANGUTTA,CHARMINAR ZONE,0.13199084823520055
2021,44,UPPUGUDA,8-CHANDRAYANGUTTA,CHARMINAR ZONE,0.090117969286799
2021,35,GOWLIPURA,7-SANTOSH NAGAR,CHARMINAR ZONE,0.0879745163459298
2021,30,DABEERPURA,6-MALAKPET,CHARMINAR ZONE,0.10285365170886687
2021,32,PATHER GATTI,9-CHARMINAR,CHARMINAR ZONE,0.08915837224553058
2021,23,GADDIANNARAM,5-SAROOR NAGAR,L.B.NAGAR ZONE,0.09615199684403113
2021,24,SAIDABAD,6-MALAKPET,CHARMINAR ZONE,0.1402867227712645
2021,27,AKBERBAGH,6-MALAKPET,CHARMINAR ZONE,0.14919399856876714
2021,45,JANGAMMET,8-CHANDRAYANGUTTA,CHARMINAR ZONE,0.12112792338884776
2021,42,BARKAS,8-CHANDRAYANGUTTA,CHARMINAR ZONE,0.1804713076929187
2021,57,SULEMAN NAGAR,11-RAJENDRA NAGAR,CHARMINAR ZONE,0.16031250089732452
2021,74,AHMED NAGAR,12-MEDHDIPATNAM,KHAIRATHABAD ZONE,0.1838661454352229
2021,92,VENKATESHWARA COLONY,18-JUBILEE HILLS,KHAIRATHABAD ZONE,0.18903309282462424
2021,89,GANDHINAGAR,15-MUSHEERABAD,SECUNDERABAD ZONE,0.12531168095231088
2021,75,RED HILLS,12-MEDHDIPATNAM,KHAIRATHABAD ZONE,0.15126802825906163
2021,79,HIMAYATNAGAR,16-AMBERPET,SECUNDERABAD ZONE,0.10645692108971475
2021,88,BHOLAKPUR,15-MUSHEERABAD,SECUNDERABAD ZONE,0.10235853278751815
2021,86,MUSHEERABAD,15-MUSHEERABAD,SECUNDERABAD ZONE,0.10950697519509366
2021,85,ADIKMET,15-MUSHEERABAD,SECUNDERABAD ZONE,0.12948401503261664
2021,87,RAMNAGAR,15-MUSHEERABAD,SECUNDERABAD ZONE,0.13203278820096234
2021,90,KAVADIGUDA,15-MUSHEERABAD,SECUNDERABAD ZONE,0.19393844353435977
2021,93,BANJARA HILLS,18-JUBILEE HILLS,KHAIRATHABAD ZONE,0.1570940489427578
2021,91,KHAIRTABAD,17-KHAIRATABAD,KHAIRATHABAD ZONE,0.06988538729787579
2021,103,BORABANDA,19-YOUSUFGUDA,SERILINGAMPALLY ZONE,0.08533693053548644
2021,97,SOMAJIGUDA,17-KHAIRATABAD,KHAIRATHABAD ZONE,0.13891297073975756
2021,98,AMEERPET,17-KHAIRATABAD,KHAIRATHABAD ZONE,0.15378217764676594
2021,101,ERRAGADDA,19-YOUSUFGUDA,SERILINGAMPALLY ZONE,0.1276331331976182
2021,100,SANATH NAGAR,17-KHAIRATABAD,KHAIRATHABAD ZONE,0.14317868346509502
2021,99,VENGALRAO NAGAR,19-YOUSUFGUDA,SERILINGAMPALLY ZONE,0.18219775503716665
2021,102,RAHAMATH NAGAR,19-YOUSUFGUDA,SERILINGAMPALLY ZONE,0.09676540236066271
2021,6,NACHARAM,1-KAPRA,L.B.NAGAR ZONE,0.16185111461668986
2021,84,BAGH AMBERPET,16-AMBERPET,SECUNDERABAD ZONE,0.14115918964306093
2021,81,NALLAKUNTA,16-AMBERPET,SECUNDERABAD ZONE,0.12009117198084678
2021,80,KACHIGUDA(Barkathpura),16-AMBERPET,SECUNDERABAD ZONE,0.11134639888721645
2021,82,GOLNAKA,16-AMBERPET,SECUNDERABAD ZONE,0.1606930311485098
2021,83,AMBERPET,16-AMBERPET,SECUNDERABAD ZONE,0.18313909359861463
2021,51,GOSHA MAHAL,14-GOSHAMAHAL,KHAIRATHABAD ZONE,0.13840027671739735
2021,68,TOLICHOWKI,13-KARWAN,KHAIRATHABAD ZONE,0.24007775931836525
2021,67,GOLCONDA,13-KARWAN,KHAIRATHABAD ZONE,0.1993688648421795
2021,77,JAMBAGH(Nampally),14-GOSHAMAHAL,KHAIRATHABAD ZONE,0.10859044222441668
2021,63,MANGALHAT,14-GOSHAMAHAL,KHAIRATHABAD ZONE,0.13296785129921485
2021,71,GUDIMALKAPUR,12-MEDHDIPATNAM,KHAIRATHABAD ZONE,0.1489109554503655
2021,70,MEHDIPATNAM,12-MEDHDIPATNAM,KHAIRATHABAD ZONE,0.1152509076147403
2021,76,MALLEPALLY,12-MEDHDIPATNAM,KHAIRATHABAD ZONE,0.09642694707866888
2021,62,ZIAGUDA,13-KARWAN,KHAIRATHABAD ZONE,0.12854412145368455
2021,72,ASIF NAGAR,12-MEDHDIPATNAM,KHAIRATHABAD ZONE,0.09279865082492278
2021,73,VIJAYANAGAR COLONY,12-MEDHDIPATNAM,KHAIRATHABAD ZONE,0.13408176410181233
2021,5,MALLAPUR,1-KAPRA,L.B.NAGAR ZONE,0.19665312058598242
2021,3,CHERLAPALLY,1-KAPRA,L.B.NAGAR ZONE,0.21027566930093314
2021,96,YOUSUFGUDA,19-YOUSUFGUDA,SERILINGAMPALLY ZONE,0.15899760358447662
2021,95,JUBILEE HILLS,18-JUBILEE HILLS,KHAIRATHABAD ZONE,0.19822641121575227
2021,50,BEGUM BAZAR,14-GOSHAMAHAL,KHAIRATHABAD ZONE,0.10830790784774894
2021,78,GUNFOUNDRY(Abids),14-GOSHAMAHAL,KHAIRATHABAD ZONE,0.1427174161478069
2021,65,KARWAN,13-KARWAN,KHAIRATHABAD ZONE,0.1321917460765579
2021,2,DR.A.S.RAO NAGAR,1-KAPRA,L.B.NAGAR ZONE,0.18319477363783485
2021,4,MEERPET H.B.COLONY,1-KAPRA,L.B.NAGAR ZONE,0.17529555254431353
2021,1,KAPRA,1-KAPRA,L.B.NAGAR ZONE,0.19181594536122945
2021,94,SHAIKPET,18-JUBILEE HILLS,KHAIRATHABAD ZONE,0.1361558501824279
2021,64,DATTATHREYA NAGAR,14-GOSHAMAHAL,KHAIRATHABAD ZONE,0.09392190151938244
2021,69,NANALNAGAR,13-KARWAN,KHAIRATHABAD ZONE,0.21651744388702657
2022,127,RANGAREDDY NAGAR,25-QUTUBULLAPUR,KUKATPALLY ZONE,0.13570401106576963
2022,119,OLD BOWENPALLY,24-KUKATPALLY,KUKATPALLY ZONE,0.12447761011241855
2022,145,SEETHAPHALMANDI,29-SECUNDERABAD,SECUNDERABAD ZONE,0.09413942329572726
2022,146,BOUDHA NAGAR,29-SECUNDERABAD,SECUNDERABAD ZONE,0.08373407600330808
2022,147,BANSILALPET,30-BEGUMPET,SECUNDERABAD ZONE,0.13904341132691259
2022,144,METTUGUDA,29-SECUNDERABAD,SECUNDERABAD ZONE,0.19783794148698902
2022,148,RAMGOPALPET,30-BEGUMPET,SECUNDERABAD ZONE,0.10860689236999191
2022,150,MONDA  MARKET,30-BEGUMPET,SECUNDERABAD ZONE,0.1264748407152469
2022,136,NEREDMET,28-MALKAJGIRI,SECUNDERABAD ZONE,0.1957441639563335
2022,141,GOUTHAM NAGAR,28-MALKAJGIRI,SECUNDERABAD ZONE,0.13894551122684953
2022,140,MALKAJGIRI,28-MALKAJGIRI,SECUNDERABAD ZONE,0.1519095023965606
2022,139,EAST ANAND BAGH,28-MALKAJGIRI,SECUNDERABAD ZONE,0.1990365161031393
2022,142,ADDAGUTTA,29-SECUNDERABAD,SECUNDERABAD ZONE,0.17910708825377394
2022,137,VINAYAK NAGAR,28-MALKAJGIRI,SECUNDERABAD ZONE,0.1358142723686208
2022,134,ALWAL,27-ALWAL,KUKATPALLY ZONE,0.1523597370924149
2022,132,JEEDIMETLA,25-QUTUBULLAPUR,KUKATPALLY ZONE,0.15982378958197374
2022,CONTONMENT AREA,,CANTONMENT AREA,,0.3013547431920707
2022,120,BALA NAGAR,24-KUKATPALLY,KUKATPALLY ZONE,0.22600216173371926
2022,130,SUBHASH NAGAR,25-QUTUBULLAPUR,KUKATPALLY ZONE,0.13520626000846817
2022,131,QUTHBULLAPUR,25-QUTUBULLAPUR,KUKATPALLY ZONE,0.16548155055980818
2022,121,KUKATPALLY,24-KUKATPALLY,KUKATPALLY ZONE,0.11713102325476325
2022,125,GAJULARAMARAM,26-GAJULARAMARAM,KUKATPALLY ZONE,0.1449943447497162
2022,124,ALLYWN COLONY,24-KUKATPALLY,KUKATPALLY ZONE,0.12238695149358943
2022,114,K.P.H.B.COLONY,23-MOOSAPET,KUKATPALLY ZONE,0.1581587500988734
2022,116,ALLAPUR,23-MOOSAPET,KUKATPALLY ZONE,0.12054297649897605
2022,115,BALAJI NAGAR,23-MOOSAPET,KUKATPALLY ZONE,0.18018854282642002
2022,117,MOOSAPET,23-MOOSAPET,KUKATPALLY ZONE,0.0998528440230535
2022,105,GACHIBOWLI,20-SERILINGAMPALLY,SERILINGAMPALLY ZONE,0.18431297805773617
2022,110,CHANDANAGAR,21-CHANDA NAGAR,SERILINGAMPALLY ZONE,0.1633079405435594
2022,111,BHARATHI NAGAR,22-RAMACHANDRAPURAM & PATANCHERUVU,SERILINGAMPALLY ZONE,0.1739906486128796
2022,106,SERILINGAMPALLY,20-SERILINGAMPALLY,SERILINGAMPALLY ZONE,0.15798192133006853
2022,104,KONDAPUR,20-SERILINGAMPALLY,SERILINGAMPALLY ZONE,0.1241922784297143
2022,109,HAFEEZPET,21-CHANDA NAGAR,SERILINGAMPALLY ZONE,0.13178134158882227
2022,118,FATEH NAGAR,23-MOOSAPET,KUKATPALLY ZONE,0.1174727673993207
2022,143,TARNAKA,29-SECUNDERABAD,SECUNDERABAD ZONE,0.17296982147050305
2022,8,HABSIGUDA,2-UPPAL,L.B.NAGAR ZONE,0.22830817372434836
2022,40,RIYASATNAGAR,8-CHANDRAYANGUTTA,CHARMINAR ZONE,0.09622468149787669
2022,36,LALITHABAGH,8-CHANDRAYANGUTTA,CHARMINAR ZONE,0.09708630820501911
2022,34,TALABCHANCHALAM,7-SANTOSH NAGAR,CHARMINAR ZONE,0.055273102403701806
2022,22,CHAITHANYAPURI,5-SAROOR NAGAR,L.B.NAGAR ZONE,0.1446467092139664
2022,37,KURMAGUDA,7-SANTOSH NAGAR,CHARMINAR ZONE,0.09045880027148358
2022,31,REIN BAZAR,7-SANTOSH NAGAR,CHARMINAR ZONE,0.06985820009013925
2022,29,CHAWANI,6-MALAKPET,CHARMINAR ZONE,0.10486823732382207
2022,38,I.S.SADAN,7-SANTOSH NAGAR,CHARMINAR ZONE,0.12151761551757147
2022,18,LINGOJIGUDA,4-LB. NAGAR,L.B.NAGAR ZONE,0.11091716142718588
2022,16,HASTHINAPURAM,4-LB. NAGAR,L.B.NAGAR ZONE,0.1283296574580944
2022,20,R.K.PURAM,5-SAROOR NAGAR,L.B.NAGAR ZONE,0.12412257499202421
2022,19,SAROORNAGAR,5-SAROOR NAGAR,L.B.NAGAR ZONE,0.13214435751796919
2022,14,B.N.REDDY NAGAR,3-HAYAT NAGAR,L.B.NAGAR ZONE,0.1761128380096071
2022,12,MANSOORABAD,3-HAYAT NAGAR,L.B.NAGAR ZONE,0.17298384481232637
2022,21,KOTHAPET,5-SAROOR NAGAR,L.B.NAGAR ZONE,0.1383583274081858
2022,11,NAGOLE,3-HAYAT NAGAR,L.B.NAGAR ZONE,0.20224829333988512
2022,10,UPPAL,2-UPPAL,L.B.NAGAR ZONE,0.20650049061170692
2022,GRAMPANCHAYAT PEERZADI GUDA,,GRAMPANCHAYAT PEERZADIGUDA,,0.12861360577612205
2022,KALAVANCHA GRAM PANCHAYATH,,KALAVANCHA GRAMPANCHAYATH,,0.13419433877572262
2022,13,HAYATHNAGAR,3-HAYAT NAGAR,L.B.NAGAR ZONE,0.17735690626949052
2022,15,VANASTHALIPURAM,4-LB. NAGAR,L.B.NAGAR ZONE,0.12625959843327256
2022,26,OLD MALAKPET,6-MALAKPET,CHARMINAR ZONE,0.1601954260731339
2022,17,CHAMPAPET,4-LB. NAGAR,L.B.NAGAR ZONE,0.10644003924299351
2022,39,SANTOSH NAGAR,7-SANTOSH NAGAR,CHARMINAR ZONE,0.10429535069404411
2022,66,LUNGER HOUSE,13-KARWAN,KHAIRATHABAD ZONE,0.2255748882013225
2022,112,RAMACHANDRAPURAM,22-RAMACHANDRAPURAM & PATANCHERUVU,SERILINGAMPALLY ZONE,0.14245454783426692
2022,128,CHINTAL,26-GAJULARAMARAM,KUKATPALLY ZONE,0.21979915506645423
2022,126,JAGADGIRI GUTTA,26-GAJULARAMARAM,KUKATPALLY ZONE,0.11068243069346204
2022,129,SURARAM,26-GAJULARAMARAM,KUKATPALLY ZONE,0.16515356018974928
2022,133,MACHABOLARUM,27-ALWAL,KUKATPALLY ZONE,0.18631551987297967
2022,138,MOULA-ALI,28-MALKAJGIRI,SECUNDERABAD ZONE,0.1332690429869483
2022,107,MADHAPUR,21-CHANDA NAGAR,SERILINGAMPALLY ZONE,0.13200723168871173
2022,OU,,OU,,0.3250471387201895
2022,149,BEGUMPET,30-BEGUMPET,SECUNDERABAD ZONE,0.17774543344004062
2022,135,VENKATAPURAM,27-ALWAL,KUKATPALLY ZONE,0.15112367700438747
2022,123,HYDER NAGAR,24-KUKATPALLY,KUKATPALLY ZONE,0.13127214175219118
2022,122,VIVEKANANDA NAGAR COLONY,24-KUKATPALLY,KUKATPALLY ZONE,0.10497432296551276
2022,113,PATANCHERUVU,22-RAMACHANDRAPURAM & PATANCHERUVU,SERILINGAMPALLY ZONE,0.1861137542064957
2022,108,MIYAPUR,21-CHANDA NAGAR,SERILINGAMPALLY ZONE,0.17040861006995178
2022,41,KANCHANBAGH,8-CHANDRAYANGUTTA,CHARMINAR ZONE,0.22888619563463225
2022,7,CHILUKA NAGAR,2-UPPAL,L.B.NAGAR ZONE,0.1899881417210837
2022,9,RAMANTHAPUR,2-UPPAL,L.B.NAGAR ZONE,0.17043893133790772
2022,25,MOOSARAMBAGH,6-MALAKPET,CHARMINAR ZONE,0.13857607153717771
2022,BANDLA GUDA,,BANDLAGUDA,,0.1737824414153172
2022,28,AZAMPURA,6-MALAKPET,CHARMINAR ZONE,0.10125703574403856
2022,56,KISHAN BAGH,10-FALAKNUMA,CHARMINAR ZONE,0.1369679791145133
2022,52,PURANAPOOL,9-CHARMINAR,CHARMINAR ZONE,0.07874686118009389
2022,59,MAILARDEVPALLY,11-RAJENDRA NAGAR,CHARMINAR ZONE,0.17517251717205395
2022,46,FALAKNUMA,10-FALAKNUMA,CHARMINAR ZONE,0.10522451390113396
2022,61,ATTAPUR,11-RAJENDRA NAGAR,CHARMINAR ZONE,0.13516951543472272
2022,60,RAJENDRANAGAR,11-RAJENDRA NAGAR,CHARMINAR ZONE,0.2175782071488994
2022,49,GANSIBAZAR,9-CHARMINAR,CHARMINAR ZONE,0.10107104863538977
2022,33,MOGHALPURA,9-CHARMINAR,CHARMINAR ZONE,0.08198236033321873
2022,47,NAWABSAHEBKUNTA,10-FALAKNUMA,CHARMINAR ZONE,0.08905528754583077
2022,58,SHASTRIPURAM,11-RAJENDRA NAGAR,CHARMINAR ZONE,0.12453547499443397
2022,54,JAHANUMA,10-FALAKNUMA,CHARMINAR ZONE,0.08981955396663462
2022,48,SHALIBANDA,9-CHARMINAR,CHARMINAR ZONE,0.09595343530494309
2022,53,DOODBOWLI,10-FALAKNUMA,CHARMINAR ZONE,0.10424511421999455
2022,55,RAMNASTPURA,10-FALAKNUMA,CHARMINAR ZONE,0.20937259142447176
2022,43,CHANDRAYANGUTTA,8-CHANDRAYANGUTTA,CHARMINAR ZONE,0.1292037732054011
2022,44,UPPUGUDA,8-CHANDRAYANGUTTA,CHARMINAR ZONE,0.08900006412646648
2022,35,GOWLIPURA,7-SANTOSH NAGAR,CHARMINAR ZONE,0.0884841723604557
2022,30,DABEERPURA,6-MALAKPET,CHARMINAR ZONE,0.10282174403929122
2022,32,PATHER GATTI,9-CHARMINAR,CHARMINAR ZONE,0.09075051098327867
2022,23,GADDIANNARAM,5-SAROOR NAGAR,L.B.NAGAR ZONE,0.09902468982500069
2022,24,SAIDABAD,6-MALAKPET,CHARMINAR ZONE,0.14453595329060318
2022,27,AKBERBAGH,6-MALAKPET,CHARMINAR ZONE,0.15489111751467877
2022,45,JANGAMMET,8-CHANDRAYANGUTTA,CHARMINAR ZONE,0.11885402463327692
2022,42,BARKAS,8-CHANDRAYANGUTTA,CHARMINAR ZONE,0.18230102110425836
2022,57,SULEMAN NAGAR,11-RAJENDRA NAGAR,CHARMINAR ZONE,0.1470567621599618
2022,74,AHMED NAGAR,12-MEDHDIPATNAM,KHAIRATHABAD ZONE,0.1743079997089719
2022,92,VENKATESHWARA COLONY,18-JUBILEE HILLS,KHAIRATHABAD ZONE,0.1777338382005886
2022,89,GANDHINAGAR,15-MUSHEERABAD,SECUNDERABAD ZONE,0.12223826974626073
2022,75,RED HILLS,12-MEDHDIPATNAM,KHAIRATHABAD ZONE,0.14568583336744845
2022,79,HIMAYATNAGAR,16-AMBERPET,SECUNDERABAD ZONE,0.10573481120893395
2022,88,BHOLAKPUR,15-MUSHEERABAD,SECUNDERABAD ZONE,0.09913013860659858
2022,86,MUSHEERABAD,15-MUSHEERABAD,SECUNDERABAD ZONE,0.0993837536671875
2022,85,ADIKMET,15-MUSHEERABAD,SECUNDERABAD ZONE,0.1233706184909214
2022,87,RAMNAGAR,15-MUSHEERABAD,SECUNDERABAD ZONE,0.12726053416817965
2022,90,KAVADIGUDA,15-MUSHEERABAD,SECUNDERABAD ZONE,0.18988420157958408
2022,93,BANJARA HILLS,18-JUBILEE HILLS,KHAIRATHABAD ZONE,0.146499723942495
2022,91,KHAIRTABAD,17-KHAIRATABAD,KHAIRATHABAD ZONE,0.06602997097654223
2022,103,BORABANDA,19-YOUSUFGUDA,SERILINGAMPALLY ZONE,0.07860602865067058
2022,97,SOMAJIGUDA,17-KHAIRATABAD,KHAIRATHABAD ZONE,0.13293389437960124
2022,98,AMEERPET,17-KHAIRATABAD,KHAIRATHABAD ZONE,0.14903313364423437
2022,101,ERRAGADDA,19-YOUSUFGUDA,SERILINGAMPALLY ZONE,0.12090479393547202
2022,100,SANATH NAGAR,17-KHAIRATABAD,KHAIRATHABAD ZONE,0.13114263980965232
2022,99,VENGALRAO NAGAR,19-YOUSUFGUDA,SERILINGAMPALLY ZONE,0.16985163339919437
2022,102,RAHAMATH NAGAR,19-YOUSUFGUDA,SERILINGAMPALLY ZONE,0.08945139384076818
2022,6,NACHARAM,1-KAPRA,L.B.NAGAR ZONE,0.1670672606353868
2022,84,BAGH AMBERPET,16-AMBERPET,SECUNDERABAD ZONE,0.13818212691850307
2022,81,NALLAKUNTA,16-AMBERPET,SECUNDERABAD ZONE,0.11619208492164343
2022,80,KACHIGUDA(Barkathpura),16-AMBERPET,SECUNDERABAD ZONE,0.11104521414421346
2022,82,GOLNAKA,16-AMBERPET,SECUNDERABAD ZONE,0.16273448365961027
2022,83,AMBERPET,16-AMBERPET,SECUNDERABAD ZONE,0.18459321820259522
2022,51,GOSHA MAHAL,14-GOSHAMAHAL,KHAIRATHABAD ZONE,0.13362039477963128
2022,68,TOLICHOWKI,13-KARWAN,KHAIRATHABAD ZONE,0.2364191706342995
2022,67,GOLCONDA,13-KARWAN,KHAIRATHABAD ZONE,0.16664631274167335
2022,77,JAMBAGH(Nampally),14-GOSHAMAHAL,KHAIRATHABAD ZONE,0.10442825882710312
2022,63,MANGALHAT,14-GOSHAMAHAL,KHAIRATHABAD ZONE,0.12805274386205762
2022,71,GUDIMALKAPUR,12-MEDHDIPATNAM,KHAIRATHABAD ZONE,0.13865955627150278
2022,70,MEHDIPATNAM,12-MEDHDIPATNAM,KHAIRATHABAD ZONE,0.10720089447658172
2022,76,MALLEPALLY,12-MEDHDIPATNAM,KHAIRATHABAD ZONE,0.09407044516998543
2022,62,ZIAGUDA,13-KARWAN,KHAIRATHABAD ZONE,0.11981350245007892
2022,72,ASIF NAGAR,12-MEDHDIPATNAM,KHAIRATHABAD ZONE,0.09056151082316036
2022,73,VIJAYANAGAR COLONY,12-MEDHDIPATNAM,KHAIRATHABAD ZONE,0.12721930250411598
2022,5,MALLAPUR,1-KAPRA,L.B.NAGAR ZONE,0.20007704650183616
2022,3,CHERLAPALLY,1-KAPRA,L.B.NAGAR ZONE,0.20326518083388884
2022,96,YOUSUFGUDA,19-YOUSUFGUDA,SERILINGAMPALLY ZONE,0.1496993790884635
2022,95,JUBILEE HILLS,18-JUBILEE HILLS,KHAIRATHABAD ZONE,0.187137510882614
2022,50,BEGUM BAZAR,14-GOSHAMAHAL,KHAIRATHABAD ZONE,0.10849284171721707
2022,78,GUNFOUNDRY(Abids),14-GOSHAMAHAL,KHAIRATHABAD ZONE,0.13885936949541075
2022,65,KARWAN,13-KARWAN,KHAIRATHABAD ZONE,0.12448712488017444
2022,2,DR.A.S.RAO NAGAR,1-KAPRA,L.B.NAGAR ZONE,0.18333894087349575
2022,4,MEERPET H.B.COLONY,1-KAPRA,L.B.NAGAR ZONE,0.1771194811844811
2022,1,KAPRA,1-KAPRA,L.B.NAGAR ZONE,0.18063385705815635
2022,94,SHAIKPET,18-JUBILEE HILLS,KHAIRATHABAD ZONE,0.12076172480956011
2022,64,DATTATHREYA NAGAR,14-GOSHAMAHAL,KHAIRATHABAD ZONE,0.08998336729515896
2022,69,NANALNAGAR,13-KARWAN,KHAIRATHABAD ZONE,0.20113891980649642
2023,127,RANGAREDDY NAGAR,25-QUTUBULLAPUR,KUKATPALLY ZONE,0.1740996271274311
2023,119,OLD BOWENPALLY,24-KUKATPALLY,KUKATPALLY ZONE,0.14459813941811858
2023,145,SEETHAPHALMANDI,29-SECUNDERABAD,SECUNDERABAD ZONE,0.1084596756554233
2023,146,BOUDHA NAGAR,29-SECUNDERABAD,SECUNDERABAD ZONE,0.09601733985345288
2023,147,BANSILALPET,30-BEGUMPET,SECUNDERABAD ZONE,0.16785335625670306
2023,144,METTUGUDA,29-SECUNDERABAD,SECUNDERABAD ZONE,0.2323237792063983
2023,148,RAMGOPALPET,30-BEGUMPET,SECUNDERABAD ZONE,0.13322672801776694
2023,150,MONDA  MARKET,30-BEGUMPET,SECUNDERABAD ZONE,0.14462747885706237
2023,136,NEREDMET,28-MALKAJGIRI,SECUNDERABAD ZONE,0.2220607047688186
2023,141,GOUTHAM NAGAR,28-MALKAJGIRI,SECUNDERABAD ZONE,0.15788729082553268
2023,140,MALKAJGIRI,28-MALKAJGIRI,SECUNDERABAD ZONE,0.1643718709600172
2023,139,EAST ANAND BAGH,28-MALKAJGIRI,SECUNDERABAD ZONE,0.21163020212654954
2023,142,ADDAGUTTA,29-SECUNDERABAD,SECUNDERABAD ZONE,0.20783332090177042
2023,137,VINAYAK NAGAR,28-MALKAJGIRI,SECUNDERABAD ZONE,0.15526140614084827
2023,134,ALWAL,27-ALWAL,KUKATPALLY ZONE,0.18010285535319098
2023,132,JEEDIMETLA,25-QUTUBULLAPUR,KUKATPALLY ZONE,0.20934671962868848
2023,CONTONMENT AREA,,CANTONMENT AREA,,0.3769985333706624
2023,120,BALA NAGAR,24-KUKATPALLY,KUKATPALLY ZONE,0.2905305679092288
2023,130,SUBHASH NAGAR,25-QUTUBULLAPUR,KUKATPALLY ZONE,0.1614197500809943
2023,131,QUTHBULLAPUR,25-QUTUBULLAPUR,KUKATPALLY ZONE,0.2060849089633835
2023,121,KUKATPALLY,24-KUKATPALLY,KUKATPALLY ZONE,0.1329322893776057
2023,125,GAJULARAMARAM,26-GAJULARAMARAM,KUKATPALLY ZONE,0.17920103185572803
2023,124,ALLYWN COLONY,24-KUKATPALLY,KUKATPALLY ZONE,0.13253432289815278
2023,114,K.P.H.B.COLONY,23-MOOSAPET,KUKATPALLY ZONE,0.19468337089648086
2023,116,ALLAPUR,23-MOOSAPET,KUKATPALLY ZONE,0.14206180673106897
2023,115,BALAJI NAGAR,23-MOOSAPET,KUKATPALLY ZONE,0.2260429066009909
2023,117,MOOSAPET,23-MOOSAPET,KUKATPALLY ZONE,0.12278433493906962
2023,105,GACHIBOWLI,20-SERILINGAMPALLY,SERILINGAMPALLY ZONE,0.23050614058072247
2023,110,CHANDANAGAR,21-CHANDA NAGAR,SERILINGAMPALLY ZONE,0.19180124174817514
2023,111,BHARATHI NAGAR,22-RAMACHANDRAPURAM & PATANCHERUVU,SERILINGAMPALLY ZONE,0.19010940531628626
2023,106,SERILINGAMPALLY,20-SERILINGAMPALLY,SERILINGAMPALLY ZONE,0.19351359000506868
2023,104,KONDAPUR,20-SERILINGAMPALLY,SERILINGAMPALLY ZONE,0.15410152771995392
2023,109,HAFEEZPET,21-CHANDA NAGAR,SERILINGAMPALLY ZONE,0.14504011664249505
2023,118,FATEH NAGAR,23-MOOSAPET,KUKATPALLY ZONE,0.14000713002814238
2023,143,TARNAKA,29-SECUNDERABAD,SECUNDERABAD ZONE,0.19025690575492749
2023,8,HABSIGUDA,2-UPPAL,L.B.NAGAR ZONE,0.23206896286790246
2023,40,RIYASATNAGAR,8-CHANDRAYANGUTTA,CHARMINAR ZONE,0.1081729963851409
2023,36,LALITHABAGH,8-CHANDRAYANGUTTA,CHARMINAR ZONE,0.10137204568365732
2023,34,TALABCHANCHALAM,7-SANTOSH NAGAR,CHARMINAR ZONE,0.05955984897356046
2023,22,CHAITHANYAPURI,5-SAROOR NAGAR,L.B.NAGAR ZONE,0.15158201770490923
2023,37,KURMAGUDA,7-SANTOSH NAGAR,CHARMINAR ZONE,0.10250490424939869
2023,31,REIN BAZAR,7-SANTOSH NAGAR,CHARMINAR ZONE,0.07741720411068606
2023,29,CHAWANI,6-MALAKPET,CHARMINAR ZONE,0.11837392892801518
2023,38,I.S.SADAN,7-SANTOSH NAGAR,CHARMINAR ZONE,0.1304045751704088
2023,18,LINGOJIGUDA,4-LB. NAGAR,L.B.NAGAR ZONE,0.11295600433726521
2023,16,HASTHINAPURAM,4-LB. NAGAR,L.B.NAGAR ZONE,0.1352640525892828
2023,20,R.K.PURAM,5-SAROOR NAGAR,L.B.NAGAR ZONE,0.12819370593547916
2023,19,SAROORNAGAR,5-SAROOR NAGAR,L.B.NAGAR ZONE,0.13868906755017973
2023,14,B.N.REDDY NAGAR,3-HAYAT NAGAR,L.B.NAGAR ZONE,0.19672528613388404
2023,12,MANSOORABAD,3-HAYAT NAGAR,L.B.NAGAR ZONE,0.18330468201369163
2023,21,KOTHAPET,5-SAROOR NAGAR,L.B.NAGAR ZONE,0.13834051190849053
2023,11,NAGOLE,3-HAYAT NAGAR,L.B.NAGAR ZONE,0.20671417832249972
2023,10,UPPAL,2-UPPAL,L.B.NAGAR ZONE,0.19453518539021092
2023,GRAMPANCHAYAT PEERZADI GUDA,,GRAMPANCHAYAT PEERZADIGUDA,,0.12655886112863932
2023,KALAVANCHA GRAM PANCHAYATH,,KALAVANCHA GRAMPANCHAYATH,,0.14258121746376606
2023,13,HAYATHNAGAR,3-HAYAT NAGAR,L.B.NAGAR ZONE,0.19288682765581927
2023,15,VANASTHALIPURAM,4-LB. NAGAR,L.B.NAGAR ZONE,0.13888485442919282
2023,26,OLD MALAKPET,6-MALAKPET,CHARMINAR ZONE,0.16080594753375757
2023,17,CHAMPAPET,4-LB. NAGAR,L.B.NAGAR ZONE,0.11341454193760038
2023,39,SANTOSH NAGAR,7-SANTOSH NAGAR,CHARMINAR ZONE,0.11788641980141759
2023,66,LUNGER HOUSE,13-KARWAN,KHAIRATHABAD ZONE,0.27635719142669624
2023,112,RAMACHANDRAPURAM,22-RAMACHANDRAPURAM & PATANCHERUVU,SERILINGAMPALLY ZONE,0.16094762306857321
2023,128,CHINTAL,26-GAJULARAMARAM,KUKATPALLY ZONE,0.28832233629446324
2023,126,JAGADGIRI GUTTA,26-GAJULARAMARAM,KUKATPALLY ZONE,0.11728382961688441
2023,129,SURARAM,26-GAJULARAMARAM,KUKATPALLY ZONE,0.2152333092870759
2023,133,MACHABOLARUM,27-ALWAL,KUKATPALLY ZONE,0.2289837935747362
2023,138,MOULA-ALI,28-MALKAJGIRI,SECUNDERABAD ZONE,0.14571130312152542
2023,107,MADHAPUR,21-CHANDA NAGAR,SERILINGAMPALLY ZONE,0.15656789439936283
2023,OU,,OU,,0.3429798392515392
2023,149,BEGUMPET,30-BEGUMPET,SECUNDERABAD ZONE,0.20504909051462575
2023,135,VENKATAPURAM,27-ALWAL,KUKATPALLY ZONE,0.17386243910506388
2023,123,HYDER NAGAR,24-KUKATPALLY,KUKATPALLY ZONE,0.15174381726503564
2023,122,VIVEKANANDA NAGAR COLONY,24-KUKATPALLY,KUKATPALLY ZONE,0.11891021365110374
2023,113,PATANCHERUVU,22-RAMACHANDRAPURAM & PATANCHERUVU,SERILINGAMPALLY ZONE,0.22080157535445627
2023,108,MIYAPUR,21-CHANDA NAGAR,SERILINGAMPALLY ZONE,0.2064055515839764
2023,41,KANCHANBAGH,8-CHANDRAYANGUTTA,CHARMINAR ZONE,0.25612363710151725
2023,7,CHILUKA NAGAR,2-UPPAL,L.B.NAGAR ZONE,0.1917466115755452
2023,9,RAMANTHAPUR,2-UPPAL,L.B.NAGAR ZONE,0.16612242157782717
2023,25,MOOSARAMBAGH,6-MALAKPET,CHARMINAR ZONE,0.14528652305574968
2023,BANDLA GUDA,,BANDLAGUDA,,0.1973638118315818
2023,28,AZAMPURA,6-MALAKPET,CHARMINAR ZONE,0.11226827582205007
2023,56,KISHAN BAGH,10-FALAKNUMA,CHARMINAR ZONE,0.14825336928767194
2023,52,PURANAPOOL,9-CHARMINAR,CHARMINAR ZONE,0.08797668093043894
2023,59,MAILARDEVPALLY,11-RAJENDRA NAGAR,CHARMINAR ZONE,0.2131316815845754
2023,46,FALAKNUMA,10-FALAKNUMA,CHARMINAR ZONE,0.13141134360799703
2023,61,ATTAPUR,11-RAJENDRA NAGAR,CHARMINAR ZONE,0.14604927329379175
2023,60,RAJENDRANAGAR,11-RAJENDRA NAGAR,CHARMINAR ZONE,0.274697619641018
2023,49,GANSIBAZAR,9-CHARMINAR,CHARMINAR ZONE,0.11434749376870645
2023,33,MOGHALPURA,9-CHARMINAR,CHARMINAR ZONE,0.0933986672375876
2023,47,NAWABSAHEBKUNTA,10-FALAKNUMA,CHARMINAR ZONE,0.10739811375751677
2023,58,SHASTRIPURAM,11-RAJENDRA NAGAR,CHARMINAR ZONE,0.14957540995603164
2023,54,JAHANUMA,10-FALAKNUMA,CHARMINAR ZONE,0.10339870486788208
2023,48,SHALIBANDA,9-CHARMINAR,CHARMINAR ZONE,0.11031073728238089
2023,53,DOODBOWLI,10-FALAKNUMA,CHARMINAR ZONE,0.12054805863454861
2023,55,RAMNASTPURA,10-FALAKNUMA,CHARMINAR ZONE,0.2734802168867703
2023,43,CHANDRAYANGUTTA,8-CHANDRAYANGUTTA,CHARMINAR ZONE,0.14232851160811386
2023,44,UPPUGUDA,8-CHANDRAYANGUTTA,CHARMINAR ZONE,0.09725964357138397
2023,35,GOWLIPURA,7-SANTOSH NAGAR,CHARMINAR ZONE,0.09900466004974592
2023,30,DABEERPURA,6-MALAKPET,CHARMINAR ZONE,0.11234692167152027
2023,32,PATHER GATTI,9-CHARMINAR,CHARMINAR ZONE,0.09949185600565687
2023,23,GADDIANNARAM,5-SAROOR NAGAR,L.B.NAGAR ZONE,0.1066552352197133
2023,24,SAIDABAD,6-MALAKPET,CHARMINAR ZONE,0.15581490818358362
2023,27,AKBERBAGH,6-MALAKPET,CHARMINAR ZONE,0.17065211381781972
2023,45,JANGAMMET,8-CHANDRAYANGUTTA,CHARMINAR ZONE,0.12969799598231
2023,42,BARKAS,8-CHANDRAYANGUTTA,CHARMINAR ZONE,0.19796122003827812
2023,57,SULEMAN NAGAR,11-RAJENDRA NAGAR,CHARMINAR ZONE,0.18289542416733823
2023,74,AHMED NAGAR,12-MEDHDIPATNAM,KHAIRATHABAD ZONE,0.21070191492965926
2023,92,VENKATESHWARA COLONY,18-JUBILEE HILLS,KHAIRATHABAD ZONE,0.22346707642603877
2023,89,GANDHINAGAR,15-MUSHEERABAD,SECUNDERABAD ZONE,0.1369720001446503
2023,75,RED HILLS,12-MEDHDIPATNAM,KHAIRATHABAD ZONE,0.1657162813224778
2023,79,HIMAYATNAGAR,16-AMBERPET,SECUNDERABAD ZONE,0.11974337372580136
2023,88,BHOLAKPUR,15-MUSHEERABAD,SECUNDERABAD ZONE,0.11517650927942705
2023,86,MUSHEERABAD,15-MUSHEERABAD,SECUNDERABAD ZONE,0.12557575655192169
2023,85,ADIKMET,15-MUSHEERABAD,SECUNDERABAD ZONE,0.14037399444026782
2023,87,RAMNAGAR,15-MUSHEERABAD,SECUNDERABAD ZONE,0.14579971894790908
2023,90,KAVADIGUDA,15-MUSHEERABAD,SECUNDERABAD ZONE,0.21368294555184617
2023,93,BANJARA HILLS,18-JUBILEE HILLS,KHAIRATHABAD ZONE,0.17460108343600622
2023,91,KHAIRTABAD,17-KHAIRATABAD,KHAIRATHABAD ZONE,0.0768475775428418
2023,103,BORABANDA,19-YOUSUFGUDA,SERILINGAMPALLY ZONE,0.09545050173277979
2023,97,SOMAJIGUDA,17-KHAIRATABAD,KHAIRATHABAD ZONE,0.1543181672916108
2023,98,AMEERPET,17-KHAIRATABAD,KHAIRATHABAD ZONE,0.17356558880466352
2023,101,ERRAGADDA,19-YOUSUFGUDA,SERILINGAMPALLY ZONE,0.14412722304352338
2023,100,SANATH NAGAR,17-KHAIRATABAD,KHAIRATHABAD ZONE,0.15685359024440612
2023,99,VENGALRAO NAGAR,19-YOUSUFGUDA,SERILINGAMPALLY ZONE,0.19311866029670843
2023,102,RAHAMATH NAGAR,19-YOUSUFGUDA,SERILINGAMPALLY ZONE,0.10356845303536129
2023,6,NACHARAM,1-KAPRA,L.B.NAGAR ZONE,0.18208198237559373
2023,84,BAGH AMBERPET,16-AMBERPET,SECUNDERABAD ZONE,0.1489360640945634
2023,81,NALLAKUNTA,16-AMBERPET,SECUNDERABAD ZONE,0.1334484410087231
2023,80,KACHIGUDA(Barkathpura),16-AMBERPET,SECUNDERABAD ZONE,0.12799825845904786
2023,82,GOLNAKA,16-AMBERPET,SECUNDERABAD ZONE,0.17328523895895662
2023,83,AMBERPET,16-AMBERPET,SECUNDERABAD ZONE,0.18531838273251855
2023,51,GOSHA MAHAL,14-GOSHAMAHAL,KHAIRATHABAD ZONE,0.15108597181950187
2023,68,TOLICHOWKI,13-KARWAN,KHAIRATHABAD ZONE,0.22668434662136377
2023,67,GOLCONDA,13-KARWAN,KHAIRATHABAD ZONE,0.18867854019291314
2023,77,JAMBAGH(Nampally),14-GOSHAMAHAL,KHAIRATHABAD ZONE,0.11963907259527856
2023,63,MANGALHAT,14-GOSHAMAHAL,KHAIRATHABAD ZONE,0.1462500814802343
2023,71,GUDIMALKAPUR,12-MEDHDIPATNAM,KHAIRATHABAD ZONE,0.15855617129725677
2023,70,MEHDIPATNAM,12-MEDHDIPATNAM,KHAIRATHABAD ZONE,0.1242957241104182
2023,76,MALLEPALLY,12-MEDHDIPATNAM,KHAIRATHABAD ZONE,0.108973841969024
2023,62,ZIAGUDA,13-KARWAN,KHAIRATHABAD ZONE,0.12920080286682142
2023,72,ASIF NAGAR,12-MEDHDIPATNAM,KHAIRATHABAD ZONE,0.10479429806388359
2023,73,VIJAYANAGAR COLONY,12-MEDHDIPATNAM,KHAIRATHABAD ZONE,0.1460580878784795
2023,5,MALLAPUR,1-KAPRA,L.B.NAGAR ZONE,0.22609960743728613
2023,3,CHERLAPALLY,1-KAPRA,L.B.NAGAR ZONE,0.2382506441970887
2023,96,YOUSUFGUDA,19-YOUSUFGUDA,SERILINGAMPALLY ZONE,0.18717285358361815
2023,95,JUBILEE HILLS,18-JUBILEE HILLS,KHAIRATHABAD ZONE,0.21577420517487353
2023,50,BEGUM BAZAR,14-GOSHAMAHAL,KHAIRATHABAD ZONE,0.11896621933839502
2023,78,GUNFOUNDRY(Abids),14-GOSHAMAHAL,KHAIRATHABAD ZONE,0.15670220047228786
2023,65,KARWAN,13-KARWAN,KHAIRATHABAD ZONE,0.13676624475770355
2023,2,DR.A.S.RAO NAGAR,1-KAPRA,L.B.NAGAR ZONE,0.20252689036153027
2023,4,MEERPET H.B.COLONY,1-KAPRA,L.B.NAGAR ZONE,0.1935648062069272
2023,1,KAPRA,1-KAPRA,L.B.NAGAR ZONE,0.2123149807524966
2023,94,SHAIKPET,18-JUBILEE HILLS,KHAIRATHABAD ZONE,0.145314961810981
2023,64,DATTATHREYA NAGAR,14-GOSHAMAHAL,KHAIRATHABAD ZONE,0.10154807954435201
2023,69,NANALNAGAR,13-KARWAN,KHAIRATHABAD ZONE,0.24514522684160672
2024,127,RANGAREDDY NAGAR,25-QUTUBULLAPUR,KUKATPALLY ZONE,0.1314594451024355
2024,119,OLD BOWENPALLY,24-KUKATPALLY,KUKATPALLY ZONE,0.11535761654609537
2024,145,SEETHAPHALMANDI,29-SECUNDERABAD,SECUNDERABAD ZONE,0.08311614725628257
2024,146,BOUDHA NAGAR,29-SECUNDERABAD,SECUNDERABAD ZONE,0.07462197300961407
2024,147,BANSILALPET,30-BEGUMPET,SECUNDERABAD ZONE,0.13248224126276775
2024,144,METTUGUDA,29-SECUNDERABAD,SECUNDERABAD ZONE,0.1802333590415084
2024,148,RAMGOPALPET,30-BEGUMPET,SECUNDERABAD ZONE,0.10532456657446679
2024,150,MONDA  MARKET,30-BEGUMPET,SECUNDERABAD ZONE,0.11755159692227354
2024,136,NEREDMET,28-MALKAJGIRI,SECUNDERABAD ZONE,0.18438715234991732
2024,141,GOUTHAM NAGAR,28-MALKAJGIRI,SECUNDERABAD ZONE,0.11965593934117123
2024,140,MALKAJGIRI,28-MALKAJGIRI,SECUNDERABAD ZONE,0.1301876681610653
2024,139,EAST ANAND BAGH,28-MALKAJGIRI,SECUNDERABAD ZONE,0.1539704444488746
2024,142,ADDAGUTTA,29-SECUNDERABAD,SECUNDERABAD ZONE,0.16130470958501256
2024,137,VINAYAK NAGAR,28-MALKAJGIRI,SECUNDERABAD ZONE,0.1262650550171131
2024,134,ALWAL,27-ALWAL,KUKATPALLY ZONE,0.1480601428815611
2024,132,JEEDIMETLA,25-QUTUBULLAPUR,KUKATPALLY ZONE,0.15444706957928814
2024,CONTONMENT AREA,,CANTONMENT AREA,,0.29090524745845814
2024,120,BALA NAGAR,24-KUKATPALLY,KUKATPALLY ZONE,0.21486332462970179
2024,130,SUBHASH NAGAR,25-QUTUBULLAPUR,KUKATPALLY ZONE,0.12553772456843998
2024,131,QUTHBULLAPUR,25-QUTUBULLAPUR,KUKATPALLY ZONE,0.15272897336567023
2024,121,KUKATPALLY,24-KUKATPALLY,KUKATPALLY ZONE,0.1068958432616849
2024,125,GAJULARAMARAM,26-GAJULARAMARAM,KUKATPALLY ZONE,0.13716991453592567
2024,124,ALLYWN COLONY,24-KUKATPALLY,KUKATPALLY ZONE,0.11332888614406636
2024,114,K.P.H.B.COLONY,23-MOOSAPET,KUKATPALLY ZONE,0.16304382452450486
2024,116,ALLAPUR,23-MOOSAPET,KUKATPALLY ZONE,0.1243539974463326
2024,115,BALAJI NAGAR,23-MOOSAPET,KUKATPALLY ZONE,0.17700619777700233
2024,117,MOOSAPET,23-MOOSAPET,KUKATPALLY ZONE,0.0993400488304522
2024,105,GACHIBOWLI,20-SERILINGAMPALLY,SERILINGAMPALLY ZONE,0.20200421819537037
2024,110,CHANDANAGAR,21-CHANDA NAGAR,SERILINGAMPALLY ZONE,0.16136026878945373
2024,111,BHARATHI NAGAR,22-RAMACHANDRAPURAM & PATANCHERUVU,SERILINGAMPALLY ZONE,0.17599456956473927
2024,106,SERILINGAMPALLY,20-SERILINGAMPALLY,SERILINGAMPALLY ZONE,0.1734968987947323
2024,104,KONDAPUR,20-SERILINGAMPALLY,SERILINGAMPALLY ZONE,0.13157355017618805
2024,109,HAFEEZPET,21-CHANDA NAGAR,SERILINGAMPALLY ZONE,0.12759385236421905
2024,118,FATEH NAGAR,23-MOOSAPET,KUKATPALLY ZONE,0.11337514266907395
2024,143,TARNAKA,29-SECUNDERABAD,SECUNDERABAD ZONE,0.15333529211992875
2024,8,HABSIGUDA,2-UPPAL,L.B.NAGAR ZONE,0.19195093752501247
2024,40,RIYASATNAGAR,8-CHANDRAYANGUTTA,CHARMINAR ZONE,0.08930764756046257
2024,36,LALITHABAGH,8-CHANDRAYANGUTTA,CHARMINAR ZONE,0.08510213642759802
2024,34,TALABCHANCHALAM,7-SANTOSH NAGAR,CHARMINAR ZONE,0.04483786273853684
2024,22,CHAITHANYAPURI,5-SAROOR NAGAR,L.B.NAGAR ZONE,0.1305125937725037
2024,37,KURMAGUDA,7-SANTOSH NAGAR,CHARMINAR ZONE,0.08466666838374468
2024,31,REIN BAZAR,7-SANTOSH NAGAR,CHARMINAR ZONE,0.061065197216609315
2024,29,CHAWANI,6-MALAKPET,CHARMINAR ZONE,0.09548794158754488
2024,38,I.S.SADAN,7-SANTOSH NAGAR,CHARMINAR ZONE,0.10826711278884174
2024,18,LINGOJIGUDA,4-LB. NAGAR,L.B.NAGAR ZONE,0.0909140701681096
2024,16,HASTHINAPURAM,4-LB. NAGAR,L.B.NAGAR ZONE,0.11314872085207912
2024,20,R.K.PURAM,5-SAROOR NAGAR,L.B.NAGAR ZONE,0.10360121448909192
2024,19,SAROORNAGAR,5-SAROOR NAGAR,L.B.NAGAR ZONE,0.10899265205146545
2024,14,B.N.REDDY NAGAR,3-HAYAT NAGAR,L.B.NAGAR ZONE,0.1623861281140001
2024,12,MANSOORABAD,3-HAYAT NAGAR,L.B.NAGAR ZONE,0.14974113869154712
2024,21,KOTHAPET,5-SAROOR NAGAR,L.B.NAGAR ZONE,0.1175839858847086
2024,11,NAGOLE,3-HAYAT NAGAR,L.B.NAGAR ZONE,0.17095716933450608
2024,10,UPPAL,2-UPPAL,L.B.NAGAR ZONE,0.17095787420017938
2024,GRAMPANCHAYAT PEERZADI GUDA,,GRAMPANCHAYAT PEERZADIGUDA,,0.11203968724641743
2024,KALAVANCHA GRAM PANCHAYATH,,KALAVANCHA GRAMPANCHAYATH,,0.11749836189360485
2024,13,HAYATHNAGAR,3-HAYAT NAGAR,L.B.NAGAR ZONE,0.16407083316934304
2024,15,VANASTHALIPURAM,4-LB. NAGAR,L.B.NAGAR ZONE,0.11166680860339567
2024,26,OLD MALAKPET,6-MALAKPET,CHARMINAR ZONE,0.14158576491566127
2024,17,CHAMPAPET,4-LB. NAGAR,L.B.NAGAR ZONE,0.09289589831729969
2024,39,SANTOSH NAGAR,7-SANTOSH NAGAR,CHARMINAR ZONE,0.09821386524843527
2024,66,LUNGER HOUSE,13-KARWAN,KHAIRATHABAD ZONE,0.22609540440854847
2024,112,RAMACHANDRAPURAM,22-RAMACHANDRAPURAM & PATANCHERUVU,SERILINGAMPALLY ZONE,0.14243202577818026
2024,128,CHINTAL,26-GAJULARAMARAM,KUKATPALLY ZONE,0.20544841898308816
2024,126,JAGADGIRI GUTTA,26-GAJULARAMARAM,KUKATPALLY ZONE,0.10253316304397762
2024,129,SURARAM,26-GAJULARAMARAM,KUKATPALLY ZONE,0.16307575137971272
2024,133,MACHABOLARUM,27-ALWAL,KUKATPALLY ZONE,0.17493187251868297
2024,138,MOULA-ALI,28-MALKAJGIRI,SECUNDERABAD ZONE,0.11065718526440937
2024,107,MADHAPUR,21-CHANDA NAGAR,SERILINGAMPALLY ZONE,0.1371426589716022
2024,OU,,OU,,0.26596611614533916
2024,149,BEGUMPET,30-BEGUMPET,SECUNDERABAD ZONE,0.16974354169635286
2024,135,VENKATAPURAM,27-ALWAL,KUKATPALLY ZONE,0.13768388248650895
2024,123,HYDER NAGAR,24-KUKATPALLY,KUKATPALLY ZONE,0.12504870027296916
2024,122,VIVEKANANDA NAGAR COLONY,24-KUKATPALLY,KUKATPALLY ZONE,0.09905065930177376
2024,113,PATANCHERUVU,22-RAMACHANDRAPURAM & PATANCHERUVU,SERILINGAMPALLY ZONE,0.182981843155392
2024,108,MIYAPUR,21-CHANDA NAGAR,SERILINGAMPALLY ZONE,0.1763672198659876
2024,41,KANCHANBAGH,8-CHANDRAYANGUTTA,CHARMINAR ZONE,0.2050649818599113
2024,7,CHILUKA NAGAR,2-UPPAL,L.B.NAGAR ZONE,0.15916209485255947
2024,9,RAMANTHAPUR,2-UPPAL,L.B.NAGAR ZONE,0.14098872375613997
2024,25,MOOSARAMBAGH,6-MALAKPET,CHARMINAR ZONE,0.12281518440125705
2024,BANDLA GUDA,,BANDLAGUDA,,0.1779699294717973
2024,28,AZAMPURA,6-MALAKPET,CHARMINAR ZONE,0.09699367979050513
2024,56,KISHAN BAGH,10-FALAKNUMA,CHARMINAR ZONE,0.1342820387344727
2024,52,PURANAPOOL,9-CHARMINAR,CHARMINAR ZONE,0.07294544191937406
2024,59,MAILARDEVPALLY,11-RAJENDRA NAGAR,CHARMINAR ZONE,0.16355479767532494
2024,46,FALAKNUMA,10-FALAKNUMA,CHARMINAR ZONE,0.10004438995082836
2024,61,ATTAPUR,11-RAJENDRA NAGAR,CHARMINAR ZONE,0.12298533857641933
2024,60,RAJENDRANAGAR,11-RAJENDRA NAGAR,CHARMINAR ZONE,0.21385728298136805
2024,49,GANSIBAZAR,9-CHARMINAR,CHARMINAR ZONE,0.096811606791104
2024,33,MOGHALPURA,9-CHARMINAR,CHARMINAR ZONE,0.07338930674229326
2024,47,NAWABSAHEBKUNTA,10-FALAKNUMA,CHARMINAR ZONE,0.0819957489760786
2024,58,SHASTRIPURAM,11-RAJENDRA NAGAR,CHARMINAR ZONE,0.1183359733125612
2024,54,JAHANUMA,10-FALAKNUMA,CHARMINAR ZONE,0.08239814833214877
2024,48,SHALIBANDA,9-CHARMINAR,CHARMINAR ZONE,0.0876130999359488
2024,53,DOODBOWLI,10-FALAKNUMA,CHARMINAR ZONE,0.09872976707028078
2024,55,RAMNASTPURA,10-FALAKNUMA,CHARMINAR ZONE,0.2444275618074817
2024,43,CHANDRAYANGUTTA,8-CHANDRAYANGUTTA,CHARMINAR ZONE,0.11854936083506425
2024,44,UPPUGUDA,8-CHANDRAYANGUTTA,CHARMINAR ZONE,0.07786012317592376
2024,35,GOWLIPURA,7-SANTOSH NAGAR,CHARMINAR ZONE,0.07697246087920268
2024,30,DABEERPURA,6-MALAKPET,CHARMINAR ZONE,0.09477926436313534
2024,32,PATHER GATTI,9-CHARMINAR,CHARMINAR ZONE,0.08107088964124175
2024,23,GADDIANNARAM,5-SAROOR NAGAR,L.B.NAGAR ZONE,0.083831831372086
2024,24,SAIDABAD,6-MALAKPET,CHARMINAR ZONE,0.13222913809734432
2024,27,AKBERBAGH,6-MALAKPET,CHARMINAR ZONE,0.13788897753974824
2024,45,JANGAMMET,8-CHANDRAYANGUTTA,CHARMINAR ZONE,0.10581490695937026
2024,42,BARKAS,8-CHANDRAYANGUTTA,CHARMINAR ZONE,0.16732857504260468
2024,57,SULEMAN NAGAR,11-RAJENDRA NAGAR,CHARMINAR ZONE,0.1512868727777653
2024,74,AHMED NAGAR,12-MEDHDIPATNAM,KHAIRATHABAD ZONE,0.1711858105965886
2024,92,VENKATESHWARA COLONY,18-JUBILEE HILLS,KHAIRATHABAD ZONE,0.17732292867680177
2024,89,GANDHINAGAR,15-MUSHEERABAD,SECUNDERABAD ZONE,0.11306758260016984
2024,75,RED HILLS,12-MEDHDIPATNAM,KHAIRATHABAD ZONE,0.13942157187977927
2024,79,HIMAYATNAGAR,16-AMBERPET,SECUNDERABAD ZONE,0.09637195658734964
2024,88,BHOLAKPUR,15-MUSHEERABAD,SECUNDERABAD ZONE,0.09179113497079357
2024,86,MUSHEERABAD,15-MUSHEERABAD,SECUNDERABAD ZONE,0.09470725662679373
2024,85,ADIKMET,15-MUSHEERABAD,SECUNDERABAD ZONE,0.1117077994665419
2024,87,RAMNAGAR,15-MUSHEERABAD,SECUNDERABAD ZONE,0.11916302594777
2024,90,KAVADIGUDA,15-MUSHEERABAD,SECUNDERABAD ZONE,0.18204042480668964
2024,93,BANJARA HILLS,18-JUBILEE HILLS,KHAIRATHABAD ZONE,0.14585751934238494
2024,91,KHAIRTABAD,17-KHAIRATABAD,KHAIRATHABAD ZONE,0.08142294409699218
2024,103,BORABANDA,19-YOUSUFGUDA,SERILINGAMPALLY ZONE,0.07607850788455248
2024,97,SOMAJIGUDA,17-KHAIRATABAD,KHAIRATHABAD ZONE,0.12774062626089663
2024,98,AMEERPET,17-KHAIRATABAD,KHAIRATHABAD ZONE,0.14251272975506116
2024,101,ERRAGADDA,19-YOUSUFGUDA,SERILINGAMPALLY ZONE,0.11456526643167667
2024,100,SANATH NAGAR,17-KHAIRATABAD,KHAIRATHABAD ZONE,0.13103051042291036
2024,99,VENGALRAO NAGAR,19-YOUSUFGUDA,SERILINGAMPALLY ZONE,0.15741836350452243
2024,102,RAHAMATH NAGAR,19-YOUSUFGUDA,SERILINGAMPALLY ZONE,0.084562878863168
2024,6,NACHARAM,1-KAPRA,L.B.NAGAR ZONE,0.15336372450275484
2024,84,BAGH AMBERPET,16-AMBERPET,SECUNDERABAD ZONE,0.12419162261069198
2024,81,NALLAKUNTA,16-AMBERPET,SECUNDERABAD ZONE,0.10706720944386254
2024,80,KACHIGUDA(Barkathpura),16-AMBERPET,SECUNDERABAD ZONE,0.10435503883366781
2024,82,GOLNAKA,16-AMBERPET,SECUNDERABAD ZONE,0.1475991214526346
2024,83,AMBERPET,16-AMBERPET,SECUNDERABAD ZONE,0.15103188860114405
2024,51,GOSHA MAHAL,14-GOSHAMAHAL,KHAIRATHABAD ZONE,0.1257588671406324
2024,68,TOLICHOWKI,13-KARWAN,KHAIRATHABAD ZONE,0.20260345073476602
2024,67,GOLCONDA,13-KARWAN,KHAIRATHABAD ZONE,0.163704428053627
2024,77,JAMBAGH(Nampally),14-GOSHAMAHAL,KHAIRATHABAD ZONE,0.09568526017451517
2024,63,MANGALHAT,14-GOSHAMAHAL,KHAIRATHABAD ZONE,0.11998639862755736
2024,71,GUDIMALKAPUR,12-MEDHDIPATNAM,KHAIRATHABAD ZONE,0.1360290538981839
2024,70,MEHDIPATNAM,12-MEDHDIPATNAM,KHAIRATHABAD ZONE,0.10295419588440306
2024,76,MALLEPALLY,12-MEDHDIPATNAM,KHAIRATHABAD ZONE,0.08801321396019807
2024,62,ZIAGUDA,13-KARWAN,KHAIRATHABAD ZONE,0.1177465626388824
2024,72,ASIF NAGAR,12-MEDHDIPATNAM,KHAIRATHABAD ZONE,0.08557799449699423
2024,73,VIJAYANAGAR COLONY,12-MEDHDIPATNAM,KHAIRATHABAD ZONE,0.11937311924396485
2024,5,MALLAPUR,1-KAPRA,L.B.NAGAR ZONE,0.15722896132261743
2024,3,CHERLAPALLY,1-KAPRA,L.B.NAGAR ZONE,0.17555511617808384
2024,96,YOUSUFGUDA,19-YOUSUFGUDA,SERILINGAMPALLY ZONE,0.1505683537354577
2024,95,JUBILEE HILLS,18-JUBILEE HILLS,KHAIRATHABAD ZONE,0.18531835846958877
2024,50,BEGUM BAZAR,14-GOSHAMAHAL,KHAIRATHABAD ZONE,0.10022073027280452
2024,78,GUNFOUNDRY(Abids),14-GOSHAMAHAL,KHAIRATHABAD ZONE,0.12866805684608099
2024,65,KARWAN,13-KARWAN,KHAIRATHABAD ZONE,0.11707161520935928
2024,2,DR.A.S.RAO NAGAR,1-KAPRA,L.B.NAGAR ZONE,0.1603632375103477
2024,4,MEERPET H.B.COLONY,1-KAPRA,L.B.NAGAR ZONE,0.1417634810545129
2024,1,KAPRA,1-KAPRA,L.B.NAGAR ZONE,0.1692099119908966
2024,94,SHAIKPET,18-JUBILEE HILLS,KHAIRATHABAD ZONE,0.12560063920158315
2024,64,DATTATHREYA NAGAR,14-GOSHAMAHAL,KHAIRATHABAD ZONE,0.08336783245081626
2024,69,NANALNAGAR,13-KARWAN,KHAIRATHABAD ZONE,0.19261334210469594
2025,127,RANGAREDDY NAGAR,25-QUTUBULLAPUR,KUKATPALLY ZONE,0.1637462820551939
2025,119,OLD BOWENPALLY,24-KUKATPALLY,KUKATPALLY ZONE,0.13162452637544955
2025,145,SEETHAPHALMANDI,29-SECUNDERABAD,SECUNDERABAD ZONE,0.0928240306862611
2025,146,BOUDHA NAGAR,29-SECUNDERABAD,SECUNDERABAD ZONE,0.08181947006987925
2025,147,BANSILALPET,30-BEGUMPET,SECUNDERABAD ZONE,0.15481523614294748
2025,144,METTUGUDA,29-SECUNDERABAD,SECUNDERABAD ZONE,0.20574893525028035
2025,148,RAMGOPALPET,30-BEGUMPET,SECUNDERABAD ZONE,0.12194969151049181
2025,150,MONDA  MARKET,30-BEGUMPET,SECUNDERABAD ZONE,0.1319546856127717
2025,136,NEREDMET,28-MALKAJGIRI,SECUNDERABAD ZONE,0.20764049721604572
2025,141,GOUTHAM NAGAR,28-MALKAJGIRI,SECUNDERABAD ZONE,0.13101299793343077
2025,140,MALKAJGIRI,28-MALKAJGIRI,SECUNDERABAD ZONE,0.1369487375404724
2025,139,EAST ANAND BAGH,28-MALKAJGIRI,SECUNDERABAD ZONE,0.1782353606175563
2025,142,ADDAGUTTA,29-SECUNDERABAD,SECUNDERABAD ZONE,0.18598905751590386
2025,137,VINAYAK NAGAR,28-MALKAJGIRI,SECUNDERABAD ZONE,0.14946560098434317
2025,134,ALWAL,27-ALWAL,KUKATPALLY ZONE,0.1620365687111916
2025,132,JEEDIMETLA,25-QUTUBULLAPUR,KUKATPALLY ZONE,0.16442301055058275
2025,CONTONMENT AREA,,CANTONMENT AREA,,0.37726836695989086
2025,120,BALA NAGAR,24-KUKATPALLY,KUKATPALLY ZONE,0.2708231753388036
2025,130,SUBHASH NAGAR,25-QUTUBULLAPUR,KUKATPALLY ZONE,0.13905480249125035
2025,131,QUTHBULLAPUR,25-QUTUBULLAPUR,KUKATPALLY ZONE,0.1784072334857041
2025,121,KUKATPALLY,24-KUKATPALLY,KUKATPALLY ZONE,0.11224260804833636
2025,125,GAJULARAMARAM,26-GAJULARAMARAM,KUKATPALLY ZONE,0.1509188402904842
2025,124,ALLYWN COLONY,24-KUKATPALLY,KUKATPALLY ZONE,0.11933067734456723
2025,114,K.P.H.B.COLONY,23-MOOSAPET,KUKATPALLY ZONE,0.17105209175348182
2025,116,ALLAPUR,23-MOOSAPET,KUKATPALLY ZONE,0.13489328287005437
2025,115,BALAJI NAGAR,23-MOOSAPET,KUKATPALLY ZONE,0.19290792343794624
2025,117,MOOSAPET,23-MOOSAPET,KUKATPALLY ZONE,0.10860140649936095
2025,105,GACHIBOWLI,20-SERILINGAMPALLY,SERILINGAMPALLY ZONE,0.20995536687357508
2025,110,CHANDANAGAR,21-CHANDA NAGAR,SERILINGAMPALLY ZONE,0.16447406024730332
2025,111,BHARATHI NAGAR,22-RAMACHANDRAPURAM & PATANCHERUVU,SERILINGAMPALLY ZONE,0.17288980025258516
2025,106,SERILINGAMPALLY,20-SERILINGAMPALLY,SERILINGAMPALLY ZONE,0.18245762768921509
2025,104,KONDAPUR,20-SERILINGAMPALLY,SERILINGAMPALLY ZONE,0.13767368548667186
2025,109,HAFEEZPET,21-CHANDA NAGAR,SERILINGAMPALLY ZONE,0.12428383838950714
2025,118,FATEH NAGAR,23-MOOSAPET,KUKATPALLY ZONE,0.128268844202406
2025,143,TARNAKA,29-SECUNDERABAD,SECUNDERABAD ZONE,0.1683033286475529
2025,8,HABSIGUDA,2-UPPAL,L.B.NAGAR ZONE,0.21570212839622324
2025,40,RIYASATNAGAR,8-CHANDRAYANGUTTA,CHARMINAR ZONE,0.09445888760364683
2025,36,LALITHABAGH,8-CHANDRAYANGUTTA,CHARMINAR ZONE,0.0912252061828007
2025,34,TALABCHANCHALAM,7-SANTOSH NAGAR,CHARMINAR ZONE,0.046374479771066957
2025,22,CHAITHANYAPURI,5-SAROOR NAGAR,L.B.NAGAR ZONE,0.1369330754503122
2025,37,KURMAGUDA,7-SANTOSH NAGAR,CHARMINAR ZONE,0.09004008991326963
2025,31,REIN BAZAR,7-SANTOSH NAGAR,CHARMINAR ZONE,0.06385587786305708
2025,29,CHAWANI,6-MALAKPET,CHARMINAR ZONE,0.10227919251601117
2025,38,I.S.SADAN,7-SANTOSH NAGAR,CHARMINAR ZONE,0.11822586057336175
2025,18,LINGOJIGUDA,4-LB. NAGAR,L.B.NAGAR ZONE,0.10134824328362278
2025,16,HASTHINAPURAM,4-LB. NAGAR,L.B.NAGAR ZONE,0.12193898266462591
2025,20,R.K.PURAM,5-SAROOR NAGAR,L.B.NAGAR ZONE,0.11158412037800094
2025,19,SAROORNAGAR,5-SAROOR NAGAR,L.B.NAGAR ZONE,0.12214183646825663
2025,14,B.N.REDDY NAGAR,3-HAYAT NAGAR,L.B.NAGAR ZONE,0.17700789615732399
2025,12,MANSOORABAD,3-HAYAT NAGAR,L.B.NAGAR ZONE,0.1681356355006511
2025,21,KOTHAPET,5-SAROOR NAGAR,L.B.NAGAR ZONE,0.12544928587293594
2025,11,NAGOLE,3-HAYAT NAGAR,L.B.NAGAR ZONE,0.19100745986792608
2025,10,UPPAL,2-UPPAL,L.B.NAGAR ZONE,0.17825740453501407
2025,GRAMPANCHAYAT PEERZADI GUDA,,GRAMPANCHAYAT PEERZADIGUDA,,0.12083368874089305
2025,KALAVANCHA GRAM PANCHAYATH,,KALAVANCHA GRAMPANCHAYATH,,0.12060098011083845
2025,13,HAYATHNAGAR,3-HAYAT NAGAR,L.B.NAGAR ZONE,0.17385652838862367
2025,15,VANASTHALIPURAM,4-LB. NAGAR,L.B.NAGAR ZONE,0.12079501347443673
2025,26,OLD MALAKPET,6-MALAKPET,CHARMINAR ZONE,0.15113991843773142
2025,17,CHAMPAPET,4-LB. NAGAR,L.B.NAGAR ZONE,0.09944280118357024
2025,39,SANTOSH NAGAR,7-SANTOSH NAGAR,CHARMINAR ZONE,0.09983856024129367
2025,66,LUNGER HOUSE,13-KARWAN,KHAIRATHABAD ZONE,0.23106741590425284
2025,112,RAMACHANDRAPURAM,22-RAMACHANDRAPURAM & PATANCHERUVU,SERILINGAMPALLY ZONE,0.1379589104860411
2025,128,CHINTAL,26-GAJULARAMARAM,KUKATPALLY ZONE,0.25677607359353416
2025,126,JAGADGIRI GUTTA,26-GAJULARAMARAM,KUKATPALLY ZONE,0.1149609995815465
2025,129,SURARAM,26-GAJULARAMARAM,KUKATPALLY ZONE,0.1895815234613741
2025,133,MACHABOLARUM,27-ALWAL,KUKATPALLY ZONE,0.20064226165921104
2025,138,MOULA-ALI,28-MALKAJGIRI,SECUNDERABAD ZONE,0.12531058954424382
2025,107,MADHAPUR,21-CHANDA NAGAR,SERILINGAMPALLY ZONE,0.144255259974226
2025,OU,,OU,,0.3049169561611519
2025,149,BEGUMPET,30-BEGUMPET,SECUNDERABAD ZONE,0.19981127628367573
2025,135,VENKATAPURAM,27-ALWAL,KUKATPALLY ZONE,0.15592273548630095
2025,123,HYDER NAGAR,24-KUKATPALLY,KUKATPALLY ZONE,0.1348821626154865
2025,122,VIVEKANANDA NAGAR COLONY,24-KUKATPALLY,KUKATPALLY ZONE,0.1059375146343631
2025,113,PATANCHERUVU,22-RAMACHANDRAPURAM & PATANCHERUVU,SERILINGAMPALLY ZONE,0.1988698376082883
2025,108,MIYAPUR,21-CHANDA NAGAR,SERILINGAMPALLY ZONE,0.17831064397512567
2025,41,KANCHANBAGH,8-CHANDRAYANGUTTA,CHARMINAR ZONE,0.2457074469897915
2025,7,CHILUKA NAGAR,2-UPPAL,L.B.NAGAR ZONE,0.17824694696556873
2025,9,RAMANTHAPUR,2-UPPAL,L.B.NAGAR ZONE,0.14748127420487456
2025,25,MOOSARAMBAGH,6-MALAKPET,CHARMINAR ZONE,0.1314606392594461
2025,BANDLA GUDA,,BANDLAGUDA,,0.1780473193431736
2025,28,AZAMPURA,6-MALAKPET,CHARMINAR ZONE,0.10444912617124011
2025,56,KISHAN BAGH,10-FALAKNUMA,CHARMINAR ZONE,0.13762207504388144
2025,52,PURANAPOOL,9-CHARMINAR,CHARMINAR ZONE,0.07523246350092379
2025,59,MAILARDEVPALLY,11-RAJENDRA NAGAR,CHARMINAR ZONE,0.17668194392598927
2025,46,FALAKNUMA,10-FALAKNUMA,CHARMINAR ZONE,0.11239730548243639
2025,61,ATTAPUR,11-RAJENDRA NAGAR,CHARMINAR ZONE,0.1295685684828625
2025,60,RAJENDRANAGAR,11-RAJENDRA NAGAR,CHARMINAR ZONE,0.23000761360790226
2025,49,GANSIBAZAR,9-CHARMINAR,CHARMINAR ZONE,0.103094015625868
2025,33,MOGHALPURA,9-CHARMINAR,CHARMINAR ZONE,0.08142199553507333
2025,47,NAWABSAHEBKUNTA,10-FALAKNUMA,CHARMINAR ZONE,0.09043071729066877
2025,58,SHASTRIPURAM,11-RAJENDRA NAGAR,CHARMINAR ZONE,0.12853757485842007
2025,54,JAHANUMA,10-FALAKNUMA,CHARMINAR ZONE,0.08828520204507632
2025,48,SHALIBANDA,9-CHARMINAR,CHARMINAR ZONE,0.0940148637477597
2025,53,DOODBOWLI,10-FALAKNUMA,CHARMINAR ZONE,0.10493331687172176
2025,55,RAMNASTPURA,10-FALAKNUMA,CHARMINAR ZONE,0.2839212047550363
2025,43,CHANDRAYANGUTTA,8-CHANDRAYANGUTTA,CHARMINAR ZONE,0.12976725114384416
2025,44,UPPUGUDA,8-CHANDRAYANGUTTA,CHARMINAR ZONE,0.08617698591318847
2025,35,GOWLIPURA,7-SANTOSH NAGAR,CHARMINAR ZONE,0.0845312784516229
2025,30,DABEERPURA,6-MALAKPET,CHARMINAR ZONE,0.10652955906653888
2025,32,PATHER GATTI,9-CHARMINAR,CHARMINAR ZONE,0.09057314843836568
2025,23,GADDIANNARAM,5-SAROOR NAGAR,L.B.NAGAR ZONE,0.09292905435583654
2025,24,SAIDABAD,6-MALAKPET,CHARMINAR ZONE,0.14174261720192233
2025,27,AKBERBAGH,6-MALAKPET,CHARMINAR ZONE,0.1500439154997102
2025,45,JANGAMMET,8-CHANDRAYANGUTTA,CHARMINAR ZONE,0.11582617486249097
2025,42,BARKAS,8-CHANDRAYANGUTTA,CHARMINAR ZONE,0.2041893475130174
2025,57,SULEMAN NAGAR,11-RAJENDRA NAGAR,CHARMINAR ZONE,0.15745532216271035
2025,74,AHMED NAGAR,12-MEDHDIPATNAM,KHAIRATHABAD ZONE,0.19048644977411447
2025,92,VENKATESHWARA COLONY,18-JUBILEE HILLS,KHAIRATHABAD ZONE,0.20479787630674376
2025,89,GANDHINAGAR,15-MUSHEERABAD,SECUNDERABAD ZONE,0.12384685311178387
2025,75,RED HILLS,12-MEDHDIPATNAM,KHAIRATHABAD ZONE,0.15366570616216238
2025,79,HIMAYATNAGAR,16-AMBERPET,SECUNDERABAD ZONE,0.10653395779661101
2025,88,BHOLAKPUR,15-MUSHEERABAD,SECUNDERABAD ZONE,0.10683189857830268
2025,86,MUSHEERABAD,15-MUSHEERABAD,SECUNDERABAD ZONE,0.11068490335847994
2025,85,ADIKMET,15-MUSHEERABAD,SECUNDERABAD ZONE,0.12563641081645094
2025,87,RAMNAGAR,15-MUSHEERABAD,SECUNDERABAD ZONE,0.13444756960823023
2025,90,KAVADIGUDA,15-MUSHEERABAD,SECUNDERABAD ZONE,0.20465079108910872
2025,93,BANJARA HILLS,18-JUBILEE HILLS,KHAIRATHABAD ZONE,0.15875670428250857
2025,91,KHAIRTABAD,17-KHAIRATABAD,KHAIRATHABAD ZONE,0.0686079353382186
2025,103,BORABANDA,19-YOUSUFGUDA,SERILINGAMPALLY ZONE,0.07612152666673382
2025,97,SOMAJIGUDA,17-KHAIRATABAD,KHAIRATHABAD ZONE,0.14219588008850745
2025,98,AMEERPET,17-KHAIRATABAD,KHAIRATHABAD ZONE,0.15667717826800528
2025,101,ERRAGADDA,19-YOUSUFGUDA,SERILINGAMPALLY ZONE,0.12264491284181231
2025,100,SANATH NAGAR,17-KHAIRATABAD,KHAIRATHABAD ZONE,0.14337817721504725
2025,99,VENGALRAO NAGAR,19-YOUSUFGUDA,SERILINGAMPALLY ZONE,0.1686127037441159
2025,102,RAHAMATH NAGAR,19-YOUSUFGUDA,SERILINGAMPALLY ZONE,0.08683812150761766
2025,6,NACHARAM,1-KAPRA,L.B.NAGAR ZONE,0.16706962962945407
2025,84,BAGH AMBERPET,16-AMBERPET,SECUNDERABAD ZONE,0.13013751330824266
2025,81,NALLAKUNTA,16-AMBERPET,SECUNDERABAD ZONE,0.11567237338336074
2025,80,KACHIGUDA(Barkathpura),16-AMBERPET,SECUNDERABAD ZONE,0.1167801083857413
2025,82,GOLNAKA,16-AMBERPET,SECUNDERABAD ZONE,0.16079501967561227
2025,83,AMBERPET,16-AMBERPET,SECUNDERABAD ZONE,0.1639788250317175
2025,51,GOSHA MAHAL,14-GOSHAMAHAL,KHAIRATHABAD ZONE,0.13666697276502504
2025,68,TOLICHOWKI,13-KARWAN,KHAIRATHABAD ZONE,0.22106480254217314
2025,67,GOLCONDA,13-KARWAN,KHAIRATHABAD ZONE,0.16912448049989653
2025,77,JAMBAGH(Nampally),14-GOSHAMAHAL,KHAIRATHABAD ZONE,0.1092704008958025
2025,63,MANGALHAT,14-GOSHAMAHAL,KHAIRATHABAD ZONE,0.13407907619790876
2025,71,GUDIMALKAPUR,12-MEDHDIPATNAM,KHAIRATHABAD ZONE,0.14780696608263336
2025,70,MEHDIPATNAM,12-MEDHDIPATNAM,KHAIRATHABAD ZONE,0.1071509531655855
2025,76,MALLEPALLY,12-MEDHDIPATNAM,KHAIRATHABAD ZONE,0.09483649447455081
2025,62,ZIAGUDA,13-KARWAN,KHAIRATHABAD ZONE,0.12582163057324328
2025,72,ASIF NAGAR,12-MEDHDIPATNAM,KHAIRATHABAD ZONE,0.09034533200263477
2025,73,VIJAYANAGAR COLONY,12-MEDHDIPATNAM,KHAIRATHABAD ZONE,0.13120135884414463
2025,5,MALLAPUR,1-KAPRA,L.B.NAGAR ZONE,0.18947942914141908
2025,3,CHERLAPALLY,1-KAPRA,L.B.NAGAR ZONE,0.1999128216759923
2025,96,YOUSUFGUDA,19-YOUSUFGUDA,SERILINGAMPALLY ZONE,0.1657955376052229
2025,95,JUBILEE HILLS,18-JUBILEE HILLS,KHAIRATHABAD ZONE,0.19820972810612733
2025,50,BEGUM BAZAR,14-GOSHAMAHAL,KHAIRATHABAD ZONE,0.11019123753895796
2025,78,GUNFOUNDRY(Abids),14-GOSHAMAHAL,KHAIRATHABAD ZONE,0.14524631222969414
2025,65,KARWAN,13-KARWAN,KHAIRATHABAD ZONE,0.12452454329751303
2025,2,DR.A.S.RAO NAGAR,1-KAPRA,L.B.NAGAR ZONE,0.1827112304855267
2025,4,MEERPET H.B.COLONY,1-KAPRA,L.B.NAGAR ZONE,0.16638261894972944
2025,1,KAPRA,1-KAPRA,L.B.NAGAR ZONE,0.1921507976366087
2025,94,SHAIKPET,18-JUBILEE HILLS,KHAIRATHABAD ZONE,0.12929235545054618
2025,64,DATTATHREYA NAGAR,14-GOSHAMAHAL,KHAIRATHABAD ZONE,0.09047139251233104
2025,69,NANALNAGAR,13-KARWAN,KHAIRATHABAD ZONE,0.21607133553094354
2026,127,RANGAREDDY NAGAR,25-QUTUBULLAPUR,KUKATPALLY ZONE,0.1385382800037762
2026,119,OLD BOWENPALLY,24-KUKATPALLY,KUKATPALLY ZONE,0.1342317477458984
2026,145,SEETHAPHALMANDI,29-SECUNDERABAD,SECUNDERABAD ZONE,0.08122274564049951
2026,146,BOUDHA NAGAR,29-SECUNDERABAD,SECUNDERABAD ZONE,0.07107217994722848
2026,147,BANSILALPET,30-BEGUMPET,SECUNDERABAD ZONE,0.1336020700234545
2026,144,METTUGUDA,29-SECUNDERABAD,SECUNDERABAD ZONE,0.1703009316490766
2026,148,RAMGOPALPET,30-BEGUMPET,SECUNDERABAD ZONE,0.1035382167380336
2026,150,MONDA  MARKET,30-BEGUMPET,SECUNDERABAD ZONE,0.11565163986019653
2026,136,NEREDMET,28-MALKAJGIRI,SECUNDERABAD ZONE,0.17742386142671104
2026,141,GOUTHAM NAGAR,28-MALKAJGIRI,SECUNDERABAD ZONE,0.11382725202108569
2026,140,MALKAJGIRI,28-MALKAJGIRI,SECUNDERABAD ZONE,0.13278321328922196
2026,139,EAST ANAND BAGH,28-MALKAJGIRI,SECUNDERABAD ZONE,0.14459746349197575
2026,142,ADDAGUTTA,29-SECUNDERABAD,SECUNDERABAD ZONE,0.150272371143884
2026,137,VINAYAK NAGAR,28-MALKAJGIRI,SECUNDERABAD ZONE,0.1305348949908983
2026,134,ALWAL,27-ALWAL,KUKATPALLY ZONE,0.15282443177563262
2026,132,JEEDIMETLA,25-QUTUBULLAPUR,KUKATPALLY ZONE,0.13857343899337865
2026,CONTONMENT AREA,,CANTONMENT AREA,,0.2600171423616242
2026,120,BALA NAGAR,24-KUKATPALLY,KUKATPALLY ZONE,0.2187090745164382
2026,130,SUBHASH NAGAR,25-QUTUBULLAPUR,KUKATPALLY ZONE,0.12378284765876449
2026,131,QUTHBULLAPUR,25-QUTUBULLAPUR,KUKATPALLY ZONE,0.15211529082481062
2026,121,KUKATPALLY,24-KUKATPALLY,KUKATPALLY ZONE,0.09921796509072854
2026,125,GAJULARAMARAM,26-GAJULARAMARAM,KUKATPALLY ZONE,0.13339437286616826
2026,124,ALLYWN COLONY,24-KUKATPALLY,KUKATPALLY ZONE,0.1100767900179778
2026,114,K.P.H.B.COLONY,23-MOOSAPET,KUKATPALLY ZONE,0.1504729065901243
2026,116,ALLAPUR,23-MOOSAPET,KUKATPALLY ZONE,0.11062539650715225
2026,115,BALAJI NAGAR,23-MOOSAPET,KUKATPALLY ZONE,0.16394747026428438
2026,117,MOOSAPET,23-MOOSAPET,KUKATPALLY ZONE,0.09644707539001841
2026,105,GACHIBOWLI,20-SERILINGAMPALLY,SERILINGAMPALLY ZONE,0.1708043163049564
2026,110,CHANDANAGAR,21-CHANDA NAGAR,SERILINGAMPALLY ZONE,0.14406422978612654
2026,111,BHARATHI NAGAR,22-RAMACHANDRAPURAM & PATANCHERUVU,SERILINGAMPALLY ZONE,0.1605146874925995
2026,106,SERILINGAMPALLY,20-SERILINGAMPALLY,SERILINGAMPALLY ZONE,0.1626386660435877
2026,104,KONDAPUR,20-SERILINGAMPALLY,SERILINGAMPALLY ZONE,0.12518491087303948
2026,109,HAFEEZPET,21-CHANDA NAGAR,SERILINGAMPALLY ZONE,0.11274558393495335
2026,118,FATEH NAGAR,23-MOOSAPET,KUKATPALLY ZONE,0.1107172590198612
2026,143,TARNAKA,29-SECUNDERABAD,SECUNDERABAD ZONE,0.14736665709389285
2026,8,HABSIGUDA,2-UPPAL,L.B.NAGAR ZONE,0.1786399056013075
2026,40,RIYASATNAGAR,8-CHANDRAYANGUTTA,CHARMINAR ZONE,0.08146394438459255
2026,36,LALITHABAGH,8-CHANDRAYANGUTTA,CHARMINAR ZONE,0.07466897220297325
2026,34,TALABCHANCHALAM,7-SANTOSH NAGAR,CHARMINAR ZONE,0.04127906582705679
2026,22,CHAITHANYAPURI,5-SAROOR NAGAR,L.B.NAGAR ZONE,0.1197418589464725
2026,37,KURMAGUDA,7-SANTOSH NAGAR,CHARMINAR ZONE,0.07859051868162654
2026,31,REIN BAZAR,7-SANTOSH NAGAR,CHARMINAR ZONE,0.056678497871282894
2026,29,CHAWANI,6-MALAKPET,CHARMINAR ZONE,0.08756054149623284
2026,38,I.S.SADAN,7-SANTOSH NAGAR,CHARMINAR ZONE,0.11500197546631698
2026,18,LINGOJIGUDA,4-LB. NAGAR,L.B.NAGAR ZONE,0.08759300829453535
2026,16,HASTHINAPURAM,4-LB. NAGAR,L.B.NAGAR ZONE,0.10775306645963995
2026,20,R.K.PURAM,5-SAROOR NAGAR,L.B.NAGAR ZONE,0.09510036981916457
2026,19,SAROORNAGAR,5-SAROOR NAGAR,L.B.NAGAR ZONE,0.10140211374672463
2026,14,B.N.REDDY NAGAR,3-HAYAT NAGAR,L.B.NAGAR ZONE,0.16895990594386995
2026,12,MANSOORABAD,3-HAYAT NAGAR,L.B.NAGAR ZONE,0.14984036286602395
2026,21,KOTHAPET,5-SAROOR NAGAR,L.B.NAGAR ZONE,0.10514658675150937
2026,11,NAGOLE,3-HAYAT NAGAR,L.B.NAGAR ZONE,0.15447769761256017
2026,10,UPPAL,2-UPPAL,L.B.NAGAR ZONE,0.13176234041439938
2026,GRAMPANCHAYAT PEERZADI GUDA,,GRAMPANCHAYAT PEERZADIGUDA,,0.09792489371293303
2026,KALAVANCHA GRAM PANCHAYATH,,KALAVANCHA GRAMPANCHAYATH,,0.10994838803005892
2026,13,HAYATHNAGAR,3-HAYAT NAGAR,L.B.NAGAR ZONE,0.15980840610846533
2026,15,VANASTHALIPURAM,4-LB. NAGAR,L.B.NAGAR ZONE,0.10589304356013679
2026,26,OLD MALAKPET,6-MALAKPET,CHARMINAR ZONE,0.130154775423977
2026,17,CHAMPAPET,4-LB. NAGAR,L.B.NAGAR ZONE,0.08764441612633092
2026,39,SANTOSH NAGAR,7-SANTOSH NAGAR,CHARMINAR ZONE,0.09230383964080763
2026,66,LUNGER HOUSE,13-KARWAN,KHAIRATHABAD ZONE,0.20531581035218507
2026,112,RAMACHANDRAPURAM,22-RAMACHANDRAPURAM & PATANCHERUVU,SERILINGAMPALLY ZONE,0.12187789909093047
2026,128,CHINTAL,26-GAJULARAMARAM,KUKATPALLY ZONE,0.2216631232187728
2026,126,JAGADGIRI GUTTA,26-GAJULARAMARAM,KUKATPALLY ZONE,0.12044314508520025
2026,129,SURARAM,26-GAJULARAMARAM,KUKATPALLY ZONE,0.15740095062766357
2026,133,MACHABOLARUM,27-ALWAL,KUKATPALLY ZONE,0.16181648160592768
2026,138,MOULA-ALI,28-MALKAJGIRI,SECUNDERABAD ZONE,0.10400275608687397
2026,107,MADHAPUR,21-CHANDA NAGAR,SERILINGAMPALLY ZONE,0.11923815275428261
2026,OU,,OU,,0.23181879224106391
2026,149,BEGUMPET,30-BEGUMPET,SECUNDERABAD ZONE,0.16438260568708746
2026,135,VENKATAPURAM,27-ALWAL,KUKATPALLY ZONE,0.1340540503318038
2026,123,HYDER NAGAR,24-KUKATPALLY,KUKATPALLY ZONE,0.1295128735711311
2026,122,VIVEKANANDA NAGAR COLONY,24-KUKATPALLY,KUKATPALLY ZONE,0.09940899437151884
2026,113,PATANCHERUVU,22-RAMACHANDRAPURAM & PATANCHERUVU,SERILINGAMPALLY ZONE,0.16903282816337759
2026,108,MIYAPUR,21-CHANDA NAGAR,SERILINGAMPALLY ZONE,0.15445474764334918
2026,41,KANCHANBAGH,8-CHANDRAYANGUTTA,CHARMINAR ZONE,0.20205723603263573
2026,7,CHILUKA NAGAR,2-UPPAL,L.B.NAGAR ZONE,0.15113635652314614
2026,9,RAMANTHAPUR,2-UPPAL,L.B.NAGAR ZONE,0.12380590930214061
2026,25,MOOSARAMBAGH,6-MALAKPET,CHARMINAR ZONE,0.1157234428012795
2026,BANDLA GUDA,,BANDLAGUDA,,0.149881967957567
2026,28,AZAMPURA,6-MALAKPET,CHARMINAR ZONE,0.08893364331868832
2026,56,KISHAN BAGH,10-FALAKNUMA,CHARMINAR ZONE,0.12797880790112026
2026,52,PURANAPOOL,9-CHARMINAR,CHARMINAR ZONE,0.07085441636906673
2026,59,MAILARDEVPALLY,11-RAJENDRA NAGAR,CHARMINAR ZONE,0.15131036461658942
2026,46,FALAKNUMA,10-FALAKNUMA,CHARMINAR ZONE,0.09530404540804306
2026,61,ATTAPUR,11-RAJENDRA NAGAR,CHARMINAR ZONE,0.12049132168820269
2026,60,RAJENDRANAGAR,11-RAJENDRA NAGAR,CHARMINAR ZONE,0.20763534846916207
2026,49,GANSIBAZAR,9-CHARMINAR,CHARMINAR ZONE,0.09640656530817063
2026,33,MOGHALPURA,9-CHARMINAR,CHARMINAR ZONE,0.07152727726612776
2026,47,NAWABSAHEBKUNTA,10-FALAKNUMA,CHARMINAR ZONE,0.08145459732475867
2026,58,SHASTRIPURAM,11-RAJENDRA NAGAR,CHARMINAR ZONE,0.11316523129660964
2026,54,JAHANUMA,10-FALAKNUMA,CHARMINAR ZONE,0.08086168190409178
2026,48,SHALIBANDA,9-CHARMINAR,CHARMINAR ZONE,0.08311587565089217
2026,53,DOODBOWLI,10-FALAKNUMA,CHARMINAR ZONE,0.09329755081811422
2026,55,RAMNASTPURA,10-FALAKNUMA,CHARMINAR ZONE,0.31806093608218905
2026,43,CHANDRAYANGUTTA,8-CHANDRAYANGUTTA,CHARMINAR ZONE,0.10974525304654939
2026,44,UPPUGUDA,8-CHANDRAYANGUTTA,CHARMINAR ZONE,0.07220498093906208
2026,35,GOWLIPURA,7-SANTOSH NAGAR,CHARMINAR ZONE,0.07148448371190709
2026,30,DABEERPURA,6-MALAKPET,CHARMINAR ZONE,0.09125495048227744
2026,32,PATHER GATTI,9-CHARMINAR,CHARMINAR ZONE,0.0827211474361216
2026,23,GADDIANNARAM,5-SAROOR NAGAR,L.B.NAGAR ZONE,0.07975208154357073
2026,24,SAIDABAD,6-MALAKPET,CHARMINAR ZONE,0.1260628128219055
2026,27,AKBERBAGH,6-MALAKPET,CHARMINAR ZONE,0.1296725731863574
2026,45,JANGAMMET,8-CHANDRAYANGUTTA,CHARMINAR ZONE,0.09660062183439518
2026,42,BARKAS,8-CHANDRAYANGUTTA,CHARMINAR ZONE,0.17224880086510005
2026,57,SULEMAN NAGAR,11-RAJENDRA NAGAR,CHARMINAR ZONE,0.14799569795740963
2026,74,AHMED NAGAR,12-MEDHDIPATNAM,KHAIRATHABAD ZONE,0.16362141235189293
2026,92,VENKATESHWARA COLONY,18-JUBILEE HILLS,KHAIRATHABAD ZONE,0.16695456162609593
2026,89,GANDHINAGAR,15-MUSHEERABAD,SECUNDERABAD ZONE,0.10987597265733531
2026,75,RED HILLS,12-MEDHDIPATNAM,KHAIRATHABAD ZONE,0.1325413233111044
2026,79,HIMAYATNAGAR,16-AMBERPET,SECUNDERABAD ZONE,0.09466708789377867
2026,88,BHOLAKPUR,15-MUSHEERABAD,SECUNDERABAD ZONE,0.09148977715493517
2026,86,MUSHEERABAD,15-MUSHEERABAD,SECUNDERABAD ZONE,0.08767649911216299
2026,85,ADIKMET,15-MUSHEERABAD,SECUNDERABAD ZONE,0.10546321162179395
2026,87,RAMNAGAR,15-MUSHEERABAD,SECUNDERABAD ZONE,0.11260602025795291
2026,90,KAVADIGUDA,15-MUSHEERABAD,SECUNDERABAD ZONE,0.17432236051216612
2026,93,BANJARA HILLS,18-JUBILEE HILLS,KHAIRATHABAD ZONE,0.13997489585133144
2026,91,KHAIRTABAD,17-KHAIRATABAD,KHAIRATHABAD ZONE,0.05900095518447956
2026,103,BORABANDA,19-YOUSUFGUDA,SERILINGAMPALLY ZONE,0.0734306346464167
2026,97,SOMAJIGUDA,17-KHAIRATABAD,KHAIRATHABAD ZONE,0.1220540945339909
2026,98,AMEERPET,17-KHAIRATABAD,KHAIRATHABAD ZONE,0.13576681135665455
2026,101,ERRAGADDA,19-YOUSUFGUDA,SERILINGAMPALLY ZONE,0.10539945330822874
2026,100,SANATH NAGAR,17-KHAIRATABAD,KHAIRATHABAD ZONE,0.12939188770458065
2026,99,VENGALRAO NAGAR,19-YOUSUFGUDA,SERILINGAMPALLY ZONE,0.1501152739422466
2026,102,RAHAMATH NAGAR,19-YOUSUFGUDA,SERILINGAMPALLY ZONE,0.08102367043590142
2026,6,NACHARAM,1-KAPRA,L.B.NAGAR ZONE,0.17169855963065545
2026,84,BAGH AMBERPET,16-AMBERPET,SECUNDERABAD ZONE,0.11203888029664945
2026,81,NALLAKUNTA,16-AMBERPET,SECUNDERABAD ZONE,0.10040761043591054
2026,80,KACHIGUDA(Barkathpura),16-AMBERPET,SECUNDERABAD ZONE,0.10091017487179378
2026,82,GOLNAKA,16-AMBERPET,SECUNDERABAD ZONE,0.13652956993685025
2026,83,AMBERPET,16-AMBERPET,SECUNDERABAD ZONE,0.1310273268554295
2026,51,GOSHA MAHAL,14-GOSHAMAHAL,KHAIRATHABAD ZONE,0.10688062523325967
2026,68,TOLICHOWKI,13-KARWAN,KHAIRATHABAD ZONE,0.1852974510550656
2026,67,GOLCONDA,13-KARWAN,KHAIRATHABAD ZONE,0.14445518442314167
2026,77,JAMBAGH(Nampally),14-GOSHAMAHAL,KHAIRATHABAD ZONE,0.09114945682230823
2026,63,MANGALHAT,14-GOSHAMAHAL,KHAIRATHABAD ZONE,0.11021352637638496
2026,71,GUDIMALKAPUR,12-MEDHDIPATNAM,KHAIRATHABAD ZONE,0.12988080033919383
2026,70,MEHDIPATNAM,12-MEDHDIPATNAM,KHAIRATHABAD ZONE,0.09896574999115286
2026,76,MALLEPALLY,12-MEDHDIPATNAM,KHAIRATHABAD ZONE,0.08397953272458811
2026,62,ZIAGUDA,13-KARWAN,KHAIRATHABAD ZONE,0.10925223056408623
2026,72,ASIF NAGAR,12-MEDHDIPATNAM,KHAIRATHABAD ZONE,0.07932684484179255
2026,73,VIJAYANAGAR COLONY,12-MEDHDIPATNAM,KHAIRATHABAD ZONE,0.11532630355703052
2026,5,MALLAPUR,1-KAPRA,L.B.NAGAR ZONE,0.14790959134483767
2026,3,CHERLAPALLY,1-KAPRA,L.B.NAGAR ZONE,0.15939622037456627
2026,96,YOUSUFGUDA,19-YOUSUFGUDA,SERILINGAMPALLY ZONE,0.1415244812317417
2026,95,JUBILEE HILLS,18-JUBILEE HILLS,KHAIRATHABAD ZONE,0.17877538422415684
2026,50,BEGUM BAZAR,14-GOSHAMAHAL,KHAIRATHABAD ZONE,0.0977159495536253
2026,78,GUNFOUNDRY(Abids),14-GOSHAMAHAL,KHAIRATHABAD ZONE,0.12287988476301133
2026,65,KARWAN,13-KARWAN,KHAIRATHABAD ZONE,0.10839711128993688
2026,2,DR.A.S.RAO NAGAR,1-KAPRA,L.B.NAGAR ZONE,0.1519172062871672
2026,4,MEERPET H.B.COLONY,1-KAPRA,L.B.NAGAR ZONE,0.13614338273846552
2026,1,KAPRA,1-KAPRA,L.B.NAGAR ZONE,0.1637491781001705
2026,94,SHAIKPET,18-JUBILEE HILLS,KHAIRATHABAD ZONE,0.11980313372605944
2026,64,DATTATHREYA NAGAR,14-GOSHAMAHAL,KHAIRATHABAD ZONE,0.07773770038011821
2026,69,NANALNAGAR,13-KARWAN,KHAIRATHABAD ZONE,0.18259221733793818
